run_id,pid,role,file,reads,bytes_read,opens,seeks,stats,max_byte_read,read_time,meta_time,hist_total,mean_read_size,frac_reads_lt_10k,0_100,100_1K,1K_10K,10K_100K,100K_1M,1M_4M,4M_10M,10M_100M,100M_1G,1G_PLUS
747016,747016,parent,/pscratch/sd/s/satt/sprints/a_star_campaign/npz/npz_tr.py,10,282655,5,13,19,105482,0.002755880355834961,0.0014874935150146484,10,28265.5,0.5,5,0,0,3,2,0,0,0,0,0
747016,747016,parent,/pscratch/sd/s/satt/sprints/data/converted_10M/mc_normalized_rntuple_10M.npz,195,804194982,1,3068,1,800000489,0.3981151580810547,0.005044698715209961,195,4124076.8307692306,0.015384615384615385,2,1,0,0,0,192,0,0,0,0
747016,747095,worker,/pscratch/sd/s/satt/sprints/a_star_campaign/npz/npz_tr.py,0,0,0,0,3,0,0.0,5.9604644775390625e-05,0,,,0,0,0,0,0,0,0,0,0,0
747016,747096,worker,/pscratch/sd/s/satt/sprints/a_star_campaign/npz/npz_tr.py,0,0,0,0,3,0,0.0,8.058547973632812e-05,0,,,0,0,0,0,0,0,0,0,0,0
747016,747097,worker,/pscratch/sd/s/satt/sprints/a_star_campaign/npz/npz_tr.py,0,0,0,0,3,0,0.0,8.511543273925781e-05,0,,,0,0,0,0,0,0,0,0,0,0
747016,747098,worker,/pscratch/sd/s/satt/sprints/a_star_campaign/npz/npz_tr.py,0,0,0,0,3,0,0.0,7.677078247070312e-05,0,,,0,0,0,0,0,0,0,0,0,0
747016,747099,worker,/pscratch/sd/s/satt/sprints/a_star_campaign/npz/npz_tr.py,0,0,0,0,3,0,0.0,8.153915405273438e-05,0,,,0,0,0,0,0,0,0,0,0,0
747016,747100,worker,/pscratch/sd/s/satt/sprints/a_star_campaign/npz/npz_tr.py,0,0,0,0,3,0,0.0,8.559226989746094e-05,0,,,0,0,0,0,0,0,0,0,0,0
747016,747101,worker,/pscratch/sd/s/satt/sprints/a_star_campaign/npz/npz_tr.py,0,0,0,0,3,0,0.0,5.53131103515625e-05,0,,,0,0,0,0,0,0,0,0,0,0
747016,747102,worker,/pscratch/sd/s/satt/sprints/a_star_campaign/npz/npz_tr.py,0,0,0,0,3,0,0.0,6.604194641113281e-05,0,,,0,0,0,0,0,0,0,0,0,0
747016,747103,worker,/pscratch/sd/s/satt/sprints/a_star_campaign/npz/npz_tr.py,0,0,0,0,3,0,0.0,5.555152893066406e-05,0,,,0,0,0,0,0,0,0,0,0,0
747016,747104,worker,/pscratch/sd/s/satt/sprints/a_star_campaign/npz/npz_tr.py,0,0,0,0,3,0,0.0,5.745887756347656e-05,0,,,0,0,0,0,0,0,0,0,0,0
747016,747105,worker,/pscratch/sd/s/satt/sprints/a_star_campaign/npz/npz_tr.py,0,0,0,0,3,0,0.0,5.2928924560546875e-05,0,,,0,0,0,0,0,0,0,0,0,0
747016,747106,worker,/pscratch/sd/s/satt/sprints/a_star_campaign/npz/npz_tr.py,0,0,0,0,3,0,0.0,5.340576171875e-05,0,,,0,0,0,0,0,0,0,0,0,0
747016,747107,worker,/pscratch/sd/s/satt/sprints/a_star_campaign/npz/npz_tr.py,0,0,0,0,3,0,0.0,6.699562072753906e-05,0,,,0,0,0,0,0,0,0,0,0,0
747016,747108,worker,/pscratch/sd/s/satt/sprints/a_star_campaign/npz/npz_tr.py,0,0,0,0,3,0,0.0,5.6743621826171875e-05,0,,,0,0,0,0,0,0,0,0,0,0
747016,747109,worker,/pscratch/sd/s/satt/sprints/a_star_campaign/npz/npz_tr.py,0,0,0,0,3,0,0.0,5.5789947509765625e-05,0,,,0,0,0,0,0,0,0,0,0,0
747016,747110,worker,/pscratch/sd/s/satt/sprints/a_star_campaign/npz/npz_tr.py,0,0,0,0,3,0,0.0,5.602836608886719e-05,0,,,0,0,0,0,0,0,0,0,0,0
747016,747111,worker,/pscratch/sd/s/satt/sprints/a_star_campaign/npz/npz_tr.py,0,0,0,0,3,0,0.0,7.867813110351562e-05,0,,,0,0,0,0,0,0,0,0,0,0
747016,747112,worker,/pscratch/sd/s/satt/sprints/a_star_campaign/npz/npz_tr.py,0,0,0,0,3,0,0.0,5.364418029785156e-05,0,,,0,0,0,0,0,0,0,0,0,0
747016,747113,worker,/pscratch/sd/s/satt/sprints/a_star_campaign/npz/npz_tr.py,0,0,0,0,3,0,0.0,5.269050598144531e-05,0,,,0,0,0,0,0,0,0,0,0,0
747016,747114,worker,/pscratch/sd/s/satt/sprints/a_star_campaign/npz/npz_tr.py,0,0,0,0,3,0,0.0,5.125999450683594e-05,0,,,0,0,0,0,0,0,0,0,0,0
747016,747115,worker,/pscratch/sd/s/satt/sprints/a_star_campaign/npz/npz_tr.py,0,0,0,0,3,0,0.0,5.0067901611328125e-05,0,,,0,0,0,0,0,0,0,0,0,0
747016,747116,worker,/pscratch/sd/s/satt/sprints/a_star_campaign/npz/npz_tr.py,0,0,0,0,3,0,0.0,5.412101745605469e-05,0,,,0,0,0,0,0,0,0,0,0,0
747016,747117,worker,/pscratch/sd/s/satt/sprints/a_star_campaign/npz/npz_tr.py,0,0,0,0,3,0,0.0,5.6743621826171875e-05,0,,,0,0,0,0,0,0,0,0,0,0
747016,747118,worker,/pscratch/sd/s/satt/sprints/a_star_campaign/npz/npz_tr.py,0,0,0,0,3,0,0.0,5.459785461425781e-05,0,,,0,0,0,0,0,0,0,0,0,0
747016,747119,worker,/pscratch/sd/s/satt/sprints/a_star_campaign/npz/npz_tr.py,0,0,0,0,3,0,0.0,6.67572021484375e-05,0,,,0,0,0,0,0,0,0,0,0,0
747016,747120,worker,/pscratch/sd/s/satt/sprints/a_star_campaign/npz/npz_tr.py,0,0,0,0,3,0,0.0,6.604194641113281e-05,0,,,0,0,0,0,0,0,0,0,0,0
747016,747121,worker,/pscratch/sd/s/satt/sprints/a_star_campaign/npz/npz_tr.py,0,0,0,0,3,0,0.0,6.103515625e-05,0,,,0,0,0,0,0,0,0,0,0,0
747016,747122,worker,/pscratch/sd/s/satt/sprints/a_star_campaign/npz/npz_tr.py,0,0,0,0,3,0,0.0,5.53131103515625e-05,0,,,0,0,0,0,0,0,0,0,0,0
747016,747123,worker,/pscratch/sd/s/satt/sprints/a_star_campaign/npz/npz_tr.py,0,0,0,0,3,0,0.0,5.3882598876953125e-05,0,,,0,0,0,0,0,0,0,0,0,0
747016,747124,worker,/pscratch/sd/s/satt/sprints/a_star_campaign/npz/npz_tr.py,0,0,0,0,3,0,0.0,5.245208740234375e-05,0,,,0,0,0,0,0,0,0,0,0,0
747016,747125,worker,/pscratch/sd/s/satt/sprints/a_star_campaign/npz/npz_tr.py,0,0,0,0,3,0,0.0,5.4836273193359375e-05,0,,,0,0,0,0,0,0,0,0,0,0
747016,747126,worker,/pscratch/sd/s/satt/sprints/a_star_campaign/npz/npz_tr.py,0,0,0,0,3,0,0.0,5.7220458984375e-05,0,,,0,0,0,0,0,0,0,0,0,0
747016,747127,worker,/pscratch/sd/s/satt/sprints/a_star_campaign/npz/npz_tr.py,0,0,0,0,3,0,0.0,5.3882598876953125e-05,0,,,0,0,0,0,0,0,0,0,0,0
747016,747128,worker,/pscratch/sd/s/satt/sprints/a_star_campaign/npz/npz_tr.py,0,0,0,0,3,0,0.0,5.1021575927734375e-05,0,,,0,0,0,0,0,0,0,0,0,0
747016,747129,worker,/pscratch/sd/s/satt/sprints/a_star_campaign/npz/npz_tr.py,0,0,0,0,3,0,0.0,6.127357482910156e-05,0,,,0,0,0,0,0,0,0,0,0,0
747016,747130,worker,/pscratch/sd/s/satt/sprints/a_star_campaign/npz/npz_tr.py,0,0,0,0,3,0,0.0,5.888938903808594e-05,0,,,0,0,0,0,0,0,0,0,0,0
747016,747131,worker,/pscratch/sd/s/satt/sprints/a_star_campaign/npz/npz_tr.py,0,0,0,0,3,0,0.0,5.340576171875e-05,0,,,0,0,0,0,0,0,0,0,0,0
747016,747132,worker,/pscratch/sd/s/satt/sprints/a_star_campaign/npz/npz_tr.py,0,0,0,0,3,0,0.0,5.2928924560546875e-05,0,,,0,0,0,0,0,0,0,0,0,0
747016,747133,worker,/pscratch/sd/s/satt/sprints/a_star_campaign/npz/npz_tr.py,0,0,0,0,3,0,0.0,5.0067901611328125e-05,0,,,0,0,0,0,0,0,0,0,0,0
747016,747134,worker,/pscratch/sd/s/satt/sprints/a_star_campaign/npz/npz_tr.py,0,0,0,0,3,0,0.0,5.078315734863281e-05,0,,,0,0,0,0,0,0,0,0,0,0
747016,747135,worker,/pscratch/sd/s/satt/sprints/a_star_campaign/npz/npz_tr.py,0,0,0,0,3,0,0.0,5.507469177246094e-05,0,,,0,0,0,0,0,0,0,0,0,0
747016,747136,worker,/pscratch/sd/s/satt/sprints/a_star_campaign/npz/npz_tr.py,0,0,0,0,3,0,0.0,5.3882598876953125e-05,0,,,0,0,0,0,0,0,0,0,0,0
747016,747137,worker,/pscratch/sd/s/satt/sprints/a_star_campaign/npz/npz_tr.py,0,0,0,0,3,0,0.0,5.650520324707031e-05,0,,,0,0,0,0,0,0,0,0,0,0
747016,747138,worker,/pscratch/sd/s/satt/sprints/a_star_campaign/npz/npz_tr.py,0,0,0,0,3,0,0.0,5.2928924560546875e-05,0,,,0,0,0,0,0,0,0,0,0,0
747016,747139,worker,/pscratch/sd/s/satt/sprints/a_star_campaign/npz/npz_tr.py,0,0,0,0,3,0,0.0,5.936622619628906e-05,0,,,0,0,0,0,0,0,0,0,0,0
747016,747140,worker,/pscratch/sd/s/satt/sprints/a_star_campaign/npz/npz_tr.py,0,0,0,0,3,0,0.0,5.507469177246094e-05,0,,,0,0,0,0,0,0,0,0,0,0
747016,747141,worker,/pscratch/sd/s/satt/sprints/a_star_campaign/npz/npz_tr.py,0,0,0,0,3,0,0.0,6.0558319091796875e-05,0,,,0,0,0,0,0,0,0,0,0,0
747016,747142,worker,/pscratch/sd/s/satt/sprints/a_star_campaign/npz/npz_tr.py,0,0,0,0,3,0,0.0,5.4836273193359375e-05,0,,,0,0,0,0,0,0,0,0,0,0
747016,747143,worker,/pscratch/sd/s/satt/sprints/a_star_campaign/npz/npz_tr.py,0,0,0,0,3,0,0.0,5.4836273193359375e-05,0,,,0,0,0,0,0,0,0,0,0,0
747016,747144,worker,/pscratch/sd/s/satt/sprints/a_star_campaign/npz/npz_tr.py,0,0,0,0,3,0,0.0,5.745887756347656e-05,0,,,0,0,0,0,0,0,0,0,0,0
747016,747145,worker,/pscratch/sd/s/satt/sprints/a_star_campaign/npz/npz_tr.py,0,0,0,0,3,0,0.0,5.3882598876953125e-05,0,,,0,0,0,0,0,0,0,0,0,0
747016,747146,worker,/pscratch/sd/s/satt/sprints/a_star_campaign/npz/npz_tr.py,0,0,0,0,3,0,0.0,5.245208740234375e-05,0,,,0,0,0,0,0,0,0,0,0,0
747016,747147,worker,/pscratch/sd/s/satt/sprints/a_star_campaign/npz/npz_tr.py,0,0,0,0,3,0,0.0,5.698204040527344e-05,0,,,0,0,0,0,0,0,0,0,0,0
747016,747148,worker,/pscratch/sd/s/satt/sprints/a_star_campaign/npz/npz_tr.py,0,0,0,0,3,0,0.0,5.650520324707031e-05,0,,,0,0,0,0,0,0,0,0,0,0
747016,747149,worker,/pscratch/sd/s/satt/sprints/a_star_campaign/npz/npz_tr.py,0,0,0,0,3,0,0.0,6.222724914550781e-05,0,,,0,0,0,0,0,0,0,0,0,0
747016,747150,worker,/pscratch/sd/s/satt/sprints/a_star_campaign/npz/npz_tr.py,0,0,0,0,3,0,0.0,5.650520324707031e-05,0,,,0,0,0,0,0,0,0,0,0,0
747016,747151,worker,/pscratch/sd/s/satt/sprints/a_star_campaign/npz/npz_tr.py,0,0,0,0,3,0,0.0,6.246566772460938e-05,0,,,0,0,0,0,0,0,0,0,0,0
747016,747152,worker,/pscratch/sd/s/satt/sprints/a_star_campaign/npz/npz_tr.py,0,0,0,0,3,0,0.0,5.626678466796875e-05,0,,,0,0,0,0,0,0,0,0,0,0
747016,747153,worker,/pscratch/sd/s/satt/sprints/a_star_campaign/npz/npz_tr.py,0,0,0,0,3,0,0.0,5.2928924560546875e-05,0,,,0,0,0,0,0,0,0,0,0,0
747016,747154,worker,/pscratch/sd/s/satt/sprints/a_star_campaign/npz/npz_tr.py,0,0,0,0,3,0,0.0,5.6743621826171875e-05,0,,,0,0,0,0,0,0,0,0,0,0
747016,747155,worker,/pscratch/sd/s/satt/sprints/a_star_campaign/npz/npz_tr.py,0,0,0,0,3,0,0.0,5.8650970458984375e-05,0,,,0,0,0,0,0,0,0,0,0,0
747016,747156,worker,/pscratch/sd/s/satt/sprints/a_star_campaign/npz/npz_tr.py,0,0,0,0,3,0,0.0,7.271766662597656e-05,0,,,0,0,0,0,0,0,0,0,0,0
747016,747157,worker,/pscratch/sd/s/satt/sprints/a_star_campaign/npz/npz_tr.py,0,0,0,0,3,0,0.0,5.245208740234375e-05,0,,,0,0,0,0,0,0,0,0,0,0
747016,747158,worker,/pscratch/sd/s/satt/sprints/a_star_campaign/npz/npz_tr.py,0,0,0,0,3,0,0.0,5.316734313964844e-05,0,,,0,0,0,0,0,0,0,0,0,0
