run_id,pid,role,file,reads,bytes_read,read_time,run_time,effective_read_bandwidth_MBps,read_time_per_runtime,read_time_pct_runtime
1182557,1182557,parent,/pscratch/sd/s/satt/sprints/a_star_campaign/h5/h5_tr_209.py,10,204479,0.0006012916564941406,342.4354519844055,340.0662520285488,1.755927001744911e-06,0.0001755927001744911
1182557,1182557,parent,/pscratch/sd/s/satt/sprints/data/converted_10M/mc_normalized_rntuple_10M_29.h5,17,5536,0.0007636547088623047,342.4354519844055,7.24934965469872,2.2300690668473238e-06,0.00022300690668473235
1182557,1182580,worker,/pscratch/sd/s/satt/sprints/a_star_campaign/h5/h5_tr_209.py,0,0,0.0,334.82116866111755,,0.0,0.0
1182557,1182580,worker,/pscratch/sd/s/satt/sprints/data/converted_10M/mc_normalized_rntuple_10M_29.h5,19,3507568,0.11640620231628418,334.82116866111755,30.13214012832135,0.00034766679413302675,0.03476667941330267
1182557,1182581,worker,/pscratch/sd/s/satt/sprints/a_star_campaign/h5/h5_tr_209.py,0,0,0.0,334.83309149742126,,0.0,0.0
1182557,1182581,worker,/pscratch/sd/s/satt/sprints/data/converted_10M/mc_normalized_rntuple_10M_29.h5,21,4672608,0.1647937297821045,334.83309149742126,28.35428269132734,0.0004921667958358699,0.049216679583587
1182557,1182582,worker,/pscratch/sd/s/satt/sprints/a_star_campaign/h5/h5_tr_209.py,0,0,0.0,334.80540680885315,,0.0,0.0
1182557,1182582,worker,/pscratch/sd/s/satt/sprints/data/converted_10M/mc_normalized_rntuple_10M_29.h5,21,4672608,0.18547821044921875,334.80540680885315,25.192220631648226,0.0005539880977941071,0.05539880977941071
1182557,1182583,worker,/pscratch/sd/s/satt/sprints/a_star_campaign/h5/h5_tr_209.py,0,0,0.0,334.8036439418793,,0.0,0.0
1182557,1182583,worker,/pscratch/sd/s/satt/sprints/data/converted_10M/mc_normalized_rntuple_10M_29.h5,19,3507568,0.14672231674194336,334.8036439418793,23.906165591490385,0.0004382339302358783,0.04382339302358783
1182557,1182584,worker,/pscratch/sd/s/satt/sprints/a_star_campaign/h5/h5_tr_209.py,0,0,0.0,334.7948536872864,,0.0,0.0
1182557,1182584,worker,/pscratch/sd/s/satt/sprints/data/converted_10M/mc_normalized_rntuple_10M_29.h5,21,4672608,0.1855924129486084,334.7948536872864,25.176718841916625,0.000554346672012946,0.055434667201294606
1182557,1182585,worker,/pscratch/sd/s/satt/sprints/a_star_campaign/h5/h5_tr_209.py,0,0,0.0,334.79608702659607,,0.0,0.0
1182557,1182585,worker,/pscratch/sd/s/satt/sprints/data/converted_10M/mc_normalized_rntuple_10M_29.h5,21,4672608,0.12423849105834961,334.79608702659607,37.60998672951905,0.0003710870463324147,0.03710870463324147
1182557,1182586,worker,/pscratch/sd/s/satt/sprints/a_star_campaign/h5/h5_tr_209.py,0,0,0.0,334.7851445674896,,0.0,0.0
1182557,1182586,worker,/pscratch/sd/s/satt/sprints/data/converted_10M/mc_normalized_rntuple_10M_29.h5,19,3507568,0.14388680458068848,334.7851445674896,24.377273581282672,0.00042978849843106526,0.04297884984310653
1182557,1182587,worker,/pscratch/sd/s/satt/sprints/a_star_campaign/h5/h5_tr_209.py,0,0,0.0,334.7832794189453,,0.0,0.0
1182557,1182587,worker,/pscratch/sd/s/satt/sprints/data/converted_10M/mc_normalized_rntuple_10M_29.h5,21,4672608,0.13723254203796387,334.7832794189453,34.04883368485133,0.0004099145640611044,0.04099145640611044
1182557,1182588,worker,/pscratch/sd/s/satt/sprints/a_star_campaign/h5/h5_tr_209.py,0,0,0.0,334.77192902565,,0.0,0.0
1182557,1182588,worker,/pscratch/sd/s/satt/sprints/data/converted_10M/mc_normalized_rntuple_10M_29.h5,21,4672608,0.011993169784545898,334.77192902565,389.60575760555037,3.5824896727308905e-05,0.0035824896727308904
1182557,1182589,worker,/pscratch/sd/s/satt/sprints/a_star_campaign/h5/h5_tr_209.py,0,0,0.0,334.7660837173462,,0.0,0.0
1182557,1182589,worker,/pscratch/sd/s/satt/sprints/data/converted_10M/mc_normalized_rntuple_10M_29.h5,19,3507568,0.14665842056274414,334.7660837173462,23.916581035995645,0.00043809223125056054,0.04380922312505606
1182557,1182590,worker,/pscratch/sd/s/satt/sprints/a_star_campaign/h5/h5_tr_209.py,0,0,0.0,334.7806603908539,,0.0,0.0
1182557,1182590,worker,/pscratch/sd/s/satt/sprints/data/converted_10M/mc_normalized_rntuple_10M_29.h5,21,4672608,0.18518662452697754,334.7806603908539,25.23188708652825,0.0005531580716483848,0.055315807164838485
1182557,1182591,worker,/pscratch/sd/s/satt/sprints/a_star_campaign/h5/h5_tr_209.py,0,0,0.0,334.76005005836487,,0.0,0.0
1182557,1182591,worker,/pscratch/sd/s/satt/sprints/data/converted_10M/mc_normalized_rntuple_10M_29.h5,21,4672608,0.12117695808410645,334.76005005836487,38.56020215292778,0.00036198153890519325,0.03619815389051933
1182557,1182592,worker,/pscratch/sd/s/satt/sprints/a_star_campaign/h5/h5_tr_209.py,0,0,0.0,334.75057005882263,,0.0,0.0
1182557,1182592,worker,/pscratch/sd/s/satt/sprints/data/converted_10M/mc_normalized_rntuple_10M_29.h5,19,3507568,0.12105536460876465,334.75057005882263,28.974907566765076,0.00036162855402305276,0.03616285540230527
1182557,1182593,worker,/pscratch/sd/s/satt/sprints/a_star_campaign/h5/h5_tr_209.py,0,0,0.0,334.753310918808,,0.0,0.0
1182557,1182593,worker,/pscratch/sd/s/satt/sprints/data/converted_10M/mc_normalized_rntuple_10M_29.h5,21,4672608,0.18693923950195312,334.753310918808,24.99533010003061,0.0005584388067405669,0.05584388067405669
1182557,1182594,worker,/pscratch/sd/s/satt/sprints/a_star_campaign/h5/h5_tr_209.py,0,0,0.0,334.7400870323181,,0.0,0.0
1182557,1182594,worker,/pscratch/sd/s/satt/sprints/data/converted_10M/mc_normalized_rntuple_10M_29.h5,21,4672608,0.14359736442565918,334.7400870323181,32.53965014392047,0.00042898167858752845,0.04289816785875284
1182557,1182595,worker,/pscratch/sd/s/satt/sprints/a_star_campaign/h5/h5_tr_209.py,0,0,0.0,334.733300447464,,0.0,0.0
1182557,1182595,worker,/pscratch/sd/s/satt/sprints/data/converted_10M/mc_normalized_rntuple_10M_29.h5,19,3507568,0.007533073425292969,334.733300447464,465.62243615242437,2.250470274461168e-05,0.002250470274461168
1182557,1182596,worker,/pscratch/sd/s/satt/sprints/a_star_campaign/h5/h5_tr_209.py,0,0,0.0,334.73102378845215,,0.0,0.0
1182557,1182596,worker,/pscratch/sd/s/satt/sprints/data/converted_10M/mc_normalized_rntuple_10M_29.h5,21,4672608,0.14464187622070312,334.73102378845215,32.304669450431206,0.0004321137448918265,0.04321137448918265
1182557,1182597,worker,/pscratch/sd/s/satt/sprints/a_star_campaign/h5/h5_tr_209.py,0,0,0.0,334.7296657562256,,0.0,0.0
1182557,1182597,worker,/pscratch/sd/s/satt/sprints/data/converted_10M/mc_normalized_rntuple_10M_29.h5,21,4672608,0.15237045288085938,334.7296657562256,30.666102985554417,0.00045520450820103465,0.04552045082010346
1182557,1182598,worker,/pscratch/sd/s/satt/sprints/a_star_campaign/h5/h5_tr_209.py,0,0,0.0,334.71590971946716,,0.0,0.0
1182557,1182598,worker,/pscratch/sd/s/satt/sprints/data/converted_10M/mc_normalized_rntuple_10M_29.h5,19,3507568,0.008025407791137695,334.71590971946716,437.0579154710793,2.3976774207906544e-05,0.0023976774207906545
1182557,1182599,worker,/pscratch/sd/s/satt/sprints/a_star_campaign/h5/h5_tr_209.py,0,0,0.0,334.7155408859253,,0.0,0.0
1182557,1182599,worker,/pscratch/sd/s/satt/sprints/data/converted_10M/mc_normalized_rntuple_10M_29.h5,21,4672608,0.18839478492736816,334.7155408859253,24.802215208883997,0.0005628504264508446,0.05628504264508446
1182557,1182600,worker,/pscratch/sd/s/satt/sprints/a_star_campaign/h5/h5_tr_209.py,0,0,0.0,334.70458030700684,,0.0,0.0
1182557,1182600,worker,/pscratch/sd/s/satt/sprints/data/converted_10M/mc_normalized_rntuple_10M_29.h5,21,4672608,0.14807772636413574,334.70458030700684,31.555103625170872,0.00044241320578377463,0.044241320578377465
1182557,1182601,worker,/pscratch/sd/s/satt/sprints/a_star_campaign/h5/h5_tr_209.py,0,0,0.0,334.711177110672,,0.0,0.0
1182557,1182601,worker,/pscratch/sd/s/satt/sprints/data/converted_10M/mc_normalized_rntuple_10M_29.h5,23,4677320,0.19112277030944824,334.711177110672,24.47285581109419,0.0005710080313399682,0.05710080313399682
1182557,1182602,worker,/pscratch/sd/s/satt/sprints/a_star_campaign/h5/h5_tr_209.py,0,0,0.0,334.6937048435211,,0.0,0.0
1182557,1182602,worker,/pscratch/sd/s/satt/sprints/data/converted_10M/mc_normalized_rntuple_10M_29.h5,19,3507568,0.14426231384277344,334.6937048435211,24.313820474436437,0.00043102786743545176,0.043102786743545174
1182557,1182603,worker,/pscratch/sd/s/satt/sprints/a_star_campaign/h5/h5_tr_209.py,0,0,0.0,334.6935431957245,,0.0,0.0
1182557,1182603,worker,/pscratch/sd/s/satt/sprints/data/converted_10M/mc_normalized_rntuple_10M_29.h5,21,4672608,0.13469195365905762,334.6935431957245,34.69107005328363,0.00040243367820302255,0.04024336782030226
1182557,1182604,worker,/pscratch/sd/s/satt/sprints/a_star_campaign/h5/h5_tr_209.py,0,0,0.0,334.67597699165344,,0.0,0.0
1182557,1182604,worker,/pscratch/sd/s/satt/sprints/data/converted_10M/mc_normalized_rntuple_10M_29.h5,21,4672608,0.16667795181274414,334.67597699165344,28.033749810229754,0.0004980278337004779,0.04980278337004779
1182557,1182605,worker,/pscratch/sd/s/satt/sprints/a_star_campaign/h5/h5_tr_209.py,0,0,0.0,334.67042446136475,,0.0,0.0
1182557,1182605,worker,/pscratch/sd/s/satt/sprints/data/converted_10M/mc_normalized_rntuple_10M_29.h5,19,3507568,0.08561968803405762,334.67042446136475,40.96683929290617,0.00025583284860578346,0.025583284860578346
1182557,1182606,worker,/pscratch/sd/s/satt/sprints/a_star_campaign/h5/h5_tr_209.py,0,0,0.0,334.6788260936737,,0.0,0.0
1182557,1182606,worker,/pscratch/sd/s/satt/sprints/data/converted_10M/mc_normalized_rntuple_10M_29.h5,21,4672608,0.185929536819458,334.6788260936737,25.13106889809129,0.0005555461604476225,0.05555461604476225
1182557,1182607,worker,/pscratch/sd/s/satt/sprints/a_star_campaign/h5/h5_tr_209.py,0,0,0.0,334.6628427505493,,0.0,0.0
1182557,1182607,worker,/pscratch/sd/s/satt/sprints/data/converted_10M/mc_normalized_rntuple_10M_29.h5,21,4672608,0.010906219482421875,334.6628427505493,428.4351701825814,3.25886775860299e-05,0.00325886775860299
1182557,1182608,worker,/pscratch/sd/s/satt/sprints/a_star_campaign/h5/h5_tr_209.py,0,0,0.0,334.6534106731415,,0.0,0.0
1182557,1182608,worker,/pscratch/sd/s/satt/sprints/data/converted_10M/mc_normalized_rntuple_10M_29.h5,19,3507568,0.18785667419433594,334.6534106731415,18.671511220152095,0.0005613469583844073,0.05613469583844074
1182557,1182609,worker,/pscratch/sd/s/satt/sprints/a_star_campaign/h5/h5_tr_209.py,0,0,0.0,334.6473195552826,,0.0,0.0
1182557,1182609,worker,/pscratch/sd/s/satt/sprints/data/converted_10M/mc_normalized_rntuple_10M_29.h5,21,4672608,0.12489891052246094,334.6473195552826,37.41111896376159,0.0003732254921044663,0.03732254921044663
1182557,1182610,worker,/pscratch/sd/s/satt/sprints/a_star_campaign/h5/h5_tr_209.py,0,0,0.0,334.6521370410919,,0.0,0.0
1182557,1182610,worker,/pscratch/sd/s/satt/sprints/data/converted_10M/mc_normalized_rntuple_10M_29.h5,21,4672608,0.166121244430542,334.6521370410919,28.127696827805153,0.0004963997717132282,0.04963997717132282
1182557,1182611,worker,/pscratch/sd/s/satt/sprints/a_star_campaign/h5/h5_tr_209.py,0,0,0.0,334.6380515098572,,0.0,0.0
1182557,1182611,worker,/pscratch/sd/s/satt/sprints/data/converted_10M/mc_normalized_rntuple_10M_29.h5,19,3507568,0.19002103805541992,334.6380515098572,18.458840325759155,0.0005678404987061748,0.056784049870617484
1182557,1182612,worker,/pscratch/sd/s/satt/sprints/a_star_campaign/h5/h5_tr_209.py,0,0,0.0,334.6351697444916,,0.0,0.0
1182557,1182612,worker,/pscratch/sd/s/satt/sprints/data/converted_10M/mc_normalized_rntuple_10M_29.h5,21,4672608,0.18018317222595215,334.6351697444916,25.93254376796345,0.0005384466084767175,0.05384466084767175
1182557,1182613,worker,/pscratch/sd/s/satt/sprints/a_star_campaign/h5/h5_tr_209.py,0,0,0.0,334.6249454021454,,0.0,0.0
1182557,1182613,worker,/pscratch/sd/s/satt/sprints/data/converted_10M/mc_normalized_rntuple_10M_29.h5,21,4672608,0.010567426681518555,334.6249454021454,442.17084639649846,3.15799130540577e-05,0.0031579913054057694
1182557,1182614,worker,/pscratch/sd/s/satt/sprints/a_star_campaign/h5/h5_tr_209.py,0,0,0.0,334.6357979774475,,0.0,0.0
1182557,1182614,worker,/pscratch/sd/s/satt/sprints/data/converted_10M/mc_normalized_rntuple_10M_29.h5,19,3507568,0.18372583389282227,334.6357979774475,19.091316260108332,0.0005490322165269488,0.05490322165269488
1182557,1182615,worker,/pscratch/sd/s/satt/sprints/a_star_campaign/h5/h5_tr_209.py,0,0,0.0,334.6144952774048,,0.0,0.0
1182557,1182615,worker,/pscratch/sd/s/satt/sprints/data/converted_10M/mc_normalized_rntuple_10M_29.h5,21,4672608,0.18708539009094238,334.6144952774048,24.975803817329837,0.0005591072494807595,0.05591072494807595
1182557,1182616,worker,/pscratch/sd/s/satt/sprints/a_star_campaign/h5/h5_tr_209.py,0,0,0.0,334.61273646354675,,0.0,0.0
1182557,1182616,worker,/pscratch/sd/s/satt/sprints/data/converted_10M/mc_normalized_rntuple_10M_29.h5,21,4672608,0.011317729949951172,334.61273646354675,412.85735042831266,3.3823368678568344e-05,0.0033823368678568347
1182557,1182617,worker,/pscratch/sd/s/satt/sprints/a_star_campaign/h5/h5_tr_209.py,0,0,0.0,334.6043210029602,,0.0,0.0
1182557,1182617,worker,/pscratch/sd/s/satt/sprints/data/converted_10M/mc_normalized_rntuple_10M_29.h5,19,3507568,0.12424206733703613,334.6043210029602,28.2317259780046,0.00037131040915618356,0.037131040915618356
1182557,1182618,worker,/pscratch/sd/s/satt/sprints/a_star_campaign/h5/h5_tr_209.py,0,0,0.0,334.5970423221588,,0.0,0.0
1182557,1182618,worker,/pscratch/sd/s/satt/sprints/data/converted_10M/mc_normalized_rntuple_10M_29.h5,21,4672608,0.1458418369293213,334.5970423221588,32.03887237284639,0.00043587306067368323,0.043587306067368325
1182557,1182619,worker,/pscratch/sd/s/satt/sprints/a_star_campaign/h5/h5_tr_209.py,0,0,0.0,334.6025128364563,,0.0,0.0
1182557,1182619,worker,/pscratch/sd/s/satt/sprints/data/converted_10M/mc_normalized_rntuple_10M_29.h5,21,4672608,0.14108610153198242,334.6025128364563,33.11883983796079,0.00042165284515045196,0.0421652845150452
1182557,1182620,worker,/pscratch/sd/s/satt/sprints/a_star_campaign/h5/h5_tr_209.py,0,0,0.0,334.58692955970764,,0.0,0.0
1182557,1182620,worker,/pscratch/sd/s/satt/sprints/data/converted_10M/mc_normalized_rntuple_10M_29.h5,19,3507568,0.18245244026184082,334.58692955970764,19.224560630519523,0.0005453065381302704,0.05453065381302704
1182557,1182621,worker,/pscratch/sd/s/satt/sprints/a_star_campaign/h5/h5_tr_209.py,0,0,0.0,334.5854287147522,,0.0,0.0
1182557,1182621,worker,/pscratch/sd/s/satt/sprints/data/converted_10M/mc_normalized_rntuple_10M_29.h5,21,4672608,0.14458823204040527,334.5854287147522,32.31665491763007,0.00043214144918328967,0.043214144918328964
1182557,1182622,worker,/pscratch/sd/s/satt/sprints/a_star_campaign/h5/h5_tr_209.py,0,0,0.0,334.5853531360626,,0.0,0.0
1182557,1182622,worker,/pscratch/sd/s/satt/sprints/data/converted_10M/mc_normalized_rntuple_10M_29.h5,23,4677320,0.14947175979614258,334.5853531360626,31.29233245383057,0.000446737307521523,0.0446737307521523
1182557,1182623,worker,/pscratch/sd/s/satt/sprints/a_star_campaign/h5/h5_tr_209.py,0,0,0.0,334.5744352340698,,0.0,0.0
1182557,1182623,worker,/pscratch/sd/s/satt/sprints/data/converted_10M/mc_normalized_rntuple_10M_29.h5,21,4672608,0.13929986953735352,334.5744352340698,33.54352028841658,0.0004163494124704976,0.04163494124704976
1182557,1182624,worker,/pscratch/sd/s/satt/sprints/a_star_campaign/h5/h5_tr_209.py,0,0,0.0,334.56760835647583,,0.0,0.0
1182557,1182624,worker,/pscratch/sd/s/satt/sprints/data/converted_10M/mc_normalized_rntuple_10M_29.h5,19,3507568,0.061212778091430664,334.56760835647583,57.30123855448792,0.00018296086220698788,0.01829608622069879
1182557,1182625,worker,/pscratch/sd/s/satt/sprints/a_star_campaign/h5/h5_tr_209.py,0,0,0.0,334.5595064163208,,0.0,0.0
1182557,1182625,worker,/pscratch/sd/s/satt/sprints/data/converted_10M/mc_normalized_rntuple_10M_29.h5,21,4672608,0.18096923828125,334.5595064163208,25.81990201416526,0.000540917937797453,0.0540917937797453
1182557,1182626,worker,/pscratch/sd/s/satt/sprints/a_star_campaign/h5/h5_tr_209.py,0,0,0.0,334.56378865242004,,0.0,0.0
1182557,1182626,worker,/pscratch/sd/s/satt/sprints/data/converted_10M/mc_normalized_rntuple_10M_29.h5,21,4672608,0.14596867561340332,334.56378865242004,32.011032369543166,0.00043629550048242336,0.04362955004824234
1182557,1182627,worker,/pscratch/sd/s/satt/sprints/a_star_campaign/h5/h5_tr_209.py,0,0,0.0,334.54749155044556,,0.0,0.0
1182557,1182627,worker,/pscratch/sd/s/satt/sprints/data/converted_10M/mc_normalized_rntuple_10M_29.h5,19,3507568,0.13708114624023438,334.54749155044556,25.587530424154725,0.0004097509313399358,0.040975093133993584
1182557,1182628,worker,/pscratch/sd/s/satt/sprints/a_star_campaign/h5/h5_tr_209.py,0,0,0.0,334.54697036743164,,0.0,0.0
1182557,1182628,worker,/pscratch/sd/s/satt/sprints/data/converted_10M/mc_normalized_rntuple_10M_29.h5,21,4672608,0.04640483856201172,334.54697036743164,100.69225849705091,0.0001387094867756401,0.01387094867756401
1182557,1182629,worker,/pscratch/sd/s/satt/sprints/a_star_campaign/h5/h5_tr_209.py,0,0,0.0,334.5362277030945,,0.0,0.0
1182557,1182629,worker,/pscratch/sd/s/satt/sprints/data/converted_10M/mc_normalized_rntuple_10M_29.h5,21,4672608,0.18834447860717773,334.5362277030945,24.808839816034453,0.0005630017409484752,0.05630017409484753
1182557,1182630,worker,/pscratch/sd/s/satt/sprints/a_star_campaign/h5/h5_tr_209.py,0,0,0.0,334.54857873916626,,0.0,0.0
1182557,1182630,worker,/pscratch/sd/s/satt/sprints/data/converted_10M/mc_normalized_rntuple_10M_29.h5,19,3507568,0.14141631126403809,334.54857873916626,24.803135993633912,0.0004227078524649616,0.04227078524649616
1182557,1182631,worker,/pscratch/sd/s/satt/sprints/a_star_campaign/h5/h5_tr_209.py,0,0,0.0,334.52510380744934,,0.0,0.0
1182557,1182631,worker,/pscratch/sd/s/satt/sprints/data/converted_10M/mc_normalized_rntuple_10M_29.h5,21,4672608,0.15825319290161133,334.52510380744934,29.526153086244772,0.0004730682125210577,0.047306821252105766
1182557,1182632,worker,/pscratch/sd/s/satt/sprints/a_star_campaign/h5/h5_tr_209.py,0,0,0.0,334.51882314682007,,0.0,0.0
1182557,1182632,worker,/pscratch/sd/s/satt/sprints/data/converted_10M/mc_normalized_rntuple_10M_29.h5,21,4672608,0.04573345184326172,334.51882314682007,102.17046410609947,0.0001367141358834368,0.01367141358834368
1182557,1182633,worker,/pscratch/sd/s/satt/sprints/a_star_campaign/h5/h5_tr_209.py,0,0,0.0,334.5171799659729,,0.0,0.0
1182557,1182633,worker,/pscratch/sd/s/satt/sprints/data/converted_10M/mc_normalized_rntuple_10M_29.h5,19,3507568,0.11992645263671875,334.5171799659729,29.247659068388575,0.0003585061091598275,0.03585061091598275
1182557,1182634,worker,/pscratch/sd/s/satt/sprints/a_star_campaign/h5/h5_tr_209.py,0,0,0.0,334.51308608055115,,0.0,0.0
1182557,1182634,worker,/pscratch/sd/s/satt/sprints/data/converted_10M/mc_normalized_rntuple_10M_29.h5,21,4672608,0.14737391471862793,334.51308608055115,31.705800914097498,0.0004405624797684002,0.04405624797684002
1182557,1182635,worker,/pscratch/sd/s/satt/sprints/a_star_campaign/h5/h5_tr_209.py,0,0,0.0,334.50242280960083,,0.0,0.0
1182557,1182635,worker,/pscratch/sd/s/satt/sprints/data/converted_10M/mc_normalized_rntuple_10M_29.h5,21,4672608,0.16112995147705078,334.50242280960083,28.99900333343987,0.0004817004018197086,0.04817004018197086
1182557,1182636,worker,/pscratch/sd/s/satt/sprints/a_star_campaign/h5/h5_tr_209.py,0,0,0.0,334.49680948257446,,0.0,0.0
1182557,1182636,worker,/pscratch/sd/s/satt/sprints/data/converted_10M/mc_normalized_rntuple_10M_29.h5,19,3507568,0.18409156799316406,334.49680948257446,19.053387606162644,0.0005503537336512451,0.05503537336512451
1182557,1182637,worker,/pscratch/sd/s/satt/sprints/a_star_campaign/h5/h5_tr_209.py,0,0,0.0,334.4961025714874,,0.0,0.0
1182557,1182637,worker,/pscratch/sd/s/satt/sprints/data/converted_10M/mc_normalized_rntuple_10M_29.h5,21,4672608,0.045998334884643555,334.4961025714874,101.58211186813939,0.00013751530894089546,0.013751530894089547
1182557,1182638,worker,/pscratch/sd/s/satt/sprints/a_star_campaign/h5/h5_tr_209.py,0,0,0.0,334.485787153244,,0.0,0.0
1182557,1182638,worker,/pscratch/sd/s/satt/sprints/data/converted_10M/mc_normalized_rntuple_10M_29.h5,21,4672608,0.18602204322814941,334.485787153244,25.11857153546697,0.0005561433411307362,0.05561433411307362
1182557,1182639,worker,/pscratch/sd/s/satt/sprints/a_star_campaign/h5/h5_tr_209.py,0,0,0.0,334.48880982398987,,0.0,0.0
1182557,1182639,worker,/pscratch/sd/s/satt/sprints/data/converted_10M/mc_normalized_rntuple_10M_29.h5,19,3507568,0.18445920944213867,334.48880982398987,19.015412733297314,0.0005514660102955381,0.05514660102955381
1182557,1182640,worker,/pscratch/sd/s/satt/sprints/a_star_campaign/h5/h5_tr_209.py,0,0,0.0,334.47287225723267,,0.0,0.0
1182557,1182640,worker,/pscratch/sd/s/satt/sprints/data/converted_10M/mc_normalized_rntuple_10M_29.h5,21,4672608,0.140730619430542,334.47287225723267,33.20249721707634,0.00042075346344474374,0.04207534634447437
1182557,1182641,worker,/pscratch/sd/s/satt/sprints/a_star_campaign/h5/h5_tr_209.py,0,0,0.0,334.4710133075714,,0.0,0.0
1182557,1182641,worker,/pscratch/sd/s/satt/sprints/data/converted_10M/mc_normalized_rntuple_10M_29.h5,21,4672608,0.18444371223449707,334.4710133075714,25.33351743679592,0.0005514490191856689,0.05514490191856689
1182557,1182642,worker,/pscratch/sd/s/satt/sprints/a_star_campaign/h5/h5_tr_209.py,0,0,0.0,334.46256041526794,,0.0,0.0
1182557,1182642,worker,/pscratch/sd/s/satt/sprints/data/converted_10M/mc_normalized_rntuple_10M_29.h5,19,3507568,0.13539671897888184,334.46256041526794,25.90585670356668,0.0004048187600153918,0.04048187600153918
1182557,1182643,worker,/pscratch/sd/s/satt/sprints/a_star_campaign/h5/h5_tr_209.py,0,0,0.0,334.45568895339966,,0.0,0.0
1182557,1182643,worker,/pscratch/sd/s/satt/sprints/data/converted_10M/mc_normalized_rntuple_10M_29.h5,23,4677320,0.18614983558654785,334.45568895339966,25.126640511188327,0.0005565754799060525,0.05565754799060525
1182557,1182644,worker,/pscratch/sd/s/satt/sprints/a_star_campaign/h5/h5_tr_209.py,0,0,0.0,334.45058846473694,,0.0,0.0
1182557,1182644,worker,/pscratch/sd/s/satt/sprints/data/converted_10M/mc_normalized_rntuple_10M_29.h5,21,4672608,0.18459105491638184,334.45058846473694,25.31329593471716,0.0005519232475078882,0.055192324750788814
1182557,1182645,worker,/pscratch/sd/s/satt/sprints/a_star_campaign/h5/h5_tr_209.py,0,0,0.0,334.44953966140747,,0.0,0.0
1182557,1182645,worker,/pscratch/sd/s/satt/sprints/data/converted_10M/mc_normalized_rntuple_10M_29.h5,21,4672608,0.14656567573547363,334.44953966140747,31.88064310796254,0.00043822956337106903,0.0438229563371069
1182557,1182646,worker,/pscratch/sd/s/satt/sprints/a_star_campaign/h5/h5_tr_209.py,0,0,0.0,334.4395456314087,,0.0,0.0
1182557,1182646,worker,/pscratch/sd/s/satt/sprints/data/converted_10M/mc_normalized_rntuple_10M_29.h5,19,3507568,0.13679075241088867,334.4395456314087,25.6418503311105,0.0004090148853438762,0.04090148853438762
1182557,1182647,worker,/pscratch/sd/s/satt/sprints/a_star_campaign/h5/h5_tr_209.py,0,0,0.0,334.44179821014404,,0.0,0.0
1182557,1182647,worker,/pscratch/sd/s/satt/sprints/data/converted_10M/mc_normalized_rntuple_10M_29.h5,21,4672608,0.17955708503723145,334.44179821014404,26.022966451204795,0.0005368858976305589,0.05368858976305589
1182557,1182648,worker,/pscratch/sd/s/satt/sprints/a_star_campaign/h5/h5_tr_209.py,0,0,0.0,334.4273633956909,,0.0,0.0
1182557,1182648,worker,/pscratch/sd/s/satt/sprints/data/converted_10M/mc_normalized_rntuple_10M_29.h5,21,4672608,0.13529157638549805,334.4273633956909,34.53731654871056,0.0004045469695176303,0.04045469695176303
1182557,1182649,worker,/pscratch/sd/s/satt/sprints/a_star_campaign/h5/h5_tr_209.py,0,0,0.0,334.42163157463074,,0.0,0.0
1182557,1182649,worker,/pscratch/sd/s/satt/sprints/data/converted_10M/mc_normalized_rntuple_10M_29.h5,19,3507568,0.1785738468170166,334.42163157463074,19.64211480303821,0.000533978157980386,0.053397815798038595
1182557,1182650,worker,/pscratch/sd/s/satt/sprints/a_star_campaign/h5/h5_tr_209.py,0,0,0.0,334.4190320968628,,0.0,0.0
1182557,1182650,worker,/pscratch/sd/s/satt/sprints/data/converted_10M/mc_normalized_rntuple_10M_29.h5,21,4672608,0.18998074531555176,334.4190320968628,24.5951661692818,0.0005680919059072116,0.05680919059072116
1182557,1182651,worker,/pscratch/sd/s/satt/sprints/a_star_campaign/h5/h5_tr_209.py,0,0,0.0,334.41344141960144,,0.0,0.0
1182557,1182651,worker,/pscratch/sd/s/satt/sprints/data/converted_10M/mc_normalized_rntuple_10M_29.h5,21,4672608,0.17911100387573242,334.41344141960144,26.087777405579534,0.000535597502048355,0.0535597502048355
1182557,1182652,worker,/pscratch/sd/s/satt/sprints/a_star_campaign/h5/h5_tr_209.py,0,0,0.0,334.4047315120697,,0.0,0.0
1182557,1182652,worker,/pscratch/sd/s/satt/sprints/data/converted_10M/mc_normalized_rntuple_10M_29.h5,19,3507568,0.1839141845703125,334.4047315120697,19.07176441118394,0.0005499748276249329,0.05499748276249329
1182557,1182653,worker,/pscratch/sd/s/satt/sprints/a_star_campaign/h5/h5_tr_209.py,0,0,0.0,334.39928436279297,,0.0,0.0
1182557,1182653,worker,/pscratch/sd/s/satt/sprints/data/converted_10M/mc_normalized_rntuple_10M_29.h5,21,4672608,0.18025517463684082,334.39928436279297,25.922185087966987,0.0005390417475932164,0.05390417475932163
1182557,1182654,worker,/pscratch/sd/s/satt/sprints/a_star_campaign/h5/h5_tr_209.py,0,0,0.0,334.39212679862976,,0.0,0.0
1182557,1182654,worker,/pscratch/sd/s/satt/sprints/data/converted_10M/mc_normalized_rntuple_10M_29.h5,21,4672608,0.18507075309753418,334.39212679862976,25.247684584378863,0.0005534542779740248,0.05534542779740248
1182557,1182655,worker,/pscratch/sd/s/satt/sprints/a_star_campaign/h5/h5_tr_209.py,0,0,0.0,334.39592266082764,,0.0,0.0
1182557,1182655,worker,/pscratch/sd/s/satt/sprints/data/converted_10M/mc_normalized_rntuple_10M_29.h5,19,3507568,0.18153643608093262,334.39592266082764,19.321564726743095,0.0005428787367872965,0.054287873678729656
1182557,1182656,worker,/pscratch/sd/s/satt/sprints/a_star_campaign/h5/h5_tr_209.py,0,0,0.0,334.3804681301117,,0.0,0.0
1182557,1182656,worker,/pscratch/sd/s/satt/sprints/data/converted_10M/mc_normalized_rntuple_10M_29.h5,21,4672608,0.18889999389648438,334.3804681301117,24.73588221797694,0.0005649253228001971,0.056492532280019714
1182557,1182657,worker,/pscratch/sd/s/satt/sprints/a_star_campaign/h5/h5_tr_209.py,0,0,0.0,334.3774104118347,,0.0,0.0
1182557,1182657,worker,/pscratch/sd/s/satt/sprints/data/converted_10M/mc_normalized_rntuple_10M_29.h5,21,4672608,0.18703818321228027,334.3774104118347,24.982107502064387,0.0005593624969519184,0.05593624969519184
1182557,1182658,worker,/pscratch/sd/s/satt/sprints/a_star_campaign/h5/h5_tr_209.py,0,0,0.0,334.38175106048584,,0.0,0.0
1182557,1182658,worker,/pscratch/sd/s/satt/sprints/data/converted_10M/mc_normalized_rntuple_10M_29.h5,19,3507568,0.18727660179138184,334.38175106048584,18.72934454410531,0.0005600682489323576,0.05600682489323577
1182557,1182659,worker,/pscratch/sd/s/satt/sprints/a_star_campaign/h5/h5_tr_209.py,0,0,0.0,334.3642771244049,,0.0,0.0
1182557,1182659,worker,/pscratch/sd/s/satt/sprints/data/converted_10M/mc_normalized_rntuple_10M_29.h5,21,4672608,0.18351364135742188,334.3642771244049,25.461910980772032,0.0005488434438501427,0.05488434438501427
1182557,1182660,worker,/pscratch/sd/s/satt/sprints/a_star_campaign/h5/h5_tr_209.py,0,0,0.0,334.36099767684937,,0.0,0.0
1182557,1182660,worker,/pscratch/sd/s/satt/sprints/data/converted_10M/mc_normalized_rntuple_10M_29.h5,21,4672608,0.17822003364562988,334.36099767684937,26.218197272316456,0.0005330168138147339,0.053301681381473384
1182557,1182661,worker,/pscratch/sd/s/satt/sprints/a_star_campaign/h5/h5_tr_209.py,0,0,0.0,334.3512511253357,,0.0,0.0
1182557,1182661,worker,/pscratch/sd/s/satt/sprints/data/converted_10M/mc_normalized_rntuple_10M_29.h5,19,3507568,0.18181991577148438,334.3512511253357,19.29144002249124,0.000543799118919184,0.054379911891918396
1182557,1182662,worker,/pscratch/sd/s/satt/sprints/a_star_campaign/h5/h5_tr_209.py,0,0,0.0,334.34558057785034,,0.0,0.0
1182557,1182662,worker,/pscratch/sd/s/satt/sprints/data/converted_10M/mc_normalized_rntuple_10M_29.h5,21,4672608,0.18008685111999512,334.34558057785034,25.946414027121598,0.000538624888681796,0.053862488868179605
1182557,1182663,worker,/pscratch/sd/s/satt/sprints/a_star_campaign/h5/h5_tr_209.py,0,0,0.0,334.3444871902466,,0.0,0.0
1182557,1182663,worker,/pscratch/sd/s/satt/sprints/data/converted_10M/mc_normalized_rntuple_10M_29.h5,21,4672608,0.19184350967407227,334.3444871902466,24.35635173657118,0.0005737899592312126,0.05737899592312126
1182557,1182664,worker,/pscratch/sd/s/satt/sprints/a_star_campaign/h5/h5_tr_209.py,0,0,0.0,334.3337984085083,,0.0,0.0
1182557,1182664,worker,/pscratch/sd/s/satt/sprints/data/converted_10M/mc_normalized_rntuple_10M_29.h5,19,3507568,0.1849210262298584,334.3337984085083,18.967924153957828,0.0005531029979921779,0.055310299799217796
1182557,1182665,worker,/pscratch/sd/s/satt/sprints/a_star_campaign/h5/h5_tr_209.py,0,0,0.0,334.32926058769226,,0.0,0.0
1182557,1182665,worker,/pscratch/sd/s/satt/sprints/data/converted_10M/mc_normalized_rntuple_10M_29.h5,23,4677320,0.1857757568359375,334.32926058769226,25.1772356073922,0.0005556670586037737,0.05556670586037736
1182557,1182666,worker,/pscratch/sd/s/satt/sprints/a_star_campaign/h5/h5_tr_209.py,0,0,0.0,334.33093523979187,,0.0,0.0
1182557,1182666,worker,/pscratch/sd/s/satt/sprints/data/converted_10M/mc_normalized_rntuple_10M_29.h5,21,4672608,0.18182849884033203,334.33093523979187,25.697885808885932,0.0005438578356798462,0.05438578356798462
1182557,1182667,worker,/pscratch/sd/s/satt/sprints/a_star_campaign/h5/h5_tr_209.py,0,0,0.0,334.32180547714233,,0.0,0.0
1182557,1182667,worker,/pscratch/sd/s/satt/sprints/data/converted_10M/mc_normalized_rntuple_10M_29.h5,21,4672608,0.1827409267425537,334.32180547714233,25.5695759198091,0.0005466018780370812,0.05466018780370811
1182557,1182668,worker,/pscratch/sd/s/satt/sprints/a_star_campaign/h5/h5_tr_209.py,0,0,0.0,334.3283898830414,,0.0,0.0
1182557,1182668,worker,/pscratch/sd/s/satt/sprints/data/converted_10M/mc_normalized_rntuple_10M_29.h5,19,3507568,0.17894864082336426,334.3283898830414,19.60097592170165,0.0005352481160393412,0.05352481160393412
1182557,1182669,worker,/pscratch/sd/s/satt/sprints/a_star_campaign/h5/h5_tr_209.py,0,0,0.0,334.3052091598511,,0.0,0.0
1182557,1182669,worker,/pscratch/sd/s/satt/sprints/data/converted_10M/mc_normalized_rntuple_10M_29.h5,21,4672608,0.17902779579162598,334.3052091598511,26.099902416485886,0.0005355220047020631,0.05355220047020632
1182557,1182670,worker,/pscratch/sd/s/satt/sprints/a_star_campaign/h5/h5_tr_209.py,0,0,0.0,334.29951763153076,,0.0,0.0
1182557,1182670,worker,/pscratch/sd/s/satt/sprints/data/converted_10M/mc_normalized_rntuple_10M_29.h5,21,4672608,0.18476653099060059,334.29951763153076,25.28925544549897,0.0005526975698309342,0.055269756983093415
1182557,1182671,worker,/pscratch/sd/s/satt/sprints/a_star_campaign/h5/h5_tr_209.py,0,0,0.0,334.29477763175964,,0.0,0.0
1182557,1182671,worker,/pscratch/sd/s/satt/sprints/data/converted_10M/mc_normalized_rntuple_10M_29.h5,19,3507568,0.17536592483520508,334.29477763175964,20.0014227581335,0.0005245846976059505,0.052458469760595046
1182557,1182672,worker,/pscratch/sd/s/satt/sprints/a_star_campaign/h5/h5_tr_209.py,0,0,0.0,334.29243683815,,0.0,0.0
1182557,1182672,worker,/pscratch/sd/s/satt/sprints/data/converted_10M/mc_normalized_rntuple_10M_29.h5,21,4672608,0.17083477973937988,334.29243683815,27.3516201275196,0.0005110339359011305,0.05110339359011305
1182557,1182673,worker,/pscratch/sd/s/satt/sprints/a_star_campaign/h5/h5_tr_209.py,0,0,0.0,334.2820873260498,,0.0,0.0
1182557,1182673,worker,/pscratch/sd/s/satt/sprints/data/converted_10M/mc_normalized_rntuple_10M_29.h5,21,4672608,0.17580604553222656,334.2820873260498,26.578198638473307,0.0005259212270047543,0.05259212270047544
1182557,1182674,worker,/pscratch/sd/s/satt/sprints/a_star_campaign/h5/h5_tr_209.py,0,0,0.0,334.27685809135437,,0.0,0.0
1182557,1182674,worker,/pscratch/sd/s/satt/sprints/data/converted_10M/mc_normalized_rntuple_10M_29.h5,19,3507568,0.1743021011352539,334.27685809135437,20.123498094140693,0.0005214303560541992,0.05214303560541991
1182557,1182675,worker,/pscratch/sd/s/satt/sprints/a_star_campaign/h5/h5_tr_209.py,0,0,0.0,334.2756316661835,,0.0,0.0
1182557,1182675,worker,/pscratch/sd/s/satt/sprints/data/converted_10M/mc_normalized_rntuple_10M_29.h5,21,4672608,0.1809680461883545,334.2756316661835,25.82007209790326,0.0005413737318700933,0.054137373187009334
1182557,1182676,worker,/pscratch/sd/s/satt/sprints/a_star_campaign/h5/h5_tr_209.py,0,0,0.0,334.2740786075592,,0.0,0.0
1182557,1182676,worker,/pscratch/sd/s/satt/sprints/data/converted_10M/mc_normalized_rntuple_10M_29.h5,21,4672608,0.18159151077270508,334.2740786075592,25.73142312720016,0.0005432413770434625,0.05432413770434624
1182557,1182677,worker,/pscratch/sd/s/satt/sprints/a_star_campaign/h5/h5_tr_209.py,0,0,0.0,334.25882506370544,,0.0,0.0
1182557,1182677,worker,/pscratch/sd/s/satt/sprints/data/converted_10M/mc_normalized_rntuple_10M_29.h5,19,3507568,0.17556071281433105,334.25882506370544,19.97923079584168,0.00052522386740536,0.052522386740536
1182557,1182678,worker,/pscratch/sd/s/satt/sprints/a_star_campaign/h5/h5_tr_209.py,0,0,0.0,334.25417852401733,,0.0,0.0
1182557,1182678,worker,/pscratch/sd/s/satt/sprints/data/converted_10M/mc_normalized_rntuple_10M_29.h5,21,4672608,0.18430852890014648,334.25417852401733,25.35209861357798,0.0005514023181819499,0.05514023181819499
1182557,1182679,worker,/pscratch/sd/s/satt/sprints/a_star_campaign/h5/h5_tr_209.py,0,0,0.0,334.2523407936096,,0.0,0.0
1182557,1182679,worker,/pscratch/sd/s/satt/sprints/data/converted_10M/mc_normalized_rntuple_10M_29.h5,21,4672608,0.18559980392456055,334.2523407936096,25.175716251829893,0.0005552685240255733,0.055526852402557336
1182557,1182680,worker,/pscratch/sd/s/satt/sprints/a_star_campaign/h5/h5_tr_209.py,0,0,0.0,334.24188804626465,,0.0,0.0
1182557,1182680,worker,/pscratch/sd/s/satt/sprints/data/converted_10M/mc_normalized_rntuple_10M_29.h5,19,3507568,0.1781141757965088,334.24188804626465,19.692806506357545,0.0005328900480955122,0.053289004809551226
1182557,1182681,worker,/pscratch/sd/s/satt/sprints/a_star_campaign/h5/h5_tr_209.py,0,0,0.0,334.23985505104065,,0.0,0.0
1182557,1182681,worker,/pscratch/sd/s/satt/sprints/data/converted_10M/mc_normalized_rntuple_10M_29.h5,21,4672608,0.17539477348327637,334.23985505104065,26.640520166044325,0.0005247572090303008,0.05247572090303008
1182557,1182682,worker,/pscratch/sd/s/satt/sprints/a_star_campaign/h5/h5_tr_209.py,0,0,0.0,334.23916602134705,,0.0,0.0
1182557,1182682,worker,/pscratch/sd/s/satt/sprints/data/converted_10M/mc_normalized_rntuple_10M_29.h5,21,4672608,0.1778240203857422,334.23916602134705,26.276585074749818,0.0005320262807692172,0.05320262807692172
1182557,1182683,worker,/pscratch/sd/s/satt/sprints/a_star_campaign/h5/h5_tr_209.py,0,0,0.0,334.22556614875793,,0.0,0.0
1182557,1182683,worker,/pscratch/sd/s/satt/sprints/data/converted_10M/mc_normalized_rntuple_10M_29.h5,19,3507568,0.17378735542297363,334.22556614875793,20.18310245565956,0.0005199702626747109,0.05199702626747109
1182557,1182684,worker,/pscratch/sd/s/satt/sprints/a_star_campaign/h5/h5_tr_209.py,0,0,0.0,334.2243616580963,,0.0,0.0
1182557,1182684,worker,/pscratch/sd/s/satt/sprints/data/converted_10M/mc_normalized_rntuple_10M_29.h5,21,4672608,0.1813497543334961,334.2243616580963,25.76572555707592,0.0005425988501670403,0.05425988501670403
1182557,1182685,worker,/pscratch/sd/s/satt/sprints/a_star_campaign/h5/h5_tr_209.py,0,0,0.0,334.21715927124023,,0.0,0.0
1182557,1182685,worker,/pscratch/sd/s/satt/sprints/data/converted_10M/mc_normalized_rntuple_10M_29.h5,21,4672608,0.1778552532196045,334.21715927124023,26.271970691979266,0.0005321547631109589,0.0532154763110959
1182557,1182686,worker,/pscratch/sd/s/satt/sprints/a_star_campaign/h5/h5_tr_209.py,0,0,0.0,334.20795011520386,,0.0,0.0
1182557,1182686,worker,/pscratch/sd/s/satt/sprints/data/converted_10M/mc_normalized_rntuple_10M_29.h5,23,4677320,0.17814946174621582,334.20795011520386,26.255033016395593,0.0005330497424875932,0.053304974248759324
1182557,1182687,worker,/pscratch/sd/s/satt/sprints/a_star_campaign/h5/h5_tr_209.py,0,0,0.0,334.202517747879,,0.0,0.0
1182557,1182687,worker,/pscratch/sd/s/satt/sprints/data/converted_10M/mc_normalized_rntuple_10M_29.h5,19,3507568,0.173095703125,334.202517747879,20.263749686882935,0.0005179365622122054,0.051793656221220535
1182557,1182688,worker,/pscratch/sd/s/satt/sprints/a_star_campaign/h5/h5_tr_209.py,0,0,0.0,334.1956419944763,,0.0,0.0
1182557,1182688,worker,/pscratch/sd/s/satt/sprints/data/converted_10M/mc_normalized_rntuple_10M_29.h5,21,4672608,0.1830306053161621,334.1956419944763,25.5291075059751,0.0005476750212056544,0.05476750212056544
1182557,1182689,worker,/pscratch/sd/s/satt/sprints/a_star_campaign/h5/h5_tr_209.py,0,0,0.0,334.1933569908142,,0.0,0.0
1182557,1182689,worker,/pscratch/sd/s/satt/sprints/data/converted_10M/mc_normalized_rntuple_10M_29.h5,21,4672608,0.1760408878326416,334.1933569908142,26.542742754411414,0.0005267635760859255,0.052676357608592544
1182557,1182690,worker,/pscratch/sd/s/satt/sprints/a_star_campaign/h5/h5_tr_209.py,0,0,0.0,334.1837885379791,,0.0,0.0
1182557,1182690,worker,/pscratch/sd/s/satt/sprints/data/converted_10M/mc_normalized_rntuple_10M_29.h5,19,3507568,0.17130064964294434,334.1837885379791,20.476092807068188,0.0005125941338817411,0.051259413388174115
1182557,1182691,worker,/pscratch/sd/s/satt/sprints/a_star_campaign/h5/h5_tr_209.py,0,0,0.0,334.19249510765076,,0.0,0.0
1182557,1182691,worker,/pscratch/sd/s/satt/sprints/data/converted_10M/mc_normalized_rntuple_10M_29.h5,21,4672608,0.17563605308532715,334.19249510765076,26.603922816063076,0.0005255535526875039,0.052555355268750395
1182557,1182692,worker,/pscratch/sd/s/satt/sprints/a_star_campaign/h5/h5_tr_209.py,0,0,0.0,334.1697313785553,,0.0,0.0
1182557,1182692,worker,/pscratch/sd/s/satt/sprints/data/converted_10M/mc_normalized_rntuple_10M_29.h5,21,4672608,0.16880273818969727,334.1697313785553,27.68087798877417,0.0005051407184406944,0.05051407184406943
1182557,1182693,worker,/pscratch/sd/s/satt/sprints/a_star_campaign/h5/h5_tr_209.py,0,0,0.0,334.16724610328674,,0.0,0.0
1182557,1182693,worker,/pscratch/sd/s/satt/sprints/data/converted_10M/mc_normalized_rntuple_10M_29.h5,19,3507568,0.18018722534179688,334.16724610328674,19.46624125737271,0.0005392127069392772,0.05392127069392772
1182557,1182694,worker,/pscratch/sd/s/satt/sprints/a_star_campaign/h5/h5_tr_209.py,0,0,0.0,334.16500329971313,,0.0,0.0
1182557,1182694,worker,/pscratch/sd/s/satt/sprints/data/converted_10M/mc_normalized_rntuple_10M_29.h5,21,4672608,0.18211579322814941,334.16500329971313,25.65734644521627,0.0005449876301523097,0.05449876301523097
1182557,1182695,worker,/pscratch/sd/s/satt/sprints/a_star_campaign/h5/h5_tr_209.py,0,0,0.0,334.1631488800049,,0.0,0.0
1182557,1182695,worker,/pscratch/sd/s/satt/sprints/data/converted_10M/mc_normalized_rntuple_10M_29.h5,21,4672608,0.17016863822937012,334.1631488800049,27.45869067660868,0.0005092381933786367,0.05092381933786368
1182557,1182696,worker,/pscratch/sd/s/satt/sprints/a_star_campaign/h5/h5_tr_209.py,0,0,0.0,334.1499300003052,,0.0,0.0
1182557,1182696,worker,/pscratch/sd/s/satt/sprints/data/converted_10M/mc_normalized_rntuple_10M_29.h5,19,3507568,0.16376209259033203,334.1499300003052,21.41868087124746,0.0004900856707950903,0.04900856707950903
1182557,1182697,worker,/pscratch/sd/s/satt/sprints/a_star_campaign/h5/h5_tr_209.py,0,0,0.0,334.1439664363861,,0.0,0.0
1182557,1182697,worker,/pscratch/sd/s/satt/sprints/data/converted_10M/mc_normalized_rntuple_10M_29.h5,21,4672608,0.17948698997497559,334.1439664363861,26.0331292014617,0.0005371546638689527,0.05371546638689527
1182557,1182698,worker,/pscratch/sd/s/satt/sprints/a_star_campaign/h5/h5_tr_209.py,0,0,0.0,334.14073300361633,,0.0,0.0
1182557,1182698,worker,/pscratch/sd/s/satt/sprints/data/converted_10M/mc_normalized_rntuple_10M_29.h5,21,4672608,0.17512035369873047,334.14073300361633,26.68226680285579,0.000524091606924305,0.05240916069243051
1182557,1182699,worker,/pscratch/sd/s/satt/sprints/a_star_campaign/h5/h5_tr_209.py,0,0,0.0,334.1317210197449,,0.0,0.0
1182557,1182699,worker,/pscratch/sd/s/satt/sprints/data/converted_10M/mc_normalized_rntuple_10M_29.h5,19,3507568,0.1692979335784912,334.1317210197449,20.71831549186508,0.0005066802189920989,0.05066802189920989
1182557,1182700,worker,/pscratch/sd/s/satt/sprints/a_star_campaign/h5/h5_tr_209.py,0,0,0.0,334.12553358078003,,0.0,0.0
1182557,1182700,worker,/pscratch/sd/s/satt/sprints/data/converted_10M/mc_normalized_rntuple_10M_29.h5,21,4672608,0.17770814895629883,334.12553358078003,26.29371825345537,0.0005318604269833067,0.05318604269833067
1182557,1182701,worker,/pscratch/sd/s/satt/sprints/a_star_campaign/h5/h5_tr_209.py,0,0,0.0,334.1237826347351,,0.0,0.0
1182557,1182701,worker,/pscratch/sd/s/satt/sprints/data/converted_10M/mc_normalized_rntuple_10M_29.h5,21,4672608,0.17693090438842773,334.1237826347351,26.409224641399703,0.000529536996717917,0.0529536996717917
1182557,1182702,worker,/pscratch/sd/s/satt/sprints/a_star_campaign/h5/h5_tr_209.py,0,0,0.0,334.1141548156738,,0.0,0.0
1182557,1182702,worker,/pscratch/sd/s/satt/sprints/data/converted_10M/mc_normalized_rntuple_10M_29.h5,19,3507568,0.17657065391540527,334.1141548156738,19.86495446565243,0.0005284740301194868,0.05284740301194868
1182557,1182703,worker,/pscratch/sd/s/satt/sprints/a_star_campaign/h5/h5_tr_209.py,0,0,0.0,334.1131639480591,,0.0,0.0
1182557,1182703,worker,/pscratch/sd/s/satt/sprints/data/converted_10M/mc_normalized_rntuple_10M_29.h5,21,4672608,0.17207670211791992,334.1131639480591,27.154216361015433,0.0005150252090775771,0.05150252090775771
1182557,1182704,worker,/pscratch/sd/s/satt/sprints/a_star_campaign/h5/h5_tr_209.py,0,0,0.0,334.10285091400146,,0.0,0.0
1182557,1182704,worker,/pscratch/sd/s/satt/sprints/data/converted_10M/mc_normalized_rntuple_10M_29.h5,21,4672608,0.17739105224609375,334.10285091400146,26.340719787363987,0.0005309474365777096,0.053094743657770956
1182557,1182705,worker,/pscratch/sd/s/satt/sprints/a_star_campaign/h5/h5_tr_209.py,0,0,0.0,334.09601879119873,,0.0,0.0
1182557,1182705,worker,/pscratch/sd/s/satt/sprints/data/converted_10M/mc_normalized_rntuple_10M_29.h5,19,3507568,0.1693706512451172,334.09601879119873,20.709420281579746,0.0005069520189373146,0.05069520189373146
1182557,1182706,worker,/pscratch/sd/s/satt/sprints/a_star_campaign/h5/h5_tr_209.py,0,0,0.0,334.09928703308105,,0.0,0.0
1182557,1182706,worker,/pscratch/sd/s/satt/sprints/data/converted_10M/mc_normalized_rntuple_10M_29.h5,21,4672608,0.16898202896118164,334.09928703308105,27.65150843983171,0.0005057838658136668,0.05057838658136669
1182557,1182707,worker,/pscratch/sd/s/satt/sprints/a_star_campaign/h5/h5_tr_209.py,0,0,0.0,334.09721159935,,0.0,0.0
1182557,1182707,worker,/pscratch/sd/s/satt/sprints/data/converted_10M/mc_normalized_rntuple_10M_29.h5,23,4677320,0.17003583908081055,334.09721159935,27.507847905976313,0.0005089412098557646,0.050894120985576455
1182557,1182708,worker,/pscratch/sd/s/satt/sprints/a_star_campaign/h5/h5_tr_209.py,0,0,0.0,334.07798743247986,,0.0,0.0
1182557,1182708,worker,/pscratch/sd/s/satt/sprints/data/converted_10M/mc_normalized_rntuple_10M_29.h5,21,4672608,0.1881389617919922,334.07798743247986,24.835940176846886,0.0005631588098273514,0.056315880982735135
1182557,1182709,worker,/pscratch/sd/s/satt/sprints/a_star_campaign/h5/h5_tr_209.py,0,0,0.0,334.0731587409973,,0.0,0.0
1182557,1182709,worker,/pscratch/sd/s/satt/sprints/data/converted_10M/mc_normalized_rntuple_10M_29.h5,19,3507568,0.18350887298583984,334.0731587409973,19.113887753376677,0.0005493074441461247,0.05493074441461247
1182557,1182710,worker,/pscratch/sd/s/satt/sprints/a_star_campaign/h5/h5_tr_209.py,0,0,0.0,334.06699895858765,,0.0,0.0
1182557,1182710,worker,/pscratch/sd/s/satt/sprints/data/converted_10M/mc_normalized_rntuple_10M_29.h5,21,4672608,0.16692376136779785,334.06699895858765,27.99246770928215,0.0004996715086738946,0.049967150867389454
1182557,1182711,worker,/pscratch/sd/s/satt/sprints/a_star_campaign/h5/h5_tr_209.py,0,0,0.0,334.0641932487488,,0.0,0.0
1182557,1182711,worker,/pscratch/sd/s/satt/sprints/data/converted_10M/mc_normalized_rntuple_10M_29.h5,21,4672608,0.17413663864135742,334.0641932487488,26.832997561319967,0.0005212669964652359,0.05212669964652359
1182557,1182712,worker,/pscratch/sd/s/satt/sprints/a_star_campaign/h5/h5_tr_209.py,0,0,0.0,334.0585503578186,,0.0,0.0
1182557,1182712,worker,/pscratch/sd/s/satt/sprints/data/converted_10M/mc_normalized_rntuple_10M_29.h5,19,3507568,0.17175817489624023,334.0585503578186,20.421549088530636,0.0005141559008511104,0.05141559008511103
1182557,1182713,worker,/pscratch/sd/s/satt/sprints/a_star_campaign/h5/h5_tr_209.py,0,0,0.0,334.04878187179565,,0.0,0.0
1182557,1182713,worker,/pscratch/sd/s/satt/sprints/data/converted_10M/mc_normalized_rntuple_10M_29.h5,21,4672608,0.173112154006958,334.04878187179565,26.99179631149521,0.0005182241738375702,0.05182241738375702
1182557,1182714,worker,/pscratch/sd/s/satt/sprints/a_star_campaign/h5/h5_tr_209.py,0,0,0.0,334.046756029129,,0.0,0.0
1182557,1182714,worker,/pscratch/sd/s/satt/sprints/data/converted_10M/mc_normalized_rntuple_10M_29.h5,21,4672608,0.174041748046875,334.046756029129,26.84762737927407,0.0005210101427588732,0.05210101427588732
1182557,1182715,worker,/pscratch/sd/s/satt/sprints/a_star_campaign/h5/h5_tr_209.py,0,0,0.0,334.0368356704712,,0.0,0.0
1182557,1182715,worker,/pscratch/sd/s/satt/sprints/data/converted_10M/mc_normalized_rntuple_10M_29.h5,19,3507568,0.1602632999420166,334.0368356704712,21.88628339282319,0.00047977732641473424,0.047977732641473425
1182557,1182716,worker,/pscratch/sd/s/satt/sprints/a_star_campaign/h5/h5_tr_209.py,0,0,0.0,334.0317120552063,,0.0,0.0
1182557,1182716,worker,/pscratch/sd/s/satt/sprints/data/converted_10M/mc_normalized_rntuple_10M_29.h5,21,4672608,0.17209506034851074,334.0317120552063,27.151319686558544,0.0005152057548358407,0.05152057548358407
1182557,1182717,worker,/pscratch/sd/s/satt/sprints/a_star_campaign/h5/h5_tr_209.py,0,0,0.0,334.03230571746826,,0.0,0.0
1182557,1182717,worker,/pscratch/sd/s/satt/sprints/data/converted_10M/mc_normalized_rntuple_10M_29.h5,21,4672608,0.17413902282714844,334.03230571746826,26.83263018328788,0.0005213238954630903,0.05213238954630903
1182557,1182718,worker,/pscratch/sd/s/satt/sprints/a_star_campaign/h5/h5_tr_209.py,0,0,0.0,334.02270793914795,,0.0,0.0
1182557,1182718,worker,/pscratch/sd/s/satt/sprints/data/converted_10M/mc_normalized_rntuple_10M_29.h5,19,3507568,0.16895723342895508,334.02270793914795,20.7600937161113,0.0005058255903360187,0.05058255903360187
1182557,1182719,worker,/pscratch/sd/s/satt/sprints/a_star_campaign/h5/h5_tr_209.py,0,0,0.0,334.01306104660034,,0.0,0.0
1182557,1182719,worker,/pscratch/sd/s/satt/sprints/data/converted_10M/mc_normalized_rntuple_10M_29.h5,21,4672608,0.17302989959716797,334.01306104660034,27.004627586783148,0.000518033333951056,0.0518033333951056
1182557,1182720,worker,/pscratch/sd/s/satt/sprints/a_star_campaign/h5/h5_tr_209.py,0,0,0.0,334.01565742492676,,0.0,0.0
1182557,1182720,worker,/pscratch/sd/s/satt/sprints/data/converted_10M/mc_normalized_rntuple_10M_29.h5,21,4672608,0.16989493370056152,334.01565742492676,27.50292723993427,0.0005086436217102998,0.05086436217102998
1182557,1182721,worker,/pscratch/sd/s/satt/sprints/a_star_campaign/h5/h5_tr_209.py,0,0,0.0,334.0004184246063,,0.0,0.0
1182557,1182721,worker,/pscratch/sd/s/satt/sprints/data/converted_10M/mc_normalized_rntuple_10M_29.h5,19,3507568,0.16959524154663086,334.0004184246063,20.681995367397032,0.0005077695481537651,0.050776954815376515
1182557,1182722,worker,/pscratch/sd/s/satt/sprints/a_star_campaign/h5/h5_tr_209.py,0,0,0.0,333.9986653327942,,0.0,0.0
1182557,1182722,worker,/pscratch/sd/s/satt/sprints/data/converted_10M/mc_normalized_rntuple_10M_29.h5,21,4672608,0.18480491638183594,333.9986653327942,25.284002674180265,0.0005533103439131934,0.05533103439131934
1182557,1182723,worker,/pscratch/sd/s/satt/sprints/a_star_campaign/h5/h5_tr_209.py,0,0,0.0,333.9889483451843,,0.0,0.0
1182557,1182723,worker,/pscratch/sd/s/satt/sprints/data/converted_10M/mc_normalized_rntuple_10M_29.h5,21,4672608,0.16501116752624512,333.9889483451843,28.316919818513615,0.0004940617596594925,0.04940617596594925
1182557,1182724,worker,/pscratch/sd/s/satt/sprints/a_star_campaign/h5/h5_tr_209.py,0,0,0.0,333.9877407550812,,0.0,0.0
1182557,1182724,worker,/pscratch/sd/s/satt/sprints/data/converted_10M/mc_normalized_rntuple_10M_29.h5,19,3507568,0.1810448169708252,333.9877407550812,19.374031572332907,0.0005420702465351517,0.05420702465351517
1182557,1182725,worker,/pscratch/sd/s/satt/sprints/a_star_campaign/h5/h5_tr_209.py,0,0,0.0,333.98494720458984,,0.0,0.0
1182557,1182725,worker,/pscratch/sd/s/satt/sprints/data/converted_10M/mc_normalized_rntuple_10M_29.h5,21,4672608,0.1627345085144043,333.98494720458984,28.713074090160838,0.0004872510269593608,0.04872510269593608
1182557,1182726,worker,/pscratch/sd/s/satt/sprints/a_star_campaign/h5/h5_tr_209.py,0,0,0.0,333.97552514076233,,0.0,0.0
1182557,1182726,worker,/pscratch/sd/s/satt/sprints/data/converted_10M/mc_normalized_rntuple_10M_29.h5,21,4672608,0.1900169849395752,333.97552514076233,24.59047543295077,0.000568954820445264,0.0568954820445264
1182557,1182727,worker,/pscratch/sd/s/satt/sprints/a_star_campaign/h5/h5_tr_209.py,0,0,0.0,333.97375226020813,,0.0,0.0
1182557,1182727,worker,/pscratch/sd/s/satt/sprints/data/converted_10M/mc_normalized_rntuple_10M_29.h5,19,3507568,0.16706299781799316,333.97375226020813,20.995481021005748,0.0005002279271570713,0.05002279271570713
1182557,1182728,worker,/pscratch/sd/s/satt/sprints/a_star_campaign/h5/h5_tr_209.py,0,0,0.0,333.9599027633667,,0.0,0.0
1182557,1182728,worker,/pscratch/sd/s/satt/sprints/data/converted_10M/mc_normalized_rntuple_10M_29.h5,23,4677320,0.1621990203857422,333.9599027633667,28.836918921436048,0.00048568411669670184,0.048568411669670186
1182557,1182729,worker,/pscratch/sd/s/satt/sprints/a_star_campaign/h5/h5_tr_209.py,0,0,0.0,333.95659255981445,,0.0,0.0
1182557,1182729,worker,/pscratch/sd/s/satt/sprints/data/converted_10M/mc_normalized_rntuple_10M_29.h5,21,4672608,0.17113018035888672,333.95659255981445,27.304406447774504,0.0005124324064009482,0.05124324064009482
1182557,1182730,worker,/pscratch/sd/s/satt/sprints/a_star_campaign/h5/h5_tr_209.py,0,0,0.0,333.95126366615295,,0.0,0.0
1182557,1182730,worker,/pscratch/sd/s/satt/sprints/data/converted_10M/mc_normalized_rntuple_10M_29.h5,21,4672608,0.1689467430114746,333.95126366615295,27.657283690178293,0.0005059023917345275,0.050590239173452754
1182557,1182731,worker,/pscratch/sd/s/satt/sprints/a_star_campaign/h5/h5_tr_209.py,0,0,0.0,333.9442174434662,,0.0,0.0
1182557,1182731,worker,/pscratch/sd/s/satt/sprints/data/converted_10M/mc_normalized_rntuple_10M_29.h5,19,3507568,0.168412446975708,333.9442174434662,20.827249190826944,0.0005043131103302268,0.05043131103302268
1182557,1182732,worker,/pscratch/sd/s/satt/sprints/a_star_campaign/h5/h5_tr_209.py,0,0,0.0,333.9404032230377,,0.0,0.0
1182557,1182732,worker,/pscratch/sd/s/satt/sprints/data/converted_10M/mc_normalized_rntuple_10M_29.h5,21,4672608,0.15784168243408203,333.9404032230377,29.6031309850703,0.000472664226642441,0.0472664226642441
1182557,1182733,worker,/pscratch/sd/s/satt/sprints/a_star_campaign/h5/h5_tr_209.py,0,0,0.0,333.9371612071991,,0.0,0.0
1182557,1182733,worker,/pscratch/sd/s/satt/sprints/data/converted_10M/mc_normalized_rntuple_10M_29.h5,21,4672608,0.16046738624572754,333.9371612071991,29.118739385738632,0.00048053168346293097,0.04805316834629309
1182557,1182734,worker,/pscratch/sd/s/satt/sprints/a_star_campaign/h5/h5_tr_209.py,0,0,0.0,333.9352054595947,,0.0,0.0
1182557,1182734,worker,/pscratch/sd/s/satt/sprints/data/converted_10M/mc_normalized_rntuple_10M_29.h5,19,3507568,0.15420770645141602,333.9352054595947,22.74573742593778,0.00046178930502155374,0.04617893050215538
1182557,1182735,worker,/pscratch/sd/s/satt/sprints/a_star_campaign/h5/h5_tr_209.py,0,0,0.0,333.9298050403595,,0.0,0.0
1182557,1182735,worker,/pscratch/sd/s/satt/sprints/data/converted_10M/mc_normalized_rntuple_10M_29.h5,21,4672608,0.1571033000946045,333.9298050403595,29.74226510319165,0.00047046803766323476,0.047046803766323475
1182557,1182736,worker,/pscratch/sd/s/satt/sprints/a_star_campaign/h5/h5_tr_209.py,0,0,0.0,333.9144425392151,,0.0,0.0
1182557,1182736,worker,/pscratch/sd/s/satt/sprints/data/converted_10M/mc_normalized_rntuple_10M_29.h5,21,4672608,0.1753990650177002,333.9144425392151,26.63986834552664,0.0005252814573814106,0.05252814573814106
1182557,1182737,worker,/pscratch/sd/s/satt/sprints/a_star_campaign/h5/h5_tr_209.py,0,0,0.0,333.90877962112427,,0.0,0.0
1182557,1182737,worker,/pscratch/sd/s/satt/sprints/data/converted_10M/mc_normalized_rntuple_10M_29.h5,19,3507568,0.15457510948181152,333.90877962112427,22.69167404609037,0.00046292616102278897,0.046292616102278895
1182557,1182738,worker,/pscratch/sd/s/satt/sprints/a_star_campaign/h5/h5_tr_209.py,0,0,0.0,333.9031846523285,,0.0,0.0
1182557,1182738,worker,/pscratch/sd/s/satt/sprints/data/converted_10M/mc_normalized_rntuple_10M_29.h5,21,4672608,0.1729288101196289,333.9031846523285,27.020413757358174,0.0005179010505685603,0.05179010505685603
1182557,1182739,worker,/pscratch/sd/s/satt/sprints/a_star_campaign/h5/h5_tr_209.py,0,0,0.0,333.89433884620667,,0.0,0.0
1182557,1182739,worker,/pscratch/sd/s/satt/sprints/data/converted_10M/mc_normalized_rntuple_10M_29.h5,21,4672608,0.16490983963012695,333.89433884620667,28.334318985938626,0.0004938982799168848,0.04938982799168848
1182557,1182740,worker,/pscratch/sd/s/satt/sprints/a_star_campaign/h5/h5_tr_209.py,0,0,0.0,333.89116644859314,,0.0,0.0
1182557,1182740,worker,/pscratch/sd/s/satt/sprints/data/converted_10M/mc_normalized_rntuple_10M_29.h5,19,3507568,0.1561117172241211,333.89116644859314,22.46831988251321,0.000467552702530561,0.0467552702530561
1182557,1182741,worker,/pscratch/sd/s/satt/sprints/a_star_campaign/h5/h5_tr_209.py,0,0,0.0,333.8846821784973,,0.0,0.0
1182557,1182741,worker,/pscratch/sd/s/satt/sprints/data/converted_10M/mc_normalized_rntuple_10M_29.h5,21,4672608,0.16328907012939453,333.8846821784973,28.61555887541832,0.0004890582852258522,0.04890582852258522
1182557,1182742,worker,/pscratch/sd/s/satt/sprints/a_star_campaign/h5/h5_tr_209.py,0,0,0.0,333.88325572013855,,0.0,0.0
1182557,1182742,worker,/pscratch/sd/s/satt/sprints/data/converted_10M/mc_normalized_rntuple_10M_29.h5,21,4672608,0.17022204399108887,333.88325572013855,27.450075738983674,0.0005098250393657634,0.050982503936576336
1182557,1182743,worker,/pscratch/sd/s/satt/sprints/a_star_campaign/h5/h5_tr_209.py,0,0,0.0,333.87206292152405,,0.0,0.0
1182557,1182743,worker,/pscratch/sd/s/satt/sprints/data/converted_10M/mc_normalized_rntuple_10M_29.h5,19,3507568,0.1624915599822998,333.87206292152405,21.58615500018634,0.00048668810010765447,0.048668810010765444
1182557,1182744,worker,/pscratch/sd/s/satt/sprints/a_star_campaign/h5/h5_tr_209.py,0,0,0.0,333.8723647594452,,0.0,0.0
1182557,1182744,worker,/pscratch/sd/s/satt/sprints/data/converted_10M/mc_normalized_rntuple_10M_29.h5,21,4672608,0.15676379203796387,333.8723647594452,29.806678820759984,0.0004695320984440029,0.04695320984440029
1182557,1182745,worker,/pscratch/sd/s/satt/sprints/a_star_campaign/h5/h5_tr_209.py,0,0,0.0,333.8650815486908,,0.0,0.0
1182557,1182745,worker,/pscratch/sd/s/satt/sprints/data/converted_10M/mc_normalized_rntuple_10M_29.h5,21,4672608,0.16427016258239746,333.8650815486908,28.444654382418555,0.0004920255865644948,0.04920255865644947
1182557,1182746,worker,/pscratch/sd/s/satt/sprints/a_star_campaign/h5/h5_tr_209.py,0,0,0.0,333.8494236469269,,0.0,0.0
1182557,1182746,worker,/pscratch/sd/s/satt/sprints/data/converted_10M/mc_normalized_rntuple_10M_29.h5,19,3507568,0.1509535312652588,333.8494236469269,23.236077822097624,0.0004521605267915769,0.04521605267915769
1182557,1182747,worker,/pscratch/sd/s/satt/sprints/a_star_campaign/h5/h5_tr_209.py,0,0,0.0,333.84882712364197,,0.0,0.0
1182557,1182747,worker,/pscratch/sd/s/satt/sprints/data/converted_10M/mc_normalized_rntuple_10M_29.h5,21,4672608,0.16271710395812988,333.84882712364197,28.716145299650545,0.00048739756062664584,0.048739756062664584
1182557,1182748,worker,/pscratch/sd/s/satt/sprints/a_star_campaign/h5/h5_tr_209.py,0,0,0.0,333.84284949302673,,0.0,0.0
1182557,1182748,worker,/pscratch/sd/s/satt/sprints/data/converted_10M/mc_normalized_rntuple_10M_29.h5,21,4672608,0.16207313537597656,333.84284949302673,28.83024376100644,0.000485477330492777,0.0485477330492777
1182557,1182749,worker,/pscratch/sd/s/satt/sprints/a_star_campaign/h5/h5_tr_209.py,0,0,0.0,333.8367099761963,,0.0,0.0
1182557,1182749,worker,/pscratch/sd/s/satt/sprints/data/converted_10M/mc_normalized_rntuple_10M_29.h5,19,3507568,0.1499805450439453,333.8367099761963,23.386819930360026,0.0004492631893437946,0.044926318934379456
1182557,1182750,worker,/pscratch/sd/s/satt/sprints/a_star_campaign/h5/h5_tr_209.py,0,0,0.0,333.8331022262573,,0.0,0.0
1182557,1182750,worker,/pscratch/sd/s/satt/sprints/data/converted_10M/mc_normalized_rntuple_10M_29.h5,23,4677320,0.16012215614318848,333.8331022262573,29.21094814522313,0.0004796473299842649,0.04796473299842649
1182557,1182751,worker,/pscratch/sd/s/satt/sprints/a_star_campaign/h5/h5_tr_209.py,0,0,0.0,333.8282949924469,,0.0,0.0
1182557,1182751,worker,/pscratch/sd/s/satt/sprints/data/converted_10M/mc_normalized_rntuple_10M_29.h5,21,4672608,0.16286873817443848,333.8282949924469,28.689409965192112,0.00048788176621793997,0.048788176621793994
1182557,1182752,worker,/pscratch/sd/s/satt/sprints/a_star_campaign/h5/h5_tr_209.py,0,0,0.0,333.8169364929199,,0.0,0.0
1182557,1182752,worker,/pscratch/sd/s/satt/sprints/data/converted_10M/mc_normalized_rntuple_10M_29.h5,21,4672608,0.17375397682189941,333.8169364929199,26.892092402520937,0.0005205067743037796,0.052050677430377966
1182557,1182753,worker,/pscratch/sd/s/satt/sprints/a_star_campaign/h5/h5_tr_209.py,0,0,0.0,333.8197810649872,,0.0,0.0
1182557,1182753,worker,/pscratch/sd/s/satt/sprints/data/converted_10M/mc_normalized_rntuple_10M_29.h5,19,3507568,0.17198467254638672,333.8197810649872,20.39465464024975,0.0005152021608716626,0.05152021608716626
1182557,1182754,worker,/pscratch/sd/s/satt/sprints/a_star_campaign/h5/h5_tr_209.py,0,0,0.0,333.814284324646,,0.0,0.0
1182557,1182754,worker,/pscratch/sd/s/satt/sprints/data/converted_10M/mc_normalized_rntuple_10M_29.h5,21,4672608,0.17273640632629395,333.814284324646,27.050510655950447,0.0005174625965325731,0.05174625965325731
1182557,1182755,worker,/pscratch/sd/s/satt/sprints/a_star_campaign/h5/h5_tr_209.py,0,0,0.0,333.79539012908936,,0.0,0.0
1182557,1182755,worker,/pscratch/sd/s/satt/sprints/data/converted_10M/mc_normalized_rntuple_10M_29.h5,21,4672608,0.17229628562927246,333.79539012908936,27.11960958957633,0.0005161733526716471,0.05161733526716471
1182557,1182756,worker,/pscratch/sd/s/satt/sprints/a_star_campaign/h5/h5_tr_209.py,0,0,0.0,333.7924406528473,,0.0,0.0
1182557,1182756,worker,/pscratch/sd/s/satt/sprints/data/converted_10M/mc_normalized_rntuple_10M_29.h5,19,3507568,0.17001771926879883,333.7924406528473,20.630602592983372,0.0005093516166401791,0.05093516166401792
1182557,1182757,worker,/pscratch/sd/s/satt/sprints/a_star_campaign/h5/h5_tr_209.py,0,0,0.0,333.7878062725067,,0.0,0.0
1182557,1182757,worker,/pscratch/sd/s/satt/sprints/data/converted_10M/mc_normalized_rntuple_10M_29.h5,21,4672608,0.17717933654785156,333.7878062725067,26.37219492431077,0.0005308142874554294,0.05308142874554294
1182557,1182758,worker,/pscratch/sd/s/satt/sprints/a_star_campaign/h5/h5_tr_209.py,0,0,0.0,333.78035712242126,,0.0,0.0
1182557,1182758,worker,/pscratch/sd/s/satt/sprints/data/converted_10M/mc_normalized_rntuple_10M_29.h5,21,4672608,0.1594395637512207,333.78035712242126,29.30645248936355,0.00047767809084326297,0.0477678090843263
1182557,1182759,worker,/pscratch/sd/s/satt/sprints/a_star_campaign/h5/h5_tr_209.py,0,0,0.0,333.7750403881073,,0.0,0.0
1182557,1182759,worker,/pscratch/sd/s/satt/sprints/data/converted_10M/mc_normalized_rntuple_10M_29.h5,19,3507568,0.17550158500671387,333.7750403881073,19.985961949379643,0.0005258079957166478,0.05258079957166478
1182557,1182760,worker,/pscratch/sd/s/satt/sprints/a_star_campaign/h5/h5_tr_209.py,0,0,0.0,333.7688400745392,,0.0,0.0
1182557,1182760,worker,/pscratch/sd/s/satt/sprints/data/converted_10M/mc_normalized_rntuple_10M_29.h5,21,4672608,0.1718142032623291,333.7688400745392,27.195702749124738,0.0005147700523031406,0.05147700523031406
1182557,1182761,worker,/pscratch/sd/s/satt/sprints/a_star_campaign/h5/h5_tr_209.py,0,0,0.0,333.7626554965973,,0.0,0.0
1182557,1182761,worker,/pscratch/sd/s/satt/sprints/data/converted_10M/mc_normalized_rntuple_10M_29.h5,21,4672608,0.17023754119873047,333.7626554965973,27.447576880503288,0.0005100556889608821,0.05100556889608821
1182557,1182762,worker,/pscratch/sd/s/satt/sprints/a_star_campaign/h5/h5_tr_209.py,0,0,0.0,333.75627088546753,,0.0,0.0
1182557,1182762,worker,/pscratch/sd/s/satt/sprints/data/converted_10M/mc_normalized_rntuple_10M_29.h5,19,3507568,0.15954947471618652,333.75627088546753,21.984202744881568,0.00047804187856274866,0.04780418785627487
1182557,1182763,worker,/pscratch/sd/s/satt/sprints/a_star_campaign/h5/h5_tr_209.py,0,0,0.0,333.7528192996979,,0.0,0.0
1182557,1182763,worker,/pscratch/sd/s/satt/sprints/data/converted_10M/mc_normalized_rntuple_10M_29.h5,21,4672608,0.1612715721130371,333.7528192996979,28.973537857775177,0.000483206621149831,0.0483206621149831
1182557,1182764,worker,/pscratch/sd/s/satt/sprints/a_star_campaign/h5/h5_tr_209.py,0,0,0.0,333.7467768192291,,0.0,0.0
1182557,1182764,worker,/pscratch/sd/s/satt/sprints/data/converted_10M/mc_normalized_rntuple_10M_29.h5,21,4672608,0.17184972763061523,333.7467768192291,27.190080917926167,0.0005149105236863338,0.051491052368633376
1182557,1182765,worker,/pscratch/sd/s/satt/sprints/a_star_campaign/h5/h5_tr_209.py,0,0,0.0,333.7408564090729,,0.0,0.0
1182557,1182765,worker,/pscratch/sd/s/satt/sprints/data/converted_10M/mc_normalized_rntuple_10M_29.h5,19,3507568,0.16675424575805664,333.7408564090729,21.03435498181631,0.000499651878263483,0.049965187826348297
1182557,1182766,worker,/pscratch/sd/s/satt/sprints/a_star_campaign/h5/h5_tr_209.py,0,0,0.0,333.72500705718994,,0.0,0.0
1182557,1182766,worker,/pscratch/sd/s/satt/sprints/data/converted_10M/mc_normalized_rntuple_10M_29.h5,21,4672608,0.17694616317749023,333.72500705718994,26.406947266288135,0.0005302154751237064,0.05302154751237064
1182557,1182767,worker,/pscratch/sd/s/satt/sprints/a_star_campaign/h5/h5_tr_209.py,0,0,0.0,333.72493529319763,,0.0,0.0
1182557,1182767,worker,/pscratch/sd/s/satt/sprints/data/converted_10M/mc_normalized_rntuple_10M_29.h5,21,4672608,0.1702876091003418,333.72493529319763,27.439506753815955,0.0005102633668974534,0.05102633668974534
1182557,1182768,worker,/pscratch/sd/s/satt/sprints/a_star_campaign/h5/h5_tr_209.py,0,0,0.0,333.72436594963074,,0.0,0.0
1182557,1182768,worker,/pscratch/sd/s/satt/sprints/data/converted_10M/mc_normalized_rntuple_10M_29.h5,19,3507568,0.17354154586791992,333.72436594963074,20.211690419477776,0.0005200146095838645,0.05200146095838644
1182557,1182769,worker,/pscratch/sd/s/satt/sprints/a_star_campaign/h5/h5_tr_209.py,0,0,0.0,333.7102828025818,,0.0,0.0
1182557,1182769,worker,/pscratch/sd/s/satt/sprints/data/converted_10M/mc_normalized_rntuple_10M_29.h5,21,4672608,0.17378830909729004,333.7102828025818,26.88677980855539,0.0005207760085717847,0.052077600857178476
1182557,1182770,worker,/pscratch/sd/s/satt/sprints/a_star_campaign/h5/h5_tr_209.py,0,0,0.0,333.714154958725,,0.0,0.0
1182557,1182770,worker,/pscratch/sd/s/satt/sprints/data/converted_10M/mc_normalized_rntuple_10M_29.h5,21,4672608,0.1518263816833496,333.714154958725,30.77599524004485,0.0004549593699497945,0.045495936994979454
1182557,1182771,worker,/pscratch/sd/s/satt/sprints/a_star_campaign/h5/h5_tr_209.py,0,0,0.0,333.70535254478455,,0.0,0.0
1182557,1182771,worker,/pscratch/sd/s/satt/sprints/data/converted_10M/mc_normalized_rntuple_10M_29.h5,23,4677320,0.15842795372009277,333.70535254478455,29.523325209790894,0.0004747540083248474,0.04747540083248474
1182557,1182772,worker,/pscratch/sd/s/satt/sprints/a_star_campaign/h5/h5_tr_209.py,0,0,0.0,333.69411993026733,,0.0,0.0
1182557,1182772,worker,/pscratch/sd/s/satt/sprints/data/converted_10M/mc_normalized_rntuple_10M_29.h5,19,3507568,0.14905428886413574,333.69411993026733,23.532150780291726,0.000446679398771797,0.0446679398771797
1182557,1182773,worker,/pscratch/sd/s/satt/sprints/a_star_campaign/h5/h5_tr_209.py,0,0,0.0,333.6878297328949,,0.0,0.0
1182557,1182773,worker,/pscratch/sd/s/satt/sprints/data/converted_10M/mc_normalized_rntuple_10M_29.h5,21,4672608,0.17583584785461426,333.6878297328949,26.573693914015966,0.0005269471409711421,0.052694714097114216
1182557,1182774,worker,/pscratch/sd/s/satt/sprints/a_star_campaign/h5/h5_tr_209.py,0,0,0.0,333.67297172546387,,0.0,0.0
1182557,1182774,worker,/pscratch/sd/s/satt/sprints/data/converted_10M/mc_normalized_rntuple_10M_29.h5,21,4672608,0.15085387229919434,333.67297172546387,30.974398792578793,0.00045210096436373154,0.04521009643637315
1182557,1182775,worker,/pscratch/sd/s/satt/sprints/a_star_campaign/h5/h5_tr_209.py,0,0,0.0,333.6709246635437,,0.0,0.0
1182557,1182775,worker,/pscratch/sd/s/satt/sprints/data/converted_10M/mc_normalized_rntuple_10M_29.h5,19,3507568,0.15541863441467285,333.6709246635437,22.568516402231722,0.0004657841691522534,0.046578416915225344
1182557,1182776,worker,/pscratch/sd/s/satt/sprints/a_star_campaign/h5/h5_tr_209.py,0,0,0.0,333.6717917919159,,0.0,0.0
1182557,1182776,worker,/pscratch/sd/s/satt/sprints/data/converted_10M/mc_normalized_rntuple_10M_29.h5,21,4672608,0.15495657920837402,333.6717917919159,30.154305314888415,0.00046439819912918475,0.04643981991291847
1182557,1182777,worker,/pscratch/sd/s/satt/sprints/a_star_campaign/h5/h5_tr_209.py,0,0,0.0,333.669540643692,,0.0,0.0
1182557,1182777,worker,/pscratch/sd/s/satt/sprints/data/converted_10M/mc_normalized_rntuple_10M_29.h5,21,4672608,0.16699552536010742,333.669540643692,27.98043833763831,0.0005004817791817356,0.05004817791817356
1182557,1182778,worker,/pscratch/sd/s/satt/sprints/a_star_campaign/h5/h5_tr_209.py,0,0,0.0,333.66142988204956,,0.0,0.0
1182557,1182778,worker,/pscratch/sd/s/satt/sprints/data/converted_10M/mc_normalized_rntuple_10M_29.h5,19,3507568,0.16607141494750977,333.66142988204956,21.120841302572376,0.0004977243399281019,0.049772433992810186
1182557,1182779,worker,/pscratch/sd/s/satt/sprints/a_star_campaign/h5/h5_tr_209.py,0,0,0.0,333.65180826187134,,0.0,0.0
1182557,1182779,worker,/pscratch/sd/s/satt/sprints/data/converted_10M/mc_normalized_rntuple_10M_29.h5,21,4672608,0.17053580284118652,333.65180826187134,27.399571950011115,0.0005111190726931086,0.05111190726931085
1182557,1182780,worker,/pscratch/sd/s/satt/sprints/a_star_campaign/h5/h5_tr_209.py,0,0,0.0,333.643878698349,,0.0,0.0
1182557,1182780,worker,/pscratch/sd/s/satt/sprints/data/converted_10M/mc_normalized_rntuple_10M_29.h5,21,4672608,0.16971492767333984,333.643878698349,27.532097877645977,0.00050867088686132,0.050867088686131996
1182557,1182781,worker,/pscratch/sd/s/satt/sprints/a_star_campaign/h5/h5_tr_209.py,0,0,0.0,333.63794350624084,,0.0,0.0
1182557,1182781,worker,/pscratch/sd/s/satt/sprints/data/converted_10M/mc_normalized_rntuple_10M_29.h5,19,3507568,0.16686606407165527,333.63794350624084,21.020259688595445,0.0005001411479702817,0.050014114797028164
1182557,1182782,worker,/pscratch/sd/s/satt/sprints/a_star_campaign/h5/h5_tr_209.py,0,0,0.0,333.63344526290894,,0.0,0.0
1182557,1182782,worker,/pscratch/sd/s/satt/sprints/data/converted_10M/mc_normalized_rntuple_10M_29.h5,21,4672608,0.16945791244506836,333.63344526290894,27.573855552567824,0.0005079164419848033,0.05079164419848034
1182557,1182783,worker,/pscratch/sd/s/satt/sprints/a_star_campaign/h5/h5_tr_209.py,0,0,0.0,333.6246168613434,,0.0,0.0
1182557,1182783,worker,/pscratch/sd/s/satt/sprints/data/converted_10M/mc_normalized_rntuple_10M_29.h5,21,4672608,0.16814160346984863,333.6246168613434,27.789719519582782,0.0005039844033443414,0.050398440334434136
1182557,1182784,worker,/pscratch/sd/s/satt/sprints/a_star_campaign/h5/h5_tr_209.py,0,0,0.0,333.6198925971985,,0.0,0.0
1182557,1182784,worker,/pscratch/sd/s/satt/sprints/data/converted_10M/mc_normalized_rntuple_10M_29.h5,19,3507568,0.16972732543945312,333.6198925971985,20.665900384150316,0.000508744619867066,0.0508744619867066
1182557,1182785,worker,/pscratch/sd/s/satt/sprints/a_star_campaign/h5/h5_tr_209.py,0,0,0.0,333.6161057949066,,0.0,0.0
1182557,1182785,worker,/pscratch/sd/s/satt/sprints/data/converted_10M/mc_normalized_rntuple_10M_29.h5,21,4672608,0.1737511157989502,333.6161057949066,26.8925352134529,0.0005208115339184649,0.05208115339184649
1182557,1182786,worker,/pscratch/sd/s/satt/sprints/a_star_campaign/h5/h5_tr_209.py,0,0,0.0,333.5959029197693,,0.0,0.0
1182557,1182786,worker,/pscratch/sd/s/satt/sprints/data/converted_10M/mc_normalized_rntuple_10M_29.h5,21,4672608,0.15747523307800293,333.5959029197693,29.672018314686323,0.0004720538582749805,0.04720538582749805
1182557,1182787,worker,/pscratch/sd/s/satt/sprints/a_star_campaign/h5/h5_tr_209.py,0,0,0.0,333.60322618484497,,0.0,0.0
1182557,1182787,worker,/pscratch/sd/s/satt/sprints/data/converted_10M/mc_normalized_rntuple_10M_29.h5,19,3507568,0.17057442665100098,333.60322618484497,20.563270056751012,0.0005113092837911825,0.051130928379118264
1182557,1182788,worker,/pscratch/sd/s/satt/sprints/a_star_campaign/h5/h5_tr_209.py,0,0,0.0,333.6000814437866,,0.0,0.0
1182557,1182788,worker,/pscratch/sd/s/satt/sprints/data/converted_10M/mc_normalized_rntuple_10M_29.h5,21,4672608,0.1731109619140625,333.6000814437866,26.991982184927284,0.000518917624854455,0.0518917624854455
1182557,1182789,worker,/pscratch/sd/s/satt/sprints/a_star_campaign/h5/h5_tr_209.py,0,0,0.0,333.59221482276917,,0.0,0.0
1182557,1182789,worker,/pscratch/sd/s/satt/sprints/data/converted_10M/mc_normalized_rntuple_10M_29.h5,21,4672608,0.1681685447692871,333.59221482276917,27.78526749107819,0.0005041141168676004,0.05041141168676004
1182557,1182790,worker,/pscratch/sd/s/satt/sprints/a_star_campaign/h5/h5_tr_209.py,0,0,0.0,333.5803003311157,,0.0,0.0
1182557,1182790,worker,/pscratch/sd/s/satt/sprints/data/converted_10M/mc_normalized_rntuple_10M_29.h5,19,3507568,0.16942644119262695,333.5803003311157,20.70260093589596,0.0005079030177275226,0.050790301772752254
1182557,1182791,worker,/pscratch/sd/s/satt/sprints/a_star_campaign/h5/h5_tr_209.py,0,0,0.0,333.5803790092468,,0.0,0.0
1182557,1182791,worker,/pscratch/sd/s/satt/sprints/data/converted_10M/mc_normalized_rntuple_10M_29.h5,21,4672608,0.17022323608398438,333.5803790092468,27.449883502946914,0.0005102915123172332,0.051029151231723316
1182557,1182792,worker,/pscratch/sd/s/satt/sprints/a_star_campaign/h5/h5_tr_209.py,0,0,0.0,333.57213258743286,,0.0,0.0
1182557,1182792,worker,/pscratch/sd/s/satt/sprints/data/converted_10M/mc_normalized_rntuple_10M_29.h5,23,4677320,0.1688230037689209,333.57213258743286,27.70546605367924,0.000506106437787247,0.0506106437787247
1182557,1182793,worker,/pscratch/sd/s/satt/sprints/a_star_campaign/h5/h5_tr_209.py,0,0,0.0,333.5613474845886,,0.0,0.0
1182557,1182793,worker,/pscratch/sd/s/satt/sprints/data/converted_10M/mc_normalized_rntuple_10M_29.h5,21,4672608,0.16647982597351074,333.5613474845886,28.06711247249548,0.0004990980736495631,0.049909807364956316
1182557,1182794,worker,/pscratch/sd/s/satt/sprints/a_star_campaign/h5/h5_tr_209.py,0,0,0.0,333.5563507080078,,0.0,0.0
1182557,1182794,worker,/pscratch/sd/s/satt/sprints/data/converted_10M/mc_normalized_rntuple_10M_29.h5,19,3507568,0.15285897254943848,333.5563507080078,22.946431874423094,0.00045827031092341526,0.04582703109234152
1182557,1182795,worker,/pscratch/sd/s/satt/sprints/a_star_campaign/h5/h5_tr_209.py,0,0,0.0,333.5456418991089,,0.0,0.0
1182557,1182795,worker,/pscratch/sd/s/satt/sprints/data/converted_10M/mc_normalized_rntuple_10M_29.h5,21,4672608,0.17072224617004395,333.5456418991089,27.36964926847294,0.0005118407339937127,0.05118407339937127
1182557,1182796,worker,/pscratch/sd/s/satt/sprints/a_star_campaign/h5/h5_tr_209.py,0,0,0.0,333.5438108444214,,0.0,0.0
1182557,1182796,worker,/pscratch/sd/s/satt/sprints/data/converted_10M/mc_normalized_rntuple_10M_29.h5,21,4672608,0.1552441120147705,333.5438108444214,30.09845551859275,0.00046543844306912586,0.046543844306912587
1182557,1182797,worker,/pscratch/sd/s/satt/sprints/a_star_campaign/h5/h5_tr_209.py,0,0,0.0,333.5368421077728,,0.0,0.0
1182557,1182797,worker,/pscratch/sd/s/satt/sprints/data/converted_10M/mc_normalized_rntuple_10M_29.h5,19,3507568,0.16962146759033203,333.5368421077728,20.678797618184987,0.000508553917217708,0.050855391721770796
1182557,1182798,worker,/pscratch/sd/s/satt/sprints/a_star_campaign/h5/h5_tr_209.py,0,0,0.0,333.5384724140167,,0.0,0.0
1182557,1182798,worker,/pscratch/sd/s/satt/sprints/data/converted_10M/mc_normalized_rntuple_10M_29.h5,21,4672608,0.16777753829956055,333.5384724140167,27.850021208782028,0.0005030230458431212,0.05030230458431212
1182557,1182799,worker,/pscratch/sd/s/satt/sprints/a_star_campaign/h5/h5_tr_209.py,0,0,0.0,333.5134632587433,,0.0,0.0
1182557,1182799,worker,/pscratch/sd/s/satt/sprints/data/converted_10M/mc_normalized_rntuple_10M_29.h5,21,4672608,0.1674973964691162,333.5134632587433,27.896600774099515,0.0005022207944246315,0.05022207944246315
1182557,1182800,worker,/pscratch/sd/s/satt/sprints/a_star_campaign/h5/h5_tr_209.py,0,0,0.0,333.5206813812256,,0.0,0.0
1182557,1182800,worker,/pscratch/sd/s/satt/sprints/data/converted_10M/mc_normalized_rntuple_10M_29.h5,19,3507568,0.16031265258789062,333.5206813812256,21.87954564644854,0.0004806678012409304,0.048066780124093045
1182557,1182801,worker,/pscratch/sd/s/satt/sprints/a_star_campaign/h5/h5_tr_209.py,0,0,0.0,333.51932525634766,,0.0,0.0
1182557,1182801,worker,/pscratch/sd/s/satt/sprints/data/converted_10M/mc_normalized_rntuple_10M_29.h5,21,4672608,0.15993523597717285,333.51932525634766,29.21562575908482,0.0004795381372705896,0.04795381372705896
1182557,1182802,worker,/pscratch/sd/s/satt/sprints/a_star_campaign/h5/h5_tr_209.py,0,0,0.0,333.50529527664185,,0.0,0.0
1182557,1182802,worker,/pscratch/sd/s/satt/sprints/data/converted_10M/mc_normalized_rntuple_10M_29.h5,21,4672608,0.1397395133972168,333.50529527664185,33.43798676840866,0.000419002382799659,0.041900238279965904
1182557,1182803,worker,/pscratch/sd/s/satt/sprints/a_star_campaign/h5/h5_tr_209.py,0,0,0.0,333.50549936294556,,0.0,0.0
1182557,1182803,worker,/pscratch/sd/s/satt/sprints/data/converted_10M/mc_normalized_rntuple_10M_29.h5,19,3507568,0.1443934440612793,333.50549936294556,24.291739994174662,0.00043295671087012445,0.04329567108701245
1182557,1182804,worker,/pscratch/sd/s/satt/sprints/a_star_campaign/h5/h5_tr_209.py,0,0,0.0,333.4965968132019,,0.0,0.0
1182557,1182804,worker,/pscratch/sd/s/satt/sprints/data/converted_10M/mc_normalized_rntuple_10M_29.h5,21,4672608,0.1321556568145752,333.4965968132019,35.35685200790185,0.0003962728797757364,0.03962728797757364
1182557,1182805,worker,/pscratch/sd/s/satt/sprints/a_star_campaign/h5/h5_tr_209.py,0,0,0.0,333.49076533317566,,0.0,0.0
1182557,1182805,worker,/pscratch/sd/s/satt/sprints/data/converted_10M/mc_normalized_rntuple_10M_29.h5,21,4672608,0.15197420120239258,333.49076533317566,30.746060601280778,0.0004557073748370872,0.045570737483708726
1182557,1182806,worker,/pscratch/sd/s/satt/sprints/a_star_campaign/h5/h5_tr_209.py,0,0,0.0,333.4829077720642,,0.0,0.0
1182557,1182806,worker,/pscratch/sd/s/satt/sprints/data/converted_10M/mc_normalized_rntuple_10M_29.h5,19,3507568,0.1371312141418457,333.4829077720642,25.578188175099537,0.00041120912330407946,0.04112091233040795
1182557,1182807,worker,/pscratch/sd/s/satt/sprints/a_star_campaign/h5/h5_tr_209.py,0,0,0.0,333.46210765838623,,0.0,0.0
1182557,1182807,worker,/pscratch/sd/s/satt/sprints/data/converted_10M/mc_normalized_rntuple_10M_29.h5,21,4672608,0.15483546257019043,333.46210765838623,30.177892857599087,0.0004643270075195798,0.04643270075195798
1182557,1182808,worker,/pscratch/sd/s/satt/sprints/a_star_campaign/h5/h5_tr_209.py,0,0,0.0,333.473185300827,,0.0,0.0
1182557,1182808,worker,/pscratch/sd/s/satt/sprints/data/converted_10M/mc_normalized_rntuple_10M_29.h5,21,4672608,0.12656283378601074,333.473185300827,36.919274483853044,0.0003795292676136406,0.03795292676136406
1182557,1182809,worker,/pscratch/sd/s/satt/sprints/a_star_campaign/h5/h5_tr_209.py,0,0,0.0,333.4632360935211,,0.0,0.0
1182557,1182809,worker,/pscratch/sd/s/satt/sprints/data/converted_10M/mc_normalized_rntuple_10M_29.h5,19,3507568,0.14121627807617188,333.4632360935211,24.838269693724843,0.00042348379908532764,0.04234837990853276
1182557,1182810,worker,/pscratch/sd/s/satt/sprints/a_star_campaign/h5/h5_tr_209.py,0,0,0.0,333.4485776424408,,0.0,0.0
1182557,1182810,worker,/pscratch/sd/s/satt/sprints/data/converted_10M/mc_normalized_rntuple_10M_29.h5,21,4672608,0.14016485214233398,333.4485776424408,33.33651716947613,0.00042034922785795693,0.042034922785795695
1182557,1182811,worker,/pscratch/sd/s/satt/sprints/a_star_campaign/h5/h5_tr_209.py,0,0,0.0,333.4499201774597,,0.0,0.0
1182557,1182811,worker,/pscratch/sd/s/satt/sprints/data/converted_10M/mc_normalized_rntuple_10M_29.h5,21,4672608,0.1604306697845459,333.4499201774597,29.125403554539716,0.0004811237312612515,0.04811237312612515
1182557,1182812,worker,/pscratch/sd/s/satt/sprints/a_star_campaign/h5/h5_tr_209.py,0,0,0.0,333.44198083877563,,0.0,0.0
1182557,1182812,worker,/pscratch/sd/s/satt/sprints/data/converted_10M/mc_normalized_rntuple_10M_29.h5,19,3507568,0.13778948783874512,333.44198083877563,25.455991273477284,0.00041323377306041277,0.04132337730604128
1182557,1182813,worker,/pscratch/sd/s/satt/sprints/a_star_campaign/h5/h5_tr_209.py,0,0,0.0,333.4372570514679,,0.0,0.0
1182557,1182813,worker,/pscratch/sd/s/satt/sprints/data/converted_10M/mc_normalized_rntuple_10M_29.h5,23,4677320,0.13378620147705078,333.4372570514679,34.96115405296361,0.00040123351139611895,0.04012335113961189
1182557,1182814,worker,/pscratch/sd/s/satt/sprints/a_star_campaign/h5/h5_tr_209.py,0,0,0.0,333.4319040775299,,0.0,0.0
1182557,1182814,worker,/pscratch/sd/s/satt/sprints/data/converted_10M/mc_normalized_rntuple_10M_29.h5,21,4672608,0.14111709594726562,333.4319040775299,33.11156574357311,0.0004232261346966154,0.04232261346966154
1182557,1182815,worker,/pscratch/sd/s/satt/sprints/a_star_campaign/h5/h5_tr_209.py,0,0,0.0,333.41564774513245,,0.0,0.0
1182557,1182815,worker,/pscratch/sd/s/satt/sprints/data/converted_10M/mc_normalized_rntuple_10M_29.h5,21,4672608,0.133955717086792,333.41564774513245,34.88173630523395,0.00040176793738603894,0.040176793738603896
1182557,1182816,worker,/pscratch/sd/s/satt/sprints/a_star_campaign/h5/h5_tr_209.py,0,0,0.0,333.40452098846436,,0.0,0.0
1182557,1182816,worker,/pscratch/sd/s/satt/sprints/data/converted_10M/mc_normalized_rntuple_10M_29.h5,19,3507568,0.13440871238708496,333.40452098846436,26.096284516873585,0.00040314004137854937,0.040314004137854936
1182557,1182817,worker,/pscratch/sd/s/satt/sprints/a_star_campaign/h5/h5_tr_209.py,0,0,0.0,333.411563873291,,0.0,0.0
1182557,1182817,worker,/pscratch/sd/s/satt/sprints/data/converted_10M/mc_normalized_rntuple_10M_29.h5,21,4672608,0.133774995803833,333.411563873291,34.92885925297946,0.00040123082189996435,0.04012308218999643
1182557,1182818,worker,/pscratch/sd/s/satt/sprints/a_star_campaign/h5/h5_tr_209.py,0,0,0.0,333.4091818332672,,0.0,0.0
1182557,1182818,worker,/pscratch/sd/s/satt/sprints/data/converted_10M/mc_normalized_rntuple_10M_29.h5,21,4672608,0.13136506080627441,333.4091818332672,35.569640597896495,0.00039400552823397664,0.03940055282339766
1182557,1182819,worker,/pscratch/sd/s/satt/sprints/a_star_campaign/h5/h5_tr_209.py,0,0,0.0,333.3994915485382,,0.0,0.0
1182557,1182819,worker,/pscratch/sd/s/satt/sprints/data/converted_10M/mc_normalized_rntuple_10M_29.h5,19,3507568,0.13871097564697266,333.3994915485382,25.286881471636107,0.0004160503514948472,0.04160503514948472
1182557,1182820,worker,/pscratch/sd/s/satt/sprints/a_star_campaign/h5/h5_tr_209.py,0,0,0.0,333.3925428390503,,0.0,0.0
1182557,1182820,worker,/pscratch/sd/s/satt/sprints/data/converted_10M/mc_normalized_rntuple_10M_29.h5,21,4672608,0.12044095993041992,333.3925428390503,38.795838248876606,0.00036125870994230486,0.03612587099423049
1182557,1182821,worker,/pscratch/sd/s/satt/sprints/a_star_campaign/h5/h5_tr_209.py,0,0,0.0,333.3884971141815,,0.0,0.0
1182557,1182821,worker,/pscratch/sd/s/satt/sprints/data/converted_10M/mc_normalized_rntuple_10M_29.h5,21,4672608,0.1279609203338623,333.3884971141815,36.51589866506679,0.0003838192422398942,0.03838192422398942
1182557,1182822,worker,/pscratch/sd/s/satt/sprints/a_star_campaign/h5/h5_tr_209.py,0,0,0.0,333.37903928756714,,0.0,0.0
1182557,1182822,worker,/pscratch/sd/s/satt/sprints/data/converted_10M/mc_normalized_rntuple_10M_29.h5,19,3507568,0.1341845989227295,333.37903928756714,26.139870209843092,0.0004024986070194537,0.04024986070194537
1182557,1182823,worker,/pscratch/sd/s/satt/sprints/a_star_campaign/h5/h5_tr_209.py,0,0,0.0,333.37305092811584,,0.0,0.0
1182557,1182823,worker,/pscratch/sd/s/satt/sprints/data/converted_10M/mc_normalized_rntuple_10M_29.h5,21,4672608,0.13272309303283691,333.37305092811584,35.20568947895114,0.000398121841772554,0.0398121841772554
1182557,1182824,worker,/pscratch/sd/s/satt/sprints/a_star_campaign/h5/h5_tr_209.py,0,0,0.0,333.3699629306793,,0.0,0.0
1182557,1182824,worker,/pscratch/sd/s/satt/sprints/data/converted_10M/mc_normalized_rntuple_10M_29.h5,21,4672608,0.13408160209655762,333.3699629306793,34.84898693733586,0.00040220060895059835,0.040220060895059834
1182557,1182825,worker,/pscratch/sd/s/satt/sprints/a_star_campaign/h5/h5_tr_209.py,0,0,0.0,333.3464639186859,,0.0,0.0
1182557,1182825,worker,/pscratch/sd/s/satt/sprints/data/converted_10M/mc_normalized_rntuple_10M_29.h5,19,3507568,0.13910555839538574,333.3464639186859,25.215153445057084,0.0004173002369970186,0.04173002369970186
1182557,1182826,worker,/pscratch/sd/s/satt/sprints/a_star_campaign/h5/h5_tr_209.py,0,0,0.0,333.34401750564575,,0.0,0.0
1182557,1182826,worker,/pscratch/sd/s/satt/sprints/data/converted_10M/mc_normalized_rntuple_10M_29.h5,21,4672608,0.131422758102417,333.34401750564575,35.554024793473474,0.0003942556374217549,0.03942556374217549
1182557,1182827,worker,/pscratch/sd/s/satt/sprints/a_star_campaign/h5/h5_tr_209.py,0,0,0.0,333.3483033180237,,0.0,0.0
1182557,1182827,worker,/pscratch/sd/s/satt/sprints/data/converted_10M/mc_normalized_rntuple_10M_29.h5,21,4672608,0.1282804012298584,333.3483033180237,36.42495623027728,0.00038482392126494574,0.038482392126494576
1182557,1182828,worker,/pscratch/sd/s/satt/sprints/a_star_campaign/h5/h5_tr_209.py,0,0,0.0,333.34351682662964,,0.0,0.0
1182557,1182828,worker,/pscratch/sd/s/satt/sprints/data/converted_10M/mc_normalized_rntuple_10M_29.h5,19,3507568,0.14200949668884277,333.34351682662964,24.69953124110733,0.00042601547508932424,0.04260154750893242
1182557,1182829,worker,/pscratch/sd/s/satt/sprints/a_star_campaign/h5/h5_tr_209.py,0,0,0.0,333.3334515094757,,0.0,0.0
1182557,1182829,worker,/pscratch/sd/s/satt/sprints/data/converted_10M/mc_normalized_rntuple_10M_29.h5,21,4672608,0.13777875900268555,333.3334515094757,33.91384879514645,0.0004133361304686484,0.041333613046864844
1182557,1182830,worker,/pscratch/sd/s/satt/sprints/a_star_campaign/h5/h5_tr_209.py,0,0,0.0,333.3309338092804,,0.0,0.0
1182557,1182830,worker,/pscratch/sd/s/satt/sprints/data/converted_10M/mc_normalized_rntuple_10M_29.h5,21,4672608,0.13144946098327637,333.3309338092804,35.54680228467785,0.00039435122171555453,0.03943512217155545
1182557,1182831,worker,/pscratch/sd/s/satt/sprints/a_star_campaign/h5/h5_tr_209.py,0,0,0.0,333.3241226673126,,0.0,0.0
1182557,1182831,worker,/pscratch/sd/s/satt/sprints/data/converted_10M/mc_normalized_rntuple_10M_29.h5,19,3507568,0.1301121711730957,333.3241226673126,26.958031430692834,0.0003903472995951131,0.03903472995951131
1182557,1182832,worker,/pscratch/sd/s/satt/sprints/a_star_campaign/h5/h5_tr_209.py,0,0,0.0,333.31334805488586,,0.0,0.0
1182557,1182832,worker,/pscratch/sd/s/satt/sprints/data/converted_10M/mc_normalized_rntuple_10M_29.h5,21,4672608,0.12742352485656738,333.31334805488586,36.66990067383288,0.00038229349529555855,0.03822934952955585
1182557,1182833,worker,/pscratch/sd/s/satt/sprints/a_star_campaign/h5/h5_tr_209.py,0,0,0.0,333.30821323394775,,0.0,0.0
1182557,1182833,worker,/pscratch/sd/s/satt/sprints/data/converted_10M/mc_normalized_rntuple_10M_29.h5,21,4672608,0.14615774154663086,333.30821323394775,31.96962371308419,0.00043850627060318886,0.043850627060318885
1182557,1182834,worker,/pscratch/sd/s/satt/sprints/a_star_campaign/h5/h5_tr_209.py,0,0,0.0,333.3026876449585,,0.0,0.0
1182557,1182834,worker,/pscratch/sd/s/satt/sprints/data/converted_10M/mc_normalized_rntuple_10M_29.h5,19,3507568,0.12331676483154297,333.3026876449585,28.443561625959926,0.0003699843097662109,0.036998430976621095
1182557,1182835,worker,/pscratch/sd/s/satt/sprints/a_star_campaign/h5/h5_tr_209.py,0,0,0.0,333.2941265106201,,0.0,0.0
1182557,1182835,worker,/pscratch/sd/s/satt/sprints/data/converted_10M/mc_normalized_rntuple_10M_29.h5,21,4672608,0.13472557067871094,333.2941265106201,34.68241386145679,0.00040422425708248427,0.04042242570824842
