run_id,pid,role,run_time,any_partial,fmt,script,script_variant,strategy,model,workers,epochs,batch,data_path,batches_in_memory,block_rows,prefetch_factor,log_every,seed,device,tree_name,target_col,torch_num_threads,torch_interop_threads,shuffle,persistent_workers,n_files,reads,bytes_read,read_time,effective_read_bandwidth_MBps,read_time_per_runtime,read_time_pct_runtime,n_records
969233,969233,parent,328.52258801460266,False,npz,npz_tr_106.py,106,stream,M2,32,1,64,/pscratch/sd/s/satt/sprints/data/converted_10M/mc_normalized_rntuple_10M_106.npz,,1024,,5000,,,,,,,,true,2,18,8671639,0.013812780380249023,627.7982246354709,4.204514661754416e-05,0.0042045146617544155,2
969233,969311,worker,316.8841631412506,False,npz,npz_tr_106.py,106,stream,M2,32,1,64,/pscratch/sd/s/satt/sprints/data/converted_10M/mc_normalized_rntuple_10M_106.npz,,1024,,5000,,,,,,,,true,2,13,29360504,0.034008026123046875,863.3404330427369,0.0001073200559659646,0.01073200559659646,2
969233,969312,worker,316.8621323108673,False,npz,npz_tr_106.py,106,stream,M2,32,1,64,/pscratch/sd/s/satt/sprints/data/converted_10M/mc_normalized_rntuple_10M_106.npz,,1024,,5000,,,,,,,,true,2,15,37749112,0.04401826858520508,857.5783013121012,0.00013891930936707706,0.013891930936707705,2
969233,969313,worker,316.8608684539795,False,npz,npz_tr_106.py,106,stream,M2,32,1,64,/pscratch/sd/s/satt/sprints/data/converted_10M/mc_normalized_rntuple_10M_106.npz,,1024,,5000,,,,,,,,true,2,15,37749112,0.06728672981262207,561.0186749322269,0.00021235417974117785,0.021235417974117786,2
969233,969314,worker,316.8624007701874,False,npz,npz_tr_106.py,106,stream,M2,32,1,64,/pscratch/sd/s/satt/sprints/data/converted_10M/mc_normalized_rntuple_10M_106.npz,,1024,,5000,,,,,,,,true,2,15,37749112,0.06553769111633301,575.9908742130273,0.0002068332845961926,0.02068332845961926,2
969233,969315,worker,316.8620183467865,False,npz,npz_tr_106.py,106,stream,M2,32,1,64,/pscratch/sd/s/satt/sprints/data/converted_10M/mc_normalized_rntuple_10M_106.npz,,1024,,5000,,,,,,,,true,2,15,37749112,0.07401514053344727,510.01878437211457,0.0002335879223379879,0.023358792233798793,2
969233,969316,worker,316.858553647995,False,npz,npz_tr_106.py,106,stream,M2,32,1,64,/pscratch/sd/s/satt/sprints/data/converted_10M/mc_normalized_rntuple_10M_106.npz,,1024,,5000,,,,,,,,true,2,15,37749112,0.0799858570098877,471.9473343310371,0.0002524339522762125,0.025243395227621254,2
969233,969317,worker,316.8499524593353,False,npz,npz_tr_106.py,106,stream,M2,32,1,64,/pscratch/sd/s/satt/sprints/data/converted_10M/mc_normalized_rntuple_10M_106.npz,,1024,,5000,,,,,,,,true,2,15,37749112,0.05965924263000488,632.7454110356832,0.00018828862736743374,0.018828862736743373,2
969233,969318,worker,316.84712266921997,False,npz,npz_tr_106.py,106,stream,M2,32,1,64,/pscratch/sd/s/satt/sprints/data/converted_10M/mc_normalized_rntuple_10M_106.npz,,1024,,5000,,,,,,,,true,2,15,37749112,0.07463836669921875,505.7601561958499,0.00023556586555194706,0.023556586555194707,2
969233,969319,worker,316.84261751174927,False,npz,npz_tr_106.py,106,stream,M2,32,1,64,/pscratch/sd/s/satt/sprints/data/converted_10M/mc_normalized_rntuple_10M_106.npz,,1024,,5000,,,,,,,,true,2,15,37749112,0.08499574661254883,444.1294241708172,0.00026825856723455767,0.026825856723455766,2
969233,969320,worker,316.8390164375305,False,npz,npz_tr_106.py,106,stream,M2,32,1,64,/pscratch/sd/s/satt/sprints/data/converted_10M/mc_normalized_rntuple_10M_106.npz,,1024,,5000,,,,,,,,true,2,15,37749112,0.08552670478820801,441.3722251252296,0.0002699374141160133,0.026993741411601328,2
969233,969321,worker,316.8314895629883,False,npz,npz_tr_106.py,106,stream,M2,32,1,64,/pscratch/sd/s/satt/sprints/data/converted_10M/mc_normalized_rntuple_10M_106.npz,,1024,,5000,,,,,,,,true,2,15,37749112,0.08674263954162598,435.1851891927382,0.0002737816233521225,0.027378162335212248,2
969233,969322,worker,316.82847237586975,False,npz,npz_tr_106.py,106,stream,M2,32,1,64,/pscratch/sd/s/satt/sprints/data/converted_10M/mc_normalized_rntuple_10M_106.npz,,1024,,5000,,,,,,,,true,2,15,37749112,0.08496546745300293,444.2876986568716,0.0002681749743508029,0.026817497435080287,2
969233,969323,worker,316.82503390312195,False,npz,npz_tr_106.py,106,stream,M2,32,1,64,/pscratch/sd/s/satt/sprints/data/converted_10M/mc_normalized_rntuple_10M_106.npz,,1024,,5000,,,,,,,,true,2,15,37749112,0.06920957565307617,545.4319238890198,0.0002184473076525857,0.021844730765258568,2
969233,969324,worker,316.81718015670776,False,npz,npz_tr_106.py,106,stream,M2,32,1,64,/pscratch/sd/s/satt/sprints/data/converted_10M/mc_normalized_rntuple_10M_106.npz,,1024,,5000,,,,,,,,true,2,15,37749112,0.07280945777893066,518.4644021744617,0.00022981537094332073,0.022981537094332073,2
969233,969325,worker,316.81287360191345,False,npz,npz_tr_106.py,106,stream,M2,32,1,64,/pscratch/sd/s/satt/sprints/data/converted_10M/mc_normalized_rntuple_10M_106.npz,,1024,,5000,,,,,,,,true,2,15,37749112,0.07239580154418945,521.4268119810571,0.0002285128149027092,0.02285128149027092,2
969233,969326,worker,316.8057863712311,False,npz,npz_tr_106.py,106,stream,M2,32,1,64,/pscratch/sd/s/satt/sprints/data/converted_10M/mc_normalized_rntuple_10M_106.npz,,1024,,5000,,,,,,,,true,2,15,37749112,0.07657289505004883,492.9826928357194,0.00024170295601962642,0.02417029560196264,2
969233,969327,worker,316.80158829689026,False,npz,npz_tr_106.py,106,stream,M2,32,1,64,/pscratch/sd/s/satt/sprints/data/converted_10M/mc_normalized_rntuple_10M_106.npz,,1024,,5000,,,,,,,,true,2,15,37749112,0.09299898147583008,405.9088755698984,0.00029355591926097347,0.02935559192609735,2
969233,969328,worker,316.79455828666687,False,npz,npz_tr_106.py,106,stream,M2,32,1,64,/pscratch/sd/s/satt/sprints/data/converted_10M/mc_normalized_rntuple_10M_106.npz,,1024,,5000,,,,,,,,true,2,15,37749112,0.0864250659942627,436.7843005466257,0.00027281108129406943,0.027281108129406945,2
969233,969329,worker,316.7919406890869,False,npz,npz_tr_106.py,106,stream,M2,32,1,64,/pscratch/sd/s/satt/sprints/data/converted_10M/mc_normalized_rntuple_10M_106.npz,,1024,,5000,,,,,,,,true,2,15,37749112,0.0742485523223877,508.4154615714675,0.00023437639278600962,0.02343763927860096,2
969233,969330,worker,316.7856786251068,False,npz,npz_tr_106.py,106,stream,M2,32,1,64,/pscratch/sd/s/satt/sprints/data/converted_10M/mc_normalized_rntuple_10M_106.npz,,1024,,5000,,,,,,,,true,2,15,37749112,0.0895528793334961,421.52873565820045,0.00028269232284163805,0.028269232284163805,2
969233,969331,worker,316.78294920921326,False,npz,npz_tr_106.py,106,stream,M2,32,1,64,/pscratch/sd/s/satt/sprints/data/converted_10M/mc_normalized_rntuple_10M_106.npz,,1024,,5000,,,,,,,,true,2,15,37749112,0.08429718017578125,447.8099020783781,0.0002661039061168308,0.026610390611683077,2
969233,969332,worker,316.77839279174805,False,npz,npz_tr_106.py,106,stream,M2,32,1,64,/pscratch/sd/s/satt/sprints/data/converted_10M/mc_normalized_rntuple_10M_106.npz,,1024,,5000,,,,,,,,true,2,15,37749112,0.08840370178222656,427.00827271906616,0.00027907112288540355,0.02790711228854036,2
969233,969333,worker,316.77230858802795,False,npz,npz_tr_106.py,106,stream,M2,32,1,64,/pscratch/sd/s/satt/sprints/data/converted_10M/mc_normalized_rntuple_10M_106.npz,,1024,,5000,,,,,,,,true,2,15,37749112,0.09360194206237793,403.2941108726499,0.0002954865041063615,0.02954865041063615,2
969233,969334,worker,316.75422954559326,False,npz,npz_tr_106.py,106,stream,M2,32,1,64,/pscratch/sd/s/satt/sprints/data/converted_10M/mc_normalized_rntuple_10M_106.npz,,1024,,5000,,,,,,,,true,2,15,37749112,0.08935093879699707,422.4814255814924,0.00028208285939915445,0.028208285939915444,2
969233,969335,worker,316.7479546070099,False,npz,npz_tr_106.py,106,stream,M2,32,1,64,/pscratch/sd/s/satt/sprints/data/converted_10M/mc_normalized_rntuple_10M_106.npz,,1024,,5000,,,,,,,,true,2,15,37749112,0.08614134788513184,438.22290835683066,0.0002719554984719875,0.027195549847198748,2
969233,969336,worker,316.7410979270935,False,npz,npz_tr_106.py,106,stream,M2,32,1,64,/pscratch/sd/s/satt/sprints/data/converted_10M/mc_normalized_rntuple_10M_106.npz,,1024,,5000,,,,,,,,true,2,15,37749112,0.0832834243774414,453.2608052824605,0.00026293848484610396,0.026293848484610395,2
969233,969337,worker,316.7345516681671,False,npz,npz_tr_106.py,106,stream,M2,32,1,64,/pscratch/sd/s/satt/sprints/data/converted_10M/mc_normalized_rntuple_10M_106.npz,,1024,,5000,,,,,,,,true,2,15,37749112,0.07772636413574219,485.66676725125757,0.00024539906911442256,0.024539906911442255,2
969233,969338,worker,316.72017669677734,False,npz,npz_tr_106.py,106,stream,M2,32,1,64,/pscratch/sd/s/satt/sprints/data/converted_10M/mc_normalized_rntuple_10M_106.npz,,1024,,5000,,,,,,,,true,2,15,37749112,0.05845355987548828,645.7966303576591,0.00018455900247697435,0.018455900247697433,2
969233,969339,worker,316.72322630882263,False,npz,npz_tr_106.py,106,stream,M2,32,1,64,/pscratch/sd/s/satt/sprints/data/converted_10M/mc_normalized_rntuple_10M_106.npz,,1024,,5000,,,,,,,,true,2,15,37749112,0.0738213062286377,511.35795244646977,0.000233078284434555,0.0233078284434555,2
969233,969340,worker,316.7184534072876,False,npz,npz_tr_106.py,106,stream,M2,32,1,64,/pscratch/sd/s/satt/sprints/data/converted_10M/mc_normalized_rntuple_10M_106.npz,,1024,,5000,,,,,,,,true,2,15,37749112,0.059377193450927734,635.7510317694241,0.00018747626736662223,0.018747626736662224,2
969233,969341,worker,316.71255016326904,False,npz,npz_tr_106.py,106,stream,M2,32,1,64,/pscratch/sd/s/satt/sprints/data/converted_10M/mc_normalized_rntuple_10M_106.npz,,1024,,5000,,,,,,,,true,2,15,37749112,0.05916738510131836,638.0054135459651,0.00018681730506358804,0.018681730506358803,2
969233,969342,worker,316.70758986473083,False,npz,npz_tr_106.py,106,stream,M2,32,1,64,/pscratch/sd/s/satt/sprints/data/converted_10M/mc_normalized_rntuple_10M_106.npz,,1024,,5000,,,,,,,,true,2,15,36054932,0.053524017333984375,673.6215589913762,0.00016900137239162804,0.016900137239162803,2
