run_id,pid,role,file,reads,seq_reads,consec_reads,seeks,consecutive_reads,sequential_gap_reads,nonsequential_reads,consecutive_ratio,sequential_gap_ratio,nonsequential_ratio,sequential_ratio,seeks_per_read,seeks_per_1000_reads
982128,982128,parent,/pscratch/sd/s/satt/sprints/a_star_campaign/h5/h5_tr_107.py,10,5,5,13,5,0,5,0.5,0.0,0.5,0.5,1.3,1300.0
982128,982128,parent,/pscratch/sd/s/satt/sprints/data/converted_10M/mc_normalized_rntuple_10M_7.h5,1417,1384,1333,0,1333,51,33,0.9407198306280875,0.03599153140437544,0.02328863796753705,0.976711362032463,0.0,0.0
982128,982155,worker,/pscratch/sd/s/satt/sprints/a_star_campaign/h5/h5_tr_107.py,0,0,0,0,0,0,0,,,,,,
982128,982156,worker,/pscratch/sd/s/satt/sprints/a_star_campaign/h5/h5_tr_107.py,0,0,0,0,0,0,0,,,,,,
982128,982157,worker,/pscratch/sd/s/satt/sprints/a_star_campaign/h5/h5_tr_107.py,0,0,0,0,0,0,0,,,,,,
982128,982158,worker,/pscratch/sd/s/satt/sprints/a_star_campaign/h5/h5_tr_107.py,0,0,0,0,0,0,0,,,,,,
982128,982159,worker,/pscratch/sd/s/satt/sprints/a_star_campaign/h5/h5_tr_107.py,0,0,0,0,0,0,0,,,,,,
982128,982160,worker,/pscratch/sd/s/satt/sprints/a_star_campaign/h5/h5_tr_107.py,0,0,0,0,0,0,0,,,,,,
982128,982161,worker,/pscratch/sd/s/satt/sprints/a_star_campaign/h5/h5_tr_107.py,0,0,0,0,0,0,0,,,,,,
982128,982162,worker,/pscratch/sd/s/satt/sprints/a_star_campaign/h5/h5_tr_107.py,0,0,0,0,0,0,0,,,,,,
982128,982163,worker,/pscratch/sd/s/satt/sprints/a_star_campaign/h5/h5_tr_107.py,0,0,0,0,0,0,0,,,,,,
982128,982164,worker,/pscratch/sd/s/satt/sprints/a_star_campaign/h5/h5_tr_107.py,0,0,0,0,0,0,0,,,,,,
982128,982165,worker,/pscratch/sd/s/satt/sprints/a_star_campaign/h5/h5_tr_107.py,0,0,0,0,0,0,0,,,,,,
982128,982166,worker,/pscratch/sd/s/satt/sprints/a_star_campaign/h5/h5_tr_107.py,0,0,0,0,0,0,0,,,,,,
982128,982167,worker,/pscratch/sd/s/satt/sprints/a_star_campaign/h5/h5_tr_107.py,0,0,0,0,0,0,0,,,,,,
982128,982168,worker,/pscratch/sd/s/satt/sprints/a_star_campaign/h5/h5_tr_107.py,0,0,0,0,0,0,0,,,,,,
982128,982169,worker,/pscratch/sd/s/satt/sprints/a_star_campaign/h5/h5_tr_107.py,0,0,0,0,0,0,0,,,,,,
982128,982170,worker,/pscratch/sd/s/satt/sprints/a_star_campaign/h5/h5_tr_107.py,0,0,0,0,0,0,0,,,,,,
982128,982171,worker,/pscratch/sd/s/satt/sprints/a_star_campaign/h5/h5_tr_107.py,0,0,0,0,0,0,0,,,,,,
982128,982172,worker,/pscratch/sd/s/satt/sprints/a_star_campaign/h5/h5_tr_107.py,0,0,0,0,0,0,0,,,,,,
982128,982173,worker,/pscratch/sd/s/satt/sprints/a_star_campaign/h5/h5_tr_107.py,0,0,0,0,0,0,0,,,,,,
982128,982174,worker,/pscratch/sd/s/satt/sprints/a_star_campaign/h5/h5_tr_107.py,0,0,0,0,0,0,0,,,,,,
982128,982175,worker,/pscratch/sd/s/satt/sprints/a_star_campaign/h5/h5_tr_107.py,0,0,0,0,0,0,0,,,,,,
982128,982176,worker,/pscratch/sd/s/satt/sprints/a_star_campaign/h5/h5_tr_107.py,0,0,0,0,0,0,0,,,,,,
982128,982177,worker,/pscratch/sd/s/satt/sprints/a_star_campaign/h5/h5_tr_107.py,0,0,0,0,0,0,0,,,,,,
982128,982178,worker,/pscratch/sd/s/satt/sprints/a_star_campaign/h5/h5_tr_107.py,0,0,0,0,0,0,0,,,,,,
982128,982179,worker,/pscratch/sd/s/satt/sprints/a_star_campaign/h5/h5_tr_107.py,0,0,0,0,0,0,0,,,,,,
982128,982180,worker,/pscratch/sd/s/satt/sprints/a_star_campaign/h5/h5_tr_107.py,0,0,0,0,0,0,0,,,,,,
982128,982181,worker,/pscratch/sd/s/satt/sprints/a_star_campaign/h5/h5_tr_107.py,0,0,0,0,0,0,0,,,,,,
982128,982182,worker,/pscratch/sd/s/satt/sprints/a_star_campaign/h5/h5_tr_107.py,0,0,0,0,0,0,0,,,,,,
982128,982183,worker,/pscratch/sd/s/satt/sprints/a_star_campaign/h5/h5_tr_107.py,0,0,0,0,0,0,0,,,,,,
982128,982184,worker,/pscratch/sd/s/satt/sprints/a_star_campaign/h5/h5_tr_107.py,0,0,0,0,0,0,0,,,,,,
982128,982185,worker,/pscratch/sd/s/satt/sprints/a_star_campaign/h5/h5_tr_107.py,0,0,0,0,0,0,0,,,,,,
982128,982186,worker,/pscratch/sd/s/satt/sprints/a_star_campaign/h5/h5_tr_107.py,0,0,0,0,0,0,0,,,,,,
982128,982187,worker,/pscratch/sd/s/satt/sprints/a_star_campaign/h5/h5_tr_107.py,0,0,0,0,0,0,0,,,,,,
982128,982188,worker,/pscratch/sd/s/satt/sprints/a_star_campaign/h5/h5_tr_107.py,0,0,0,0,0,0,0,,,,,,
982128,982189,worker,/pscratch/sd/s/satt/sprints/a_star_campaign/h5/h5_tr_107.py,0,0,0,0,0,0,0,,,,,,
982128,982190,worker,/pscratch/sd/s/satt/sprints/a_star_campaign/h5/h5_tr_107.py,0,0,0,0,0,0,0,,,,,,
982128,982191,worker,/pscratch/sd/s/satt/sprints/a_star_campaign/h5/h5_tr_107.py,0,0,0,0,0,0,0,,,,,,
982128,982192,worker,/pscratch/sd/s/satt/sprints/a_star_campaign/h5/h5_tr_107.py,0,0,0,0,0,0,0,,,,,,
982128,982193,worker,/pscratch/sd/s/satt/sprints/a_star_campaign/h5/h5_tr_107.py,0,0,0,0,0,0,0,,,,,,
982128,982194,worker,/pscratch/sd/s/satt/sprints/a_star_campaign/h5/h5_tr_107.py,0,0,0,0,0,0,0,,,,,,
982128,982195,worker,/pscratch/sd/s/satt/sprints/a_star_campaign/h5/h5_tr_107.py,0,0,0,0,0,0,0,,,,,,
982128,982196,worker,/pscratch/sd/s/satt/sprints/a_star_campaign/h5/h5_tr_107.py,0,0,0,0,0,0,0,,,,,,
982128,982197,worker,/pscratch/sd/s/satt/sprints/a_star_campaign/h5/h5_tr_107.py,0,0,0,0,0,0,0,,,,,,
982128,982198,worker,/pscratch/sd/s/satt/sprints/a_star_campaign/h5/h5_tr_107.py,0,0,0,0,0,0,0,,,,,,
982128,982199,worker,/pscratch/sd/s/satt/sprints/a_star_campaign/h5/h5_tr_107.py,0,0,0,0,0,0,0,,,,,,
982128,982200,worker,/pscratch/sd/s/satt/sprints/a_star_campaign/h5/h5_tr_107.py,0,0,0,0,0,0,0,,,,,,
982128,982201,worker,/pscratch/sd/s/satt/sprints/a_star_campaign/h5/h5_tr_107.py,0,0,0,0,0,0,0,,,,,,
982128,982202,worker,/pscratch/sd/s/satt/sprints/a_star_campaign/h5/h5_tr_107.py,0,0,0,0,0,0,0,,,,,,
982128,982203,worker,/pscratch/sd/s/satt/sprints/a_star_campaign/h5/h5_tr_107.py,0,0,0,0,0,0,0,,,,,,
982128,982204,worker,/pscratch/sd/s/satt/sprints/a_star_campaign/h5/h5_tr_107.py,0,0,0,0,0,0,0,,,,,,
982128,982205,worker,/pscratch/sd/s/satt/sprints/a_star_campaign/h5/h5_tr_107.py,0,0,0,0,0,0,0,,,,,,
982128,982206,worker,/pscratch/sd/s/satt/sprints/a_star_campaign/h5/h5_tr_107.py,0,0,0,0,0,0,0,,,,,,
982128,982207,worker,/pscratch/sd/s/satt/sprints/a_star_campaign/h5/h5_tr_107.py,0,0,0,0,0,0,0,,,,,,
982128,982208,worker,/pscratch/sd/s/satt/sprints/a_star_campaign/h5/h5_tr_107.py,0,0,0,0,0,0,0,,,,,,
982128,982209,worker,/pscratch/sd/s/satt/sprints/a_star_campaign/h5/h5_tr_107.py,0,0,0,0,0,0,0,,,,,,
982128,982210,worker,/pscratch/sd/s/satt/sprints/a_star_campaign/h5/h5_tr_107.py,0,0,0,0,0,0,0,,,,,,
982128,982211,worker,/pscratch/sd/s/satt/sprints/a_star_campaign/h5/h5_tr_107.py,0,0,0,0,0,0,0,,,,,,
982128,982212,worker,/pscratch/sd/s/satt/sprints/a_star_campaign/h5/h5_tr_107.py,0,0,0,0,0,0,0,,,,,,
982128,982213,worker,/pscratch/sd/s/satt/sprints/a_star_campaign/h5/h5_tr_107.py,0,0,0,0,0,0,0,,,,,,
982128,982214,worker,/pscratch/sd/s/satt/sprints/a_star_campaign/h5/h5_tr_107.py,0,0,0,0,0,0,0,,,,,,
982128,982215,worker,/pscratch/sd/s/satt/sprints/a_star_campaign/h5/h5_tr_107.py,0,0,0,0,0,0,0,,,,,,
982128,982216,worker,/pscratch/sd/s/satt/sprints/a_star_campaign/h5/h5_tr_107.py,0,0,0,0,0,0,0,,,,,,
982128,982217,worker,/pscratch/sd/s/satt/sprints/a_star_campaign/h5/h5_tr_107.py,0,0,0,0,0,0,0,,,,,,
982128,982218,worker,/pscratch/sd/s/satt/sprints/a_star_campaign/h5/h5_tr_107.py,0,0,0,0,0,0,0,,,,,,
