run_id,pid,role,run_time,any_partial,fmt,script,script_variant,strategy,model,workers,epochs,batch,data_path,batches_in_memory,block_rows,prefetch_factor,log_every,seed,device,tree_name,target_col,torch_num_threads,torch_interop_threads,shuffle,persistent_workers,n_files,reads,writes,opens,stats,seeks,metadata_ops,tracked_ops,metadata_ops_fraction,metadata_ops_pct,opens_per_file,stats_per_file,metadata_ops_per_file,opens_per_1000_reads,stats_per_1000_reads,metadata_ops_per_1000_reads,meta_time,meta_time_per_metadata_op,meta_time_per_runtime,metadata_time_pct_runtime,n_records
1218637,1218637,parent,342.7373266220093,False,npz,npz_tr_3.py,3,eager,M2,256,1,64,/pscratch/sd/s/satt/sprints/data/converted_10M/mc_normalized_rntuple_10M_3.npz,,,,5000,,,,,,,,true,2,205,0,6,20,3081,26,3312,0.00785024154589372,0.785024154589372,3.0,10.0,13.0,29.26829268292683,97.5609756097561,126.82926829268293,0.006786823272705078,0.0002610316643348107,1.9801821236091926e-05,0.001980182123609193,2
1218637,1218717,worker,329.1997883319855,False,npz,npz_tr_3.py,3,eager,M2,256,1,64,/pscratch/sd/s/satt/sprints/data/converted_10M/mc_normalized_rntuple_10M_3.npz,,,,5000,,,,,,,,true,1,0,0,0,3,0,3,3,1.0,100.0,0.0,3.0,3.0,,,,6.008148193359375e-05,2.002716064453125e-05,1.825076566361697e-07,1.825076566361697e-05,1
1218637,1218718,worker,329.16574883461,False,npz,npz_tr_3.py,3,eager,M2,256,1,64,/pscratch/sd/s/satt/sprints/data/converted_10M/mc_normalized_rntuple_10M_3.npz,,,,5000,,,,,,,,true,1,0,0,0,3,0,3,3,1.0,100.0,0.0,3.0,3.0,,,,6.556510925292969e-05,2.185503641764323e-05,1.9918569743376616e-07,1.9918569743376614e-05,1
1218637,1218719,worker,329.1657497882843,False,npz,npz_tr_3.py,3,eager,M2,256,1,64,/pscratch/sd/s/satt/sprints/data/converted_10M/mc_normalized_rntuple_10M_3.npz,,,,5000,,,,,,,,true,1,0,0,0,3,0,3,3,1.0,100.0,0.0,3.0,3.0,,,,6.747245788574219e-05,2.2490819295247395e-05,2.0498018985614302e-07,2.0498018985614302e-05,1
1218637,1218720,worker,329.16921067237854,False,npz,npz_tr_3.py,3,eager,M2,256,1,64,/pscratch/sd/s/satt/sprints/data/converted_10M/mc_normalized_rntuple_10M_3.npz,,,,5000,,,,,,,,true,1,0,0,0,3,0,3,3,1.0,100.0,0.0,3.0,3.0,,,,7.915496826171875e-05,2.6384989420572918e-05,2.4046893116167394e-07,2.4046893116167397e-05,1
1218637,1218721,worker,329.1657454967499,False,npz,npz_tr_3.py,3,eager,M2,256,1,64,/pscratch/sd/s/satt/sprints/data/converted_10M/mc_normalized_rntuple_10M_3.npz,,,,5000,,,,,,,,true,1,0,0,0,3,0,3,3,1.0,100.0,0.0,3.0,3.0,,,,0.0001049041748046875,3.4968058268229164e-05,3.1869711912573023e-07,3.1869711912573024e-05,1
1218637,1218722,worker,329.165828704834,False,npz,npz_tr_3.py,3,eager,M2,256,1,64,/pscratch/sd/s/satt/sprints/data/converted_10M/mc_normalized_rntuple_10M_3.npz,,,,5000,,,,,,,,true,1,0,0,0,3,0,3,3,1.0,100.0,0.0,3.0,3.0,,,,8.606910705566406e-05,2.868970235188802e-05,2.6147643391271645e-07,2.6147643391271645e-05,1
1218637,1218723,worker,329.1717073917389,False,npz,npz_tr_3.py,3,eager,M2,256,1,64,/pscratch/sd/s/satt/sprints/data/converted_10M/mc_normalized_rntuple_10M_3.npz,,,,5000,,,,,,,,true,1,0,0,0,3,0,3,3,1.0,100.0,0.0,3.0,3.0,,,,7.367134094238281e-05,2.4557113647460938e-05,2.2380824137691888e-07,2.238082413769189e-05,1
1218637,1218724,worker,329.16084480285645,False,npz,npz_tr_3.py,3,eager,M2,256,1,64,/pscratch/sd/s/satt/sprints/data/converted_10M/mc_normalized_rntuple_10M_3.npz,,,,5000,,,,,,,,true,1,0,0,0,3,0,3,3,1.0,100.0,0.0,3.0,3.0,,,,6.914138793945312e-05,2.3047129313151043e-05,2.1005350129315598e-07,2.10053501293156e-05,1
1218637,1218725,worker,329.1651198863983,False,npz,npz_tr_3.py,3,eager,M2,256,1,64,/pscratch/sd/s/satt/sprints/data/converted_10M/mc_normalized_rntuple_10M_3.npz,,,,5000,,,,,,,,true,1,0,0,0,3,0,3,3,1.0,100.0,0.0,3.0,3.0,,,,7.104873657226562e-05,2.3682912190755207e-05,2.1584527727842493e-07,2.1584527727842493e-05,1
1218637,1218726,worker,329.14884519577026,False,npz,npz_tr_3.py,3,eager,M2,256,1,64,/pscratch/sd/s/satt/sprints/data/converted_10M/mc_normalized_rntuple_10M_3.npz,,,,5000,,,,,,,,true,1,0,0,0,3,0,3,3,1.0,100.0,0.0,3.0,3.0,,,,5.555152893066406e-05,1.8517176310221355e-05,1.6877327610741965e-07,1.6877327610741965e-05,1
1218637,1218727,worker,329.1481821537018,False,npz,npz_tr_3.py,3,eager,M2,256,1,64,/pscratch/sd/s/satt/sprints/data/converted_10M/mc_normalized_rntuple_10M_3.npz,,,,5000,,,,,,,,true,1,0,0,0,3,0,3,3,1.0,100.0,0.0,3.0,3.0,,,,5.459785461425781e-05,1.819928487141927e-05,1.6587621495282128e-07,1.6587621495282127e-05,1
1218637,1218728,worker,329.13962054252625,False,npz,npz_tr_3.py,3,eager,M2,256,1,64,/pscratch/sd/s/satt/sprints/data/converted_10M/mc_normalized_rntuple_10M_3.npz,,,,5000,,,,,,,,true,1,0,0,0,3,0,3,3,1.0,100.0,0.0,3.0,3.0,,,,5.412101745605469e-05,1.804033915201823e-05,1.6443179148972137e-07,1.6443179148972138e-05,1
1218637,1218729,worker,329.15948939323425,False,npz,npz_tr_3.py,3,eager,M2,256,1,64,/pscratch/sd/s/satt/sprints/data/converted_10M/mc_normalized_rntuple_10M_3.npz,,,,5000,,,,,,,,true,1,0,0,0,3,0,3,3,1.0,100.0,0.0,3.0,3.0,,,,6.008148193359375e-05,2.002716064453125e-05,1.825300010166704e-07,1.8253000101667037e-05,1
1218637,1218730,worker,329.1298077106476,False,npz,npz_tr_3.py,3,eager,M2,256,1,64,/pscratch/sd/s/satt/sprints/data/converted_10M/mc_normalized_rntuple_10M_3.npz,,,,5000,,,,,,,,true,1,0,0,0,3,0,3,3,1.0,100.0,0.0,3.0,3.0,,,,5.698204040527344e-05,1.899401346842448e-05,1.73129382603258e-07,1.73129382603258e-05,1
1218637,1218731,worker,329.1266419887543,False,npz,npz_tr_3.py,3,eager,M2,256,1,64,/pscratch/sd/s/satt/sprints/data/converted_10M/mc_normalized_rntuple_10M_3.npz,,,,5000,,,,,,,,true,1,0,0,0,3,0,3,3,1.0,100.0,0.0,3.0,3.0,,,,5.626678466796875e-05,1.8755594889322918e-05,1.7095785478797944e-07,1.7095785478797946e-05,1
1218637,1218732,worker,329.11848044395447,False,npz,npz_tr_3.py,3,eager,M2,256,1,64,/pscratch/sd/s/satt/sprints/data/converted_10M/mc_normalized_rntuple_10M_3.npz,,,,5000,,,,,,,,true,1,0,0,0,3,0,3,3,1.0,100.0,0.0,3.0,3.0,,,,5.936622619628906e-05,1.9788742065429688e-05,1.8037949773044885e-07,1.8037949773044887e-05,1
1218637,1218733,worker,329.1123569011688,False,npz,npz_tr_3.py,3,eager,M2,256,1,64,/pscratch/sd/s/satt/sprints/data/converted_10M/mc_normalized_rntuple_10M_3.npz,,,,5000,,,,,,,,true,1,0,0,0,3,0,3,3,1.0,100.0,0.0,3.0,3.0,,,,5.6743621826171875e-05,1.8914540608723957e-05,1.7241413346023882e-07,1.7241413346023882e-05,1
1218637,1218734,worker,329.1119968891144,False,npz,npz_tr_3.py,3,eager,M2,256,1,64,/pscratch/sd/s/satt/sprints/data/converted_10M/mc_normalized_rntuple_10M_3.npz,,,,5000,,,,,,,,true,1,0,0,0,3,0,3,3,1.0,100.0,0.0,3.0,3.0,,,,6.222724914550781e-05,2.0742416381835938e-05,1.890762103287096e-07,1.890762103287096e-05,1
1218637,1218735,worker,329.1014323234558,False,npz,npz_tr_3.py,3,eager,M2,256,1,64,/pscratch/sd/s/satt/sprints/data/converted_10M/mc_normalized_rntuple_10M_3.npz,,,,5000,,,,,,,,true,1,0,0,0,3,0,3,3,1.0,100.0,0.0,3.0,3.0,,,,5.626678466796875e-05,1.8755594889322918e-05,1.7097095041709573e-07,1.709709504170957e-05,1
1218637,1218736,worker,329.1052038669586,False,npz,npz_tr_3.py,3,eager,M2,256,1,64,/pscratch/sd/s/satt/sprints/data/converted_10M/mc_normalized_rntuple_10M_3.npz,,,,5000,,,,,,,,true,1,0,0,0,3,0,3,3,1.0,100.0,0.0,3.0,3.0,,,,5.4836273193359375e-05,1.8278757731119793e-05,1.6662232182608404e-07,1.6662232182608403e-05,1
1218637,1218737,worker,329.0886323451996,False,npz,npz_tr_3.py,3,eager,M2,256,1,64,/pscratch/sd/s/satt/sprints/data/converted_10M/mc_normalized_rntuple_10M_3.npz,,,,5000,,,,,,,,true,1,0,0,0,3,0,3,3,1.0,100.0,0.0,3.0,3.0,,,,5.555152893066406e-05,1.8517176310221355e-05,1.6880415629912412e-07,1.6880415629912412e-05,1
1218637,1218738,worker,329.08826875686646,False,npz,npz_tr_3.py,3,eager,M2,256,1,64,/pscratch/sd/s/satt/sprints/data/converted_10M/mc_normalized_rntuple_10M_3.npz,,,,5000,,,,,,,,true,1,0,0,0,3,0,3,3,1.0,100.0,0.0,3.0,3.0,,,,5.602836608886719e-05,1.8676122029622395e-05,1.7025330711579233e-07,1.7025330711579233e-05,1
1218637,1218739,worker,329.077675819397,False,npz,npz_tr_3.py,3,eager,M2,256,1,64,/pscratch/sd/s/satt/sprints/data/converted_10M/mc_normalized_rntuple_10M_3.npz,,,,5000,,,,,,,,true,1,0,0,0,3,0,3,3,1.0,100.0,0.0,3.0,3.0,,,,5.888938903808594e-05,1.9629796346028645e-05,1.7895285327834077e-07,1.7895285327834077e-05,1
1218637,1218740,worker,329.06129360198975,False,npz,npz_tr_3.py,3,eager,M2,256,1,64,/pscratch/sd/s/satt/sprints/data/converted_10M/mc_normalized_rntuple_10M_3.npz,,,,5000,,,,,,,,true,1,0,0,0,3,0,3,3,1.0,100.0,0.0,3.0,3.0,,,,6.222724914550781e-05,2.0742416381835938e-05,1.891053440663054e-07,1.891053440663054e-05,1
1218637,1218741,worker,329.07217597961426,False,npz,npz_tr_3.py,3,eager,M2,256,1,64,/pscratch/sd/s/satt/sprints/data/converted_10M/mc_normalized_rntuple_10M_3.npz,,,,5000,,,,,,,,true,1,0,0,0,3,0,3,3,1.0,100.0,0.0,3.0,3.0,,,,5.340576171875e-05,1.7801920572916668e-05,1.622919396322904e-07,1.622919396322904e-05,1
1218637,1218742,worker,329.05053329467773,False,npz,npz_tr_3.py,3,eager,M2,256,1,64,/pscratch/sd/s/satt/sprints/data/converted_10M/mc_normalized_rntuple_10M_3.npz,,,,5000,,,,,,,,true,1,0,0,0,3,0,3,3,1.0,100.0,0.0,3.0,3.0,,,,5.364418029785156e-05,1.7881393432617188e-05,1.6302717932327762e-07,1.630271793232776e-05,1
1218637,1218743,worker,329.04901027679443,False,npz,npz_tr_3.py,3,eager,M2,256,1,64,/pscratch/sd/s/satt/sprints/data/converted_10M/mc_normalized_rntuple_10M_3.npz,,,,5000,,,,,,,,true,1,0,0,0,3,0,3,3,1.0,100.0,0.0,3.0,3.0,,,,5.3882598876953125e-05,1.7960866292317707e-05,1.6375250249689961e-07,1.637525024968996e-05,1
1218637,1218744,worker,329.0397880077362,False,npz,npz_tr_3.py,3,eager,M2,256,1,64,/pscratch/sd/s/satt/sprints/data/converted_10M/mc_normalized_rntuple_10M_3.npz,,,,5000,,,,,,,,true,1,0,0,0,3,0,3,3,1.0,100.0,0.0,3.0,3.0,,,,5.364418029785156e-05,1.7881393432617188e-05,1.6303250321991548e-07,1.630325032199155e-05,1
1218637,1218745,worker,329.03292202949524,False,npz,npz_tr_3.py,3,eager,M2,256,1,64,/pscratch/sd/s/satt/sprints/data/converted_10M/mc_normalized_rntuple_10M_3.npz,,,,5000,,,,,,,,true,1,0,0,0,3,0,3,3,1.0,100.0,0.0,3.0,3.0,,,,5.7220458984375e-05,1.9073486328125e-05,1.739049655926091e-07,1.7390496559260908e-05,1
1218637,1218746,worker,329.0370845794678,False,npz,npz_tr_3.py,3,eager,M2,256,1,64,/pscratch/sd/s/satt/sprints/data/converted_10M/mc_normalized_rntuple_10M_3.npz,,,,5000,,,,,,,,true,1,0,0,0,3,0,3,3,1.0,100.0,0.0,3.0,3.0,,,,6.794929504394531e-05,2.2649765014648438e-05,2.0650953411767926e-07,2.0650953411767924e-05,1
1218637,1218747,worker,329.0257806777954,False,npz,npz_tr_3.py,3,eager,M2,256,1,64,/pscratch/sd/s/satt/sprints/data/converted_10M/mc_normalized_rntuple_10M_3.npz,,,,5000,,,,,,,,true,1,0,0,0,3,0,3,3,1.0,100.0,0.0,3.0,3.0,,,,6.079673767089844e-05,2.0265579223632812e-05,1.8477803637653175e-07,1.8477803637653175e-05,1
1218637,1218748,worker,329.0191059112549,False,npz,npz_tr_3.py,3,eager,M2,256,1,64,/pscratch/sd/s/satt/sprints/data/converted_10M/mc_normalized_rntuple_10M_3.npz,,,,5000,,,,,,,,true,1,0,0,0,3,0,3,3,1.0,100.0,0.0,3.0,3.0,,,,5.745887756347656e-05,1.915295918782552e-05,1.746369026331703e-07,1.746369026331703e-05,1
1218637,1218749,worker,329.0198609828949,False,npz,npz_tr_3.py,3,eager,M2,256,1,64,/pscratch/sd/s/satt/sprints/data/converted_10M/mc_normalized_rntuple_10M_3.npz,,,,5000,,,,,,,,true,1,0,0,0,3,0,3,3,1.0,100.0,0.0,3.0,3.0,,,,5.412101745605469e-05,1.804033915201823e-05,1.6449164282781196e-07,1.6449164282781194e-05,1
1218637,1218750,worker,329.00526189804077,False,npz,npz_tr_3.py,3,eager,M2,256,1,64,/pscratch/sd/s/satt/sprints/data/converted_10M/mc_normalized_rntuple_10M_3.npz,,,,5000,,,,,,,,true,1,0,0,0,3,0,3,3,1.0,100.0,0.0,3.0,3.0,,,,5.173683166503906e-05,1.724561055501302e-05,1.5725229246051507e-07,1.5725229246051507e-05,1
1218637,1218751,worker,329.0037794113159,False,npz,npz_tr_3.py,3,eager,M2,256,1,64,/pscratch/sd/s/satt/sprints/data/converted_10M/mc_normalized_rntuple_10M_3.npz,,,,5000,,,,,,,,true,1,0,0,0,3,0,3,3,1.0,100.0,0.0,3.0,3.0,,,,5.125999450683594e-05,1.708666483561198e-05,1.5580366462219698e-07,1.5580366462219697e-05,1
1218637,1218752,worker,328.9955224990845,False,npz,npz_tr_3.py,3,eager,M2,256,1,64,/pscratch/sd/s/satt/sprints/data/converted_10M/mc_normalized_rntuple_10M_3.npz,,,,5000,,,,,,,,true,1,0,0,0,3,0,3,3,1.0,100.0,0.0,3.0,3.0,,,,5.888938903808594e-05,1.9629796346028645e-05,1.7899753951286622e-07,1.7899753951286622e-05,1
1218637,1218753,worker,329.0019180774689,False,npz,npz_tr_3.py,3,eager,M2,256,1,64,/pscratch/sd/s/satt/sprints/data/converted_10M/mc_normalized_rntuple_10M_3.npz,,,,5000,,,,,,,,true,1,0,0,0,3,0,3,3,1.0,100.0,0.0,3.0,3.0,,,,5.841255187988281e-05,1.9470850626627605e-05,1.7754471530505978e-07,1.775447153050598e-05,1
1218637,1218754,worker,328.98332262039185,False,npz,npz_tr_3.py,3,eager,M2,256,1,64,/pscratch/sd/s/satt/sprints/data/converted_10M/mc_normalized_rntuple_10M_3.npz,,,,5000,,,,,,,,true,1,0,0,0,3,0,3,3,1.0,100.0,0.0,3.0,3.0,,,,5.745887756347656e-05,1.915295918782552e-05,1.7465589776955765e-07,1.7465589776955764e-05,1
1218637,1218755,worker,328.9808690547943,False,npz,npz_tr_3.py,3,eager,M2,256,1,64,/pscratch/sd/s/satt/sprints/data/converted_10M/mc_normalized_rntuple_10M_3.npz,,,,5000,,,,,,,,true,1,0,0,0,3,0,3,3,1.0,100.0,0.0,3.0,3.0,,,,5.364418029785156e-05,1.7881393432617188e-05,1.630617015876285e-07,1.6306170158762852e-05,1
1218637,1218756,worker,328.9711036682129,False,npz,npz_tr_3.py,3,eager,M2,256,1,64,/pscratch/sd/s/satt/sprints/data/converted_10M/mc_normalized_rntuple_10M_3.npz,,,,5000,,,,,,,,true,1,0,0,0,3,0,3,3,1.0,100.0,0.0,3.0,3.0,,,,5.1975250244140625e-05,1.7325083414713543e-05,1.5799336070733065e-07,1.5799336070733067e-05,1
1218637,1218757,worker,328.9747281074524,False,npz,npz_tr_3.py,3,eager,M2,256,1,64,/pscratch/sd/s/satt/sprints/data/converted_10M/mc_normalized_rntuple_10M_3.npz,,,,5000,,,,,,,,true,1,0,0,0,3,0,3,3,1.0,100.0,0.0,3.0,3.0,,,,5.269050598144531e-05,1.7563501993815105e-05,1.601658166405874e-07,1.601658166405874e-05,1
1218637,1218758,worker,328.9606788158417,False,npz,npz_tr_3.py,3,eager,M2,256,1,64,/pscratch/sd/s/satt/sprints/data/converted_10M/mc_normalized_rntuple_10M_3.npz,,,,5000,,,,,,,,true,1,0,0,0,3,0,3,3,1.0,100.0,0.0,3.0,3.0,,,,5.698204040527344e-05,1.899401346842448e-05,1.7321839379220472e-07,1.732183937922047e-05,1
1218637,1218759,worker,328.9590175151825,False,npz,npz_tr_3.py,3,eager,M2,256,1,64,/pscratch/sd/s/satt/sprints/data/converted_10M/mc_normalized_rntuple_10M_3.npz,,,,5000,,,,,,,,true,1,0,0,0,3,0,3,3,1.0,100.0,0.0,3.0,3.0,,,,5.340576171875e-05,1.7801920572916668e-05,1.6234776636358708e-07,1.623477663635871e-05,1
1218637,1218760,worker,328.94848346710205,False,npz,npz_tr_3.py,3,eager,M2,256,1,64,/pscratch/sd/s/satt/sprints/data/converted_10M/mc_normalized_rntuple_10M_3.npz,,,,5000,,,,,,,,true,1,0,0,0,3,0,3,3,1.0,100.0,0.0,3.0,3.0,,,,5.745887756347656e-05,1.915295918782552e-05,1.746743956921844e-07,1.746743956921844e-05,1
1218637,1218761,worker,328.95169377326965,False,npz,npz_tr_3.py,3,eager,M2,256,1,64,/pscratch/sd/s/satt/sprints/data/converted_10M/mc_normalized_rntuple_10M_3.npz,,,,5000,,,,,,,,true,1,0,0,0,3,0,3,3,1.0,100.0,0.0,3.0,3.0,,,,5.53131103515625e-05,1.8437703450520832e-05,1.6814964445718017e-07,1.6814964445718016e-05,1
1218637,1218762,worker,328.9383327960968,False,npz,npz_tr_3.py,3,eager,M2,256,1,64,/pscratch/sd/s/satt/sprints/data/converted_10M/mc_normalized_rntuple_10M_3.npz,,,,5000,,,,,,,,true,1,0,0,0,3,0,3,3,1.0,100.0,0.0,3.0,3.0,,,,7.510185241699219e-05,2.5033950805664062e-05,2.283159027973384e-07,2.283159027973384e-05,1
1218637,1218763,worker,328.9370701313019,False,npz,npz_tr_3.py,3,eager,M2,256,1,64,/pscratch/sd/s/satt/sprints/data/converted_10M/mc_normalized_rntuple_10M_3.npz,,,,5000,,,,,,,,true,1,0,0,0,3,0,3,3,1.0,100.0,0.0,3.0,3.0,,,,5.91278076171875e-05,1.9709269205729168e-05,1.797541626840217e-07,1.797541626840217e-05,1
1218637,1218764,worker,328.9264876842499,False,npz,npz_tr_3.py,3,eager,M2,256,1,64,/pscratch/sd/s/satt/sprints/data/converted_10M/mc_normalized_rntuple_10M_3.npz,,,,5000,,,,,,,,true,1,0,0,0,3,0,3,3,1.0,100.0,0.0,3.0,3.0,,,,5.459785461425781e-05,1.819928487141927e-05,1.659880145215564e-07,1.659880145215564e-05,1
1218637,1218765,worker,328.9208505153656,False,npz,npz_tr_3.py,3,eager,M2,256,1,64,/pscratch/sd/s/satt/sprints/data/converted_10M/mc_normalized_rntuple_10M_3.npz,,,,5000,,,,,,,,true,1,0,0,0,3,0,3,3,1.0,100.0,0.0,3.0,3.0,,,,5.2928924560546875e-05,1.7642974853515625e-05,1.6091690288899546e-07,1.6091690288899546e-05,1
1218637,1218766,worker,328.9273054599762,False,npz,npz_tr_3.py,3,eager,M2,256,1,64,/pscratch/sd/s/satt/sprints/data/converted_10M/mc_normalized_rntuple_10M_3.npz,,,,5000,,,,,,,,true,1,0,0,0,3,0,3,3,1.0,100.0,0.0,3.0,3.0,,,,5.507469177246094e-05,1.8358230590820312e-05,1.6743727522238925e-07,1.6743727522238927e-05,1
1218637,1218767,worker,328.9122951030731,False,npz,npz_tr_3.py,3,eager,M2,256,1,64,/pscratch/sd/s/satt/sprints/data/converted_10M/mc_normalized_rntuple_10M_3.npz,,,,5000,,,,,,,,true,1,0,0,0,3,0,3,3,1.0,100.0,0.0,3.0,3.0,,,,5.53131103515625e-05,1.8437703450520832e-05,1.6816978621680504e-07,1.6816978621680504e-05,1
1218637,1218768,worker,328.90312242507935,False,npz,npz_tr_3.py,3,eager,M2,256,1,64,/pscratch/sd/s/satt/sprints/data/converted_10M/mc_normalized_rntuple_10M_3.npz,,,,5000,,,,,,,,true,1,0,0,0,3,0,3,3,1.0,100.0,0.0,3.0,3.0,,,,5.340576171875e-05,1.7801920572916668e-05,1.6237535638146843e-07,1.6237535638146844e-05,1
1218637,1218769,worker,328.9001383781433,False,npz,npz_tr_3.py,3,eager,M2,256,1,64,/pscratch/sd/s/satt/sprints/data/converted_10M/mc_normalized_rntuple_10M_3.npz,,,,5000,,,,,,,,true,1,0,0,0,3,0,3,3,1.0,100.0,0.0,3.0,3.0,,,,6.246566772460938e-05,2.0821889241536457e-05,1.8992289888547053e-07,1.8992289888547053e-05,1
1218637,1218770,worker,328.89978098869324,False,npz,npz_tr_3.py,3,eager,M2,256,1,64,/pscratch/sd/s/satt/sprints/data/converted_10M/mc_normalized_rntuple_10M_3.npz,,,,5000,,,,,,,,true,1,0,0,0,3,0,3,3,1.0,100.0,0.0,3.0,3.0,,,,6.628036499023438e-05,2.2093454996744793e-05,2.0152146283281632e-07,2.0152146283281633e-05,1
1218637,1218771,worker,328.88805198669434,False,npz,npz_tr_3.py,3,eager,M2,256,1,64,/pscratch/sd/s/satt/sprints/data/converted_10M/mc_normalized_rntuple_10M_3.npz,,,,5000,,,,,,,,true,1,0,0,0,3,0,3,3,1.0,100.0,0.0,3.0,3.0,,,,6.365776062011719e-05,2.1219253540039062e-05,1.935544944110422e-07,1.935544944110422e-05,1
1218637,1218772,worker,328.88073682785034,False,npz,npz_tr_3.py,3,eager,M2,256,1,64,/pscratch/sd/s/satt/sprints/data/converted_10M/mc_normalized_rntuple_10M_3.npz,,,,5000,,,,,,,,true,1,0,0,0,3,0,3,3,1.0,100.0,0.0,3.0,3.0,,,,5.507469177246094e-05,1.8358230590820312e-05,1.674609838924354e-07,1.6746098389243542e-05,1
1218637,1218773,worker,328.8782305717468,False,npz,npz_tr_3.py,3,eager,M2,256,1,64,/pscratch/sd/s/satt/sprints/data/converted_10M/mc_normalized_rntuple_10M_3.npz,,,,5000,,,,,,,,true,1,0,0,0,3,0,3,3,1.0,100.0,0.0,3.0,3.0,,,,5.3882598876953125e-05,1.7960866292317707e-05,1.638375358055154e-07,1.6383753580551542e-05,1
1218637,1218774,worker,328.8688955307007,False,npz,npz_tr_3.py,3,eager,M2,256,1,64,/pscratch/sd/s/satt/sprints/data/converted_10M/mc_normalized_rntuple_10M_3.npz,,,,5000,,,,,,,,true,1,0,0,0,3,0,3,3,1.0,100.0,0.0,3.0,3.0,,,,5.316734313964844e-05,1.7722447713216145e-05,1.616672901031017e-07,1.616672901031017e-05,1
1218637,1218775,worker,328.881227016449,False,npz,npz_tr_3.py,3,eager,M2,256,1,64,/pscratch/sd/s/satt/sprints/data/converted_10M/mc_normalized_rntuple_10M_3.npz,,,,5000,,,,,,,,true,1,0,0,0,3,0,3,3,1.0,100.0,0.0,3.0,3.0,,,,5.340576171875e-05,1.7801920572916668e-05,1.6238616659040534e-07,1.6238616659040535e-05,1
1218637,1218776,worker,328.85839581489563,False,npz,npz_tr_3.py,3,eager,M2,256,1,64,/pscratch/sd/s/satt/sprints/data/converted_10M/mc_normalized_rntuple_10M_3.npz,,,,5000,,,,,,,,true,1,0,0,0,3,0,3,3,1.0,100.0,0.0,3.0,3.0,,,,5.2928924560546875e-05,1.7642974853515625e-05,1.6094746320644025e-07,1.6094746320644023e-05,1
1218637,1218777,worker,328.85437536239624,False,npz,npz_tr_3.py,3,eager,M2,256,1,64,/pscratch/sd/s/satt/sprints/data/converted_10M/mc_normalized_rntuple_10M_3.npz,,,,5000,,,,,,,,true,1,0,0,0,3,0,3,3,1.0,100.0,0.0,3.0,3.0,,,,5.555152893066406e-05,1.8517176310221355e-05,1.689244026917583e-07,1.689244026917583e-05,1
1218637,1218778,worker,328.84729194641113,False,npz,npz_tr_3.py,3,eager,M2,256,1,64,/pscratch/sd/s/satt/sprints/data/converted_10M/mc_normalized_rntuple_10M_3.npz,,,,5000,,,,,,,,true,1,0,0,0,3,0,3,3,1.0,100.0,0.0,3.0,3.0,,,,5.364418029785156e-05,1.7881393432617188e-05,1.6312793692275077e-07,1.6312793692275076e-05,1
1218637,1218779,worker,328.8494791984558,False,npz,npz_tr_3.py,3,eager,M2,256,1,64,/pscratch/sd/s/satt/sprints/data/converted_10M/mc_normalized_rntuple_10M_3.npz,,,,5000,,,,,,,,true,1,0,0,0,3,0,3,3,1.0,100.0,0.0,3.0,3.0,,,,5.4836273193359375e-05,1.8278757731119793e-05,1.6675189307587892e-07,1.667518930758789e-05,1
1218637,1218780,worker,328.83432936668396,False,npz,npz_tr_3.py,3,eager,M2,256,1,64,/pscratch/sd/s/satt/sprints/data/converted_10M/mc_normalized_rntuple_10M_3.npz,,,,5000,,,,,,,,true,1,0,0,0,3,0,3,3,1.0,100.0,0.0,3.0,3.0,,,,5.626678466796875e-05,1.8755594889322918e-05,1.7110982535289227e-07,1.7110982535289227e-05,1
1218637,1218781,worker,328.8324899673462,False,npz,npz_tr_3.py,3,eager,M2,256,1,64,/pscratch/sd/s/satt/sprints/data/converted_10M/mc_normalized_rntuple_10M_3.npz,,,,5000,,,,,,,,true,1,0,0,0,3,0,3,3,1.0,100.0,0.0,3.0,3.0,,,,5.364418029785156e-05,1.7881393432617188e-05,1.6313527992072361e-07,1.6313527992072363e-05,1
1218637,1218782,worker,328.82308292388916,False,npz,npz_tr_3.py,3,eager,M2,256,1,64,/pscratch/sd/s/satt/sprints/data/converted_10M/mc_normalized_rntuple_10M_3.npz,,,,5000,,,,,,,,true,1,0,0,0,3,0,3,3,1.0,100.0,0.0,3.0,3.0,,,,5.412101745605469e-05,1.804033915201823e-05,1.6459007979248761e-07,1.645900797924876e-05,1
1218637,1218783,worker,328.8299255371094,False,npz,npz_tr_3.py,3,eager,M2,256,1,64,/pscratch/sd/s/satt/sprints/data/converted_10M/mc_normalized_rntuple_10M_3.npz,,,,5000,,,,,,,,true,1,0,0,0,3,0,3,3,1.0,100.0,0.0,3.0,3.0,,,,5.245208740234375e-05,1.7484029134114582e-05,1.5951129544146184e-07,1.5951129544146183e-05,1
1218637,1218784,worker,328.8125672340393,False,npz,npz_tr_3.py,3,eager,M2,256,1,64,/pscratch/sd/s/satt/sprints/data/converted_10M/mc_normalized_rntuple_10M_3.npz,,,,5000,,,,,,,,true,1,0,0,0,3,0,3,3,1.0,100.0,0.0,3.0,3.0,,,,5.626678466796875e-05,1.8755594889322918e-05,1.711211500864554e-07,1.711211500864554e-05,1
1218637,1218785,worker,328.8101816177368,False,npz,npz_tr_3.py,3,eager,M2,256,1,64,/pscratch/sd/s/satt/sprints/data/converted_10M/mc_normalized_rntuple_10M_3.npz,,,,5000,,,,,,,,true,1,0,0,0,3,0,3,3,1.0,100.0,0.0,3.0,3.0,,,,5.817413330078125e-05,1.9391377766927082e-05,1.7692315065964855e-07,1.7692315065964853e-05,1
1218637,1218786,worker,328.80006170272827,False,npz,npz_tr_3.py,3,eager,M2,256,1,64,/pscratch/sd/s/satt/sprints/data/converted_10M/mc_normalized_rntuple_10M_3.npz,,,,5000,,,,,,,,true,1,0,0,0,3,0,3,3,1.0,100.0,0.0,3.0,3.0,,,,6.175041198730469e-05,2.0583470662434895e-05,1.878053540121714e-07,1.8780535401217142e-05,1
1218637,1218787,worker,328.7960569858551,False,npz,npz_tr_3.py,3,eager,M2,256,1,64,/pscratch/sd/s/satt/sprints/data/converted_10M/mc_normalized_rntuple_10M_3.npz,,,,5000,,,,,,,,true,1,0,0,0,3,0,3,3,1.0,100.0,0.0,3.0,3.0,,,,5.3882598876953125e-05,1.7960866292317707e-05,1.6387848251863667e-07,1.638784825186367e-05,1
1218637,1218788,worker,328.79571175575256,False,npz,npz_tr_3.py,3,eager,M2,256,1,64,/pscratch/sd/s/satt/sprints/data/converted_10M/mc_normalized_rntuple_10M_3.npz,,,,5000,,,,,,,,true,1,0,0,0,3,0,3,3,1.0,100.0,0.0,3.0,3.0,,,,5.4836273193359375e-05,1.8278757731119793e-05,1.6677916174921027e-07,1.6677916174921027e-05,1
1218637,1218789,worker,328.7878243923187,False,npz,npz_tr_3.py,3,eager,M2,256,1,64,/pscratch/sd/s/satt/sprints/data/converted_10M/mc_normalized_rntuple_10M_3.npz,,,,5000,,,,,,,,true,1,0,0,0,3,0,3,3,1.0,100.0,0.0,3.0,3.0,,,,5.793571472167969e-05,1.9311904907226562e-05,1.7621003706192352e-07,1.7621003706192352e-05,1
1218637,1218790,worker,328.7777941226959,False,npz,npz_tr_3.py,3,eager,M2,256,1,64,/pscratch/sd/s/satt/sprints/data/converted_10M/mc_normalized_rntuple_10M_3.npz,,,,5000,,,,,,,,true,1,0,0,0,3,0,3,3,1.0,100.0,0.0,3.0,3.0,,,,5.125999450683594e-05,1.708666483561198e-05,1.5591075621033677e-07,1.5591075621033676e-05,1
1218637,1218791,worker,328.7742586135864,False,npz,npz_tr_3.py,3,eager,M2,256,1,64,/pscratch/sd/s/satt/sprints/data/converted_10M/mc_normalized_rntuple_10M_3.npz,,,,5000,,,,,,,,true,1,0,0,0,3,0,3,3,1.0,100.0,0.0,3.0,3.0,,,,5.269050598144531e-05,1.7563501993815105e-05,1.6026347744995843e-07,1.6026347744995843e-05,1
1218637,1218792,worker,328.7662010192871,False,npz,npz_tr_3.py,3,eager,M2,256,1,64,/pscratch/sd/s/satt/sprints/data/converted_10M/mc_normalized_rntuple_10M_3.npz,,,,5000,,,,,,,,true,1,0,0,0,3,0,3,3,1.0,100.0,0.0,3.0,3.0,,,,5.3882598876953125e-05,1.7960866292317707e-05,1.6389336467647444e-07,1.6389336467647443e-05,1
1218637,1218793,worker,328.7600529193878,False,npz,npz_tr_3.py,3,eager,M2,256,1,64,/pscratch/sd/s/satt/sprints/data/converted_10M/mc_normalized_rntuple_10M_3.npz,,,,5000,,,,,,,,true,1,0,0,0,3,0,3,3,1.0,100.0,0.0,3.0,3.0,,,,6.0558319091796875e-05,2.0186106363932293e-05,1.842021819683969e-07,1.8420218196839692e-05,1
1218637,1218794,worker,328.7614483833313,False,npz,npz_tr_3.py,3,eager,M2,256,1,64,/pscratch/sd/s/satt/sprints/data/converted_10M/mc_normalized_rntuple_10M_3.npz,,,,5000,,,,,,,,true,1,0,0,0,3,0,3,3,1.0,100.0,0.0,3.0,3.0,,,,5.245208740234375e-05,1.7484029134114582e-05,1.5954451977345391e-07,1.5954451977345392e-05,1
1218637,1218795,worker,328.7488009929657,False,npz,npz_tr_3.py,3,eager,M2,256,1,64,/pscratch/sd/s/satt/sprints/data/converted_10M/mc_normalized_rntuple_10M_3.npz,,,,5000,,,,,,,,true,1,0,0,0,3,0,3,3,1.0,100.0,0.0,3.0,3.0,,,,5.435943603515625e-05,1.811981201171875e-05,1.6535249975351055e-07,1.6535249975351054e-05,1
1218637,1218796,worker,328.74546933174133,False,npz,npz_tr_3.py,3,eager,M2,256,1,64,/pscratch/sd/s/satt/sprints/data/converted_10M/mc_normalized_rntuple_10M_3.npz,,,,5000,,,,,,,,true,1,0,0,0,3,0,3,3,1.0,100.0,0.0,3.0,3.0,,,,5.3882598876953125e-05,1.7960866292317707e-05,1.6390370028972016e-07,1.6390370028972016e-05,1
1218637,1218797,worker,328.7369592189789,False,npz,npz_tr_3.py,3,eager,M2,256,1,64,/pscratch/sd/s/satt/sprints/data/converted_10M/mc_normalized_rntuple_10M_3.npz,,,,5000,,,,,,,,true,1,0,0,0,3,0,3,3,1.0,100.0,0.0,3.0,3.0,,,,5.3882598876953125e-05,1.7960866292317707e-05,1.6390794331421904e-07,1.6390794331421904e-05,1
1218637,1218798,worker,328.7347047328949,False,npz,npz_tr_3.py,3,eager,M2,256,1,64,/pscratch/sd/s/satt/sprints/data/converted_10M/mc_normalized_rntuple_10M_3.npz,,,,5000,,,,,,,,true,1,0,0,0,3,0,3,3,1.0,100.0,0.0,3.0,3.0,,,,6.556510925292969e-05,2.185503641764323e-05,1.9944687405670467e-07,1.994468740567047e-05,1
1218637,1218799,worker,328.72654724121094,False,npz,npz_tr_3.py,3,eager,M2,256,1,64,/pscratch/sd/s/satt/sprints/data/converted_10M/mc_normalized_rntuple_10M_3.npz,,,,5000,,,,,,,,true,1,0,0,0,3,0,3,3,1.0,100.0,0.0,3.0,3.0,,,,5.936622619628906e-05,1.9788742065429688e-05,1.8059456011238325e-07,1.8059456011238327e-05,1
1218637,1218800,worker,328.722190618515,False,npz,npz_tr_3.py,3,eager,M2,256,1,64,/pscratch/sd/s/satt/sprints/data/converted_10M/mc_normalized_rntuple_10M_3.npz,,,,5000,,,,,,,,true,1,0,0,0,3,0,3,3,1.0,100.0,0.0,3.0,3.0,,,,5.340576171875e-05,1.7801920572916668e-05,1.6246472931524072e-07,1.624647293152407e-05,1
1218637,1218801,worker,328.71310210227966,False,npz,npz_tr_3.py,3,eager,M2,256,1,64,/pscratch/sd/s/satt/sprints/data/converted_10M/mc_normalized_rntuple_10M_3.npz,,,,5000,,,,,,,,true,1,0,0,0,3,0,3,3,1.0,100.0,0.0,3.0,3.0,,,,5.316734313964844e-05,1.7722447713216145e-05,1.6174391224328297e-07,1.6174391224328298e-05,1
1218637,1218802,worker,328.72059988975525,False,npz,npz_tr_3.py,3,eager,M2,256,1,64,/pscratch/sd/s/satt/sprints/data/converted_10M/mc_normalized_rntuple_10M_3.npz,,,,5000,,,,,,,,true,1,0,0,0,3,0,3,3,1.0,100.0,0.0,3.0,3.0,,,,5.5789947509765625e-05,1.8596649169921875e-05,1.6971844030607207e-07,1.6971844030607206e-05,1
1218637,1218803,worker,328.7026529312134,False,npz,npz_tr_3.py,3,eager,M2,256,1,64,/pscratch/sd/s/satt/sprints/data/converted_10M/mc_normalized_rntuple_10M_3.npz,,,,5000,,,,,,,,true,1,0,0,0,3,0,3,3,1.0,100.0,0.0,3.0,3.0,,,,5.054473876953125e-05,1.6848246256510418e-05,1.5377040105638757e-07,1.5377040105638756e-05,1
1218637,1218804,worker,328.6988971233368,False,npz,npz_tr_3.py,3,eager,M2,256,1,64,/pscratch/sd/s/satt/sprints/data/converted_10M/mc_normalized_rntuple_10M_3.npz,,,,5000,,,,,,,,true,1,0,0,0,3,0,3,3,1.0,100.0,0.0,3.0,3.0,,,,5.3882598876953125e-05,1.7960866292317707e-05,1.6392692323739347e-07,1.6392692323739348e-05,1
1218637,1218805,worker,328.6902332305908,False,npz,npz_tr_3.py,3,eager,M2,256,1,64,/pscratch/sd/s/satt/sprints/data/converted_10M/mc_normalized_rntuple_10M_3.npz,,,,5000,,,,,,,,true,1,0,0,0,3,0,3,3,1.0,100.0,0.0,3.0,3.0,,,,5.9604644775390625e-05,1.9868214925130207e-05,1.8133987185915353e-07,1.8133987185915354e-05,1
1218637,1218806,worker,328.6851851940155,False,npz,npz_tr_3.py,3,eager,M2,256,1,64,/pscratch/sd/s/satt/sprints/data/converted_10M/mc_normalized_rntuple_10M_3.npz,,,,5000,,,,,,,,true,1,0,0,0,3,0,3,3,1.0,100.0,0.0,3.0,3.0,,,,6.031990051269531e-05,2.010663350423177e-05,1.8351876880939988e-07,1.835187688093999e-05,1
1218637,1218807,worker,328.6863398551941,False,npz,npz_tr_3.py,3,eager,M2,256,1,64,/pscratch/sd/s/satt/sprints/data/converted_10M/mc_normalized_rntuple_10M_3.npz,,,,5000,,,,,,,,true,1,0,0,0,3,0,3,3,1.0,100.0,0.0,3.0,3.0,,,,5.507469177246094e-05,1.8358230590820312e-05,1.675600263665494e-07,1.675600263665494e-05,1
1218637,1218808,worker,328.6755840778351,False,npz,npz_tr_3.py,3,eager,M2,256,1,64,/pscratch/sd/s/satt/sprints/data/converted_10M/mc_normalized_rntuple_10M_3.npz,,,,5000,,,,,,,,true,1,0,0,0,3,0,3,3,1.0,100.0,0.0,3.0,3.0,,,,5.555152893066406e-05,1.8517176310221355e-05,1.6901629333534147e-07,1.6901629333534148e-05,1
1218637,1218809,worker,328.66938614845276,False,npz,npz_tr_3.py,3,eager,M2,256,1,64,/pscratch/sd/s/satt/sprints/data/converted_10M/mc_normalized_rntuple_10M_3.npz,,,,5000,,,,,,,,true,1,0,0,0,3,0,3,3,1.0,100.0,0.0,3.0,3.0,,,,5.173683166503906e-05,1.724561055501302e-05,1.5741299264687422e-07,1.5741299264687423e-05,1
1218637,1218810,worker,328.66582775115967,False,npz,npz_tr_3.py,3,eager,M2,256,1,64,/pscratch/sd/s/satt/sprints/data/converted_10M/mc_normalized_rntuple_10M_3.npz,,,,5000,,,,,,,,true,1,0,0,0,3,0,3,3,1.0,100.0,0.0,3.0,3.0,,,,5.698204040527344e-05,1.899401346842448e-05,1.7337379062241856e-07,1.7337379062241855e-05,1
1218637,1218811,worker,328.6630928516388,False,npz,npz_tr_3.py,3,eager,M2,256,1,64,/pscratch/sd/s/satt/sprints/data/converted_10M/mc_normalized_rntuple_10M_3.npz,,,,5000,,,,,,,,true,1,0,0,0,3,0,3,3,1.0,100.0,0.0,3.0,3.0,,,,5.125999450683594e-05,1.708666483561198e-05,1.559651680451237e-07,1.559651680451237e-05,1
1218637,1218812,worker,328.64902901649475,False,npz,npz_tr_3.py,3,eager,M2,256,1,64,/pscratch/sd/s/satt/sprints/data/converted_10M/mc_normalized_rntuple_10M_3.npz,,,,5000,,,,,,,,true,1,0,0,0,3,0,3,3,1.0,100.0,0.0,3.0,3.0,,,,6.198883056640625e-05,2.0662943522135418e-05,1.8861711154879165e-07,1.8861711154879164e-05,1
1218637,1218813,worker,328.65632700920105,False,npz,npz_tr_3.py,3,eager,M2,256,1,64,/pscratch/sd/s/satt/sprints/data/converted_10M/mc_normalized_rntuple_10M_3.npz,,,,5000,,,,,,,,true,1,0,0,0,3,0,3,3,1.0,100.0,0.0,3.0,3.0,,,,6.961822509765625e-05,2.3206075032552082e-05,2.118268214435051e-07,2.1182682144350508e-05,1
1218637,1218814,worker,328.63832783699036,False,npz,npz_tr_3.py,3,eager,M2,256,1,64,/pscratch/sd/s/satt/sprints/data/converted_10M/mc_normalized_rntuple_10M_3.npz,,,,5000,,,,,,,,true,1,0,0,0,3,0,3,3,1.0,100.0,0.0,3.0,3.0,,,,5.8650970458984375e-05,1.9550323486328125e-05,1.7846661661471255e-07,1.7846661661471257e-05,1
1218637,1218815,worker,328.63518595695496,False,npz,npz_tr_3.py,3,eager,M2,256,1,64,/pscratch/sd/s/satt/sprints/data/converted_10M/mc_normalized_rntuple_10M_3.npz,,,,5000,,,,,,,,true,1,0,0,0,3,0,3,3,1.0,100.0,0.0,3.0,3.0,,,,5.269050598144531e-05,1.7563501993815105e-05,1.6033129814756593e-07,1.603312981475659e-05,1
1218637,1218816,worker,328.6309242248535,False,npz,npz_tr_3.py,3,eager,M2,256,1,64,/pscratch/sd/s/satt/sprints/data/converted_10M/mc_normalized_rntuple_10M_3.npz,,,,5000,,,,,,,,true,1,0,0,0,3,0,3,3,1.0,100.0,0.0,3.0,3.0,,,,5.1021575927734375e-05,1.7007191975911457e-05,1.552549445797887e-07,1.5525494457978872e-05,1
1218637,1218817,worker,328.62214374542236,False,npz,npz_tr_3.py,3,eager,M2,256,1,64,/pscratch/sd/s/satt/sprints/data/converted_10M/mc_normalized_rntuple_10M_3.npz,,,,5000,,,,,,,,true,1,0,0,0,3,0,3,3,1.0,100.0,0.0,3.0,3.0,,,,5.1975250244140625e-05,1.7325083414713543e-05,1.5816113196682483e-07,1.581611319668248e-05,1
1218637,1218818,worker,328.6167142391205,False,npz,npz_tr_3.py,3,eager,M2,256,1,64,/pscratch/sd/s/satt/sprints/data/converted_10M/mc_normalized_rntuple_10M_3.npz,,,,5000,,,,,,,,true,1,0,0,0,3,0,3,3,1.0,100.0,0.0,3.0,3.0,,,,5.602836608886719e-05,1.8676122029622395e-05,1.7049761518854977e-07,1.7049761518854976e-05,1
1218637,1218819,worker,328.6152627468109,False,npz,npz_tr_3.py,3,eager,M2,256,1,64,/pscratch/sd/s/satt/sprints/data/converted_10M/mc_normalized_rntuple_10M_3.npz,,,,5000,,,,,,,,true,1,0,0,0,3,0,3,3,1.0,100.0,0.0,3.0,3.0,,,,6.079673767089844e-05,2.0265579223632812e-05,1.850088677035694e-07,1.850088677035694e-05,1
1218637,1218820,worker,328.60906648635864,False,npz,npz_tr_3.py,3,eager,M2,256,1,64,/pscratch/sd/s/satt/sprints/data/converted_10M/mc_normalized_rntuple_10M_3.npz,,,,5000,,,,,,,,true,1,0,0,0,3,0,3,3,1.0,100.0,0.0,3.0,3.0,,,,5.602836608886719e-05,1.8676122029622395e-05,1.7050158319716677e-07,1.705015831971668e-05,1
1218637,1218821,worker,328.61514234542847,False,npz,npz_tr_3.py,3,eager,M2,256,1,64,/pscratch/sd/s/satt/sprints/data/converted_10M/mc_normalized_rntuple_10M_3.npz,,,,5000,,,,,,,,true,1,0,0,0,3,0,3,3,1.0,100.0,0.0,3.0,3.0,,,,5.817413330078125e-05,1.9391377766927082e-05,1.7702815787968371e-07,1.770281578796837e-05,1
1218637,1218822,worker,328.594114780426,False,npz,npz_tr_3.py,3,eager,M2,256,1,64,/pscratch/sd/s/satt/sprints/data/converted_10M/mc_normalized_rntuple_10M_3.npz,,,,5000,,,,,,,,true,1,0,0,0,3,0,3,3,1.0,100.0,0.0,3.0,3.0,,,,5.5789947509765625e-05,1.8596649169921875e-05,1.6978376970337927e-07,1.6978376970337926e-05,1
1218637,1218823,worker,328.58781266212463,False,npz,npz_tr_3.py,3,eager,M2,256,1,64,/pscratch/sd/s/satt/sprints/data/converted_10M/mc_normalized_rntuple_10M_3.npz,,,,5000,,,,,,,,true,1,0,0,0,3,0,3,3,1.0,100.0,0.0,3.0,3.0,,,,5.2928924560546875e-05,1.7642974853515625e-05,1.6107999907766464e-07,1.6107999907766463e-05,1
1218637,1218824,worker,328.5860209465027,False,npz,npz_tr_3.py,3,eager,M2,256,1,64,/pscratch/sd/s/satt/sprints/data/converted_10M/mc_normalized_rntuple_10M_3.npz,,,,5000,,,,,,,,true,1,0,0,0,3,0,3,3,1.0,100.0,0.0,3.0,3.0,,,,6.866455078125e-05,2.288818359375e-05,2.0896978691747e-07,2.0896978691747e-05,1
1218637,1218825,worker,328.57613730430603,False,npz,npz_tr_3.py,3,eager,M2,256,1,64,/pscratch/sd/s/satt/sprints/data/converted_10M/mc_normalized_rntuple_10M_3.npz,,,,5000,,,,,,,,true,1,0,0,0,3,0,3,3,1.0,100.0,0.0,3.0,3.0,,,,5.364418029785156e-05,1.7881393432617188e-05,1.6326255685503352e-07,1.632625568550335e-05,1
1218637,1218826,worker,328.572057723999,False,npz,npz_tr_3.py,3,eager,M2,256,1,64,/pscratch/sd/s/satt/sprints/data/converted_10M/mc_normalized_rntuple_10M_3.npz,,,,5000,,,,,,,,true,1,0,0,0,3,0,3,3,1.0,100.0,0.0,3.0,3.0,,,,6.246566772460938e-05,2.0821889241536457e-05,1.9011253774074915e-07,1.9011253774074916e-05,1
1218637,1218827,worker,328.5681302547455,False,npz,npz_tr_3.py,3,eager,M2,256,1,64,/pscratch/sd/s/satt/sprints/data/converted_10M/mc_normalized_rntuple_10M_3.npz,,,,5000,,,,,,,,true,1,0,0,0,3,0,3,3,1.0,100.0,0.0,3.0,3.0,,,,5.412101745605469e-05,1.804033915201823e-05,1.6471779357935163e-07,1.6471779357935164e-05,1
1218637,1218828,worker,328.56770157814026,False,npz,npz_tr_3.py,3,eager,M2,256,1,64,/pscratch/sd/s/satt/sprints/data/converted_10M/mc_normalized_rntuple_10M_3.npz,,,,5000,,,,,,,,true,1,0,0,0,3,0,3,3,1.0,100.0,0.0,3.0,3.0,,,,5.1975250244140625e-05,1.7325083414713543e-05,1.5818733854392509e-07,1.581873385439251e-05,1
1218637,1218829,worker,328.55451703071594,False,npz,npz_tr_3.py,3,eager,M2,256,1,64,/pscratch/sd/s/satt/sprints/data/converted_10M/mc_normalized_rntuple_10M_3.npz,,,,5000,,,,,,,,true,1,0,0,0,3,0,3,3,1.0,100.0,0.0,3.0,3.0,,,,5.3882598876953125e-05,1.7960866292317707e-05,1.6399895933226736e-07,1.6399895933226734e-05,1
1218637,1218830,worker,328.55055260658264,False,npz,npz_tr_3.py,3,eager,M2,256,1,64,/pscratch/sd/s/satt/sprints/data/converted_10M/mc_normalized_rntuple_10M_3.npz,,,,5000,,,,,,,,true,1,0,0,0,3,0,3,3,1.0,100.0,0.0,3.0,3.0,,,,5.555152893066406e-05,1.8517176310221355e-05,1.6908061328748793e-07,1.6908061328748793e-05,1
1218637,1218831,worker,328.54144406318665,False,npz,npz_tr_3.py,3,eager,M2,256,1,64,/pscratch/sd/s/satt/sprints/data/converted_10M/mc_normalized_rntuple_10M_3.npz,,,,5000,,,,,,,,true,1,0,0,0,3,0,3,3,1.0,100.0,0.0,3.0,3.0,,,,5.221366882324219e-05,1.7404556274414062e-05,1.5892566909519096e-07,1.5892566909519094e-05,1
1218637,1218832,worker,328.5302882194519,False,npz,npz_tr_3.py,3,eager,M2,256,1,64,/pscratch/sd/s/satt/sprints/data/converted_10M/mc_normalized_rntuple_10M_3.npz,,,,5000,,,,,,,,true,1,0,0,0,3,0,3,3,1.0,100.0,0.0,3.0,3.0,,,,6.818771362304688e-05,2.2729237874348957e-05,2.0755381183453866e-07,2.0755381183453868e-05,1
1218637,1218833,worker,328.5309534072876,False,npz,npz_tr_3.py,3,eager,M2,256,1,64,/pscratch/sd/s/satt/sprints/data/converted_10M/mc_normalized_rntuple_10M_3.npz,,,,5000,,,,,,,,true,1,0,0,0,3,0,3,3,1.0,100.0,0.0,3.0,3.0,,,,6.031990051269531e-05,2.010663350423177e-05,1.8360492333249132e-07,1.836049233324913e-05,1
1218637,1218834,worker,328.52731943130493,False,npz,npz_tr_3.py,3,eager,M2,256,1,64,/pscratch/sd/s/satt/sprints/data/converted_10M/mc_normalized_rntuple_10M_3.npz,,,,5000,,,,,,,,true,1,0,0,0,3,0,3,3,1.0,100.0,0.0,3.0,3.0,,,,5.555152893066406e-05,1.8517176310221355e-05,1.6909257052602558e-07,1.690925705260256e-05,1
1218637,1218835,worker,328.52104330062866,False,npz,npz_tr_3.py,3,eager,M2,256,1,64,/pscratch/sd/s/satt/sprints/data/converted_10M/mc_normalized_rntuple_10M_3.npz,,,,5000,,,,,,,,true,1,0,0,0,3,0,3,3,1.0,100.0,0.0,3.0,3.0,,,,5.3882598876953125e-05,1.7960866292317707e-05,1.6401566954615236e-07,1.6401566954615238e-05,1
1218637,1218836,worker,328.5081171989441,False,npz,npz_tr_3.py,3,eager,M2,256,1,64,/pscratch/sd/s/satt/sprints/data/converted_10M/mc_normalized_rntuple_10M_3.npz,,,,5000,,,,,,,,true,1,0,0,0,3,0,3,3,1.0,100.0,0.0,3.0,3.0,,,,5.745887756347656e-05,1.915295918782552e-05,1.7490854732420368e-07,1.749085473242037e-05,1
1218637,1218837,worker,328.50602293014526,False,npz,npz_tr_3.py,3,eager,M2,256,1,64,/pscratch/sd/s/satt/sprints/data/converted_10M/mc_normalized_rntuple_10M_3.npz,,,,5000,,,,,,,,true,1,0,0,0,3,0,3,3,1.0,100.0,0.0,3.0,3.0,,,,5.0067901611328125e-05,1.6689300537109375e-05,1.5241090913567436e-07,1.5241090913567436e-05,1
1218637,1218838,worker,328.503422498703,False,npz,npz_tr_3.py,3,eager,M2,256,1,64,/pscratch/sd/s/satt/sprints/data/converted_10M/mc_normalized_rntuple_10M_3.npz,,,,5000,,,,,,,,true,1,0,0,0,3,0,3,3,1.0,100.0,0.0,3.0,3.0,,,,4.792213439941406e-05,1.5974044799804688e-05,1.4588016780739406e-07,1.4588016780739406e-05,1
1218637,1218839,worker,328.493364572525,False,npz,npz_tr_3.py,3,eager,M2,256,1,64,/pscratch/sd/s/satt/sprints/data/converted_10M/mc_normalized_rntuple_10M_3.npz,,,,5000,,,,,,,,true,1,0,0,0,3,0,3,3,1.0,100.0,0.0,3.0,3.0,,,,5.412101745605469e-05,1.804033915201823e-05,1.6475528364624182e-07,1.6475528364624182e-05,1
1218637,1218840,worker,328.4878480434418,False,npz,npz_tr_3.py,3,eager,M2,256,1,64,/pscratch/sd/s/satt/sprints/data/converted_10M/mc_normalized_rntuple_10M_3.npz,,,,5000,,,,,,,,true,1,0,0,0,3,0,3,3,1.0,100.0,0.0,3.0,3.0,,,,5.626678466796875e-05,1.8755594889322918e-05,1.7129030800715526e-07,1.7129030800715526e-05,1
1218637,1218841,worker,328.4828395843506,False,npz,npz_tr_3.py,3,eager,M2,256,1,64,/pscratch/sd/s/satt/sprints/data/converted_10M/mc_normalized_rntuple_10M_3.npz,,,,5000,,,,,,,,true,1,0,0,0,3,0,3,3,1.0,100.0,0.0,3.0,3.0,,,,5.221366882324219e-05,1.7404556274414062e-05,1.5895402295386673e-07,1.5895402295386673e-05,1
1218637,1218842,worker,328.4709494113922,False,npz,npz_tr_3.py,3,eager,M2,256,1,64,/pscratch/sd/s/satt/sprints/data/converted_10M/mc_normalized_rntuple_10M_3.npz,,,,5000,,,,,,,,true,1,0,0,0,3,0,3,3,1.0,100.0,0.0,3.0,3.0,,,,5.4836273193359375e-05,1.8278757731119793e-05,1.66944057888906e-07,1.66944057888906e-05,1
1218637,1218843,worker,328.46965527534485,False,npz,npz_tr_3.py,3,eager,M2,256,1,64,/pscratch/sd/s/satt/sprints/data/converted_10M/mc_normalized_rntuple_10M_3.npz,,,,5000,,,,,,,,true,1,0,0,0,3,0,3,3,1.0,100.0,0.0,3.0,3.0,,,,5.53131103515625e-05,1.8437703450520832e-05,1.683964088104133e-07,1.683964088104133e-05,1
1218637,1218844,worker,328.4590275287628,False,npz,npz_tr_3.py,3,eager,M2,256,1,64,/pscratch/sd/s/satt/sprints/data/converted_10M/mc_normalized_rntuple_10M_3.npz,,,,5000,,,,,,,,true,1,0,0,0,3,0,3,3,1.0,100.0,0.0,3.0,3.0,,,,5.4836273193359375e-05,1.8278757731119793e-05,1.6695011735841974e-07,1.6695011735841975e-05,1
1218637,1218845,worker,328.46113681793213,False,npz,npz_tr_3.py,3,eager,M2,256,1,64,/pscratch/sd/s/satt/sprints/data/converted_10M/mc_normalized_rntuple_10M_3.npz,,,,5000,,,,,,,,true,1,0,0,0,3,0,3,3,1.0,100.0,0.0,3.0,3.0,,,,5.316734313964844e-05,1.7722447713216145e-05,1.6186798735072088e-07,1.618679873507209e-05,1
1218637,1218846,worker,328.4559531211853,False,npz,npz_tr_3.py,3,eager,M2,256,1,64,/pscratch/sd/s/satt/sprints/data/converted_10M/mc_normalized_rntuple_10M_3.npz,,,,5000,,,,,,,,true,1,0,0,0,3,0,3,3,1.0,100.0,0.0,3.0,3.0,,,,5.269050598144531e-05,1.7563501993815105e-05,1.6041878821421426e-07,1.6041878821421425e-05,1
1218637,1218847,worker,328.44542264938354,False,npz,npz_tr_3.py,3,eager,M2,256,1,64,/pscratch/sd/s/satt/sprints/data/converted_10M/mc_normalized_rntuple_10M_3.npz,,,,5000,,,,,,,,true,1,0,0,0,3,0,3,3,1.0,100.0,0.0,3.0,3.0,,,,5.269050598144531e-05,1.7563501993815105e-05,1.6042393149041563e-07,1.6042393149041564e-05,1
1218637,1218848,worker,328.43934750556946,False,npz,npz_tr_3.py,3,eager,M2,256,1,64,/pscratch/sd/s/satt/sprints/data/converted_10M/mc_normalized_rntuple_10M_3.npz,,,,5000,,,,,,,,true,1,0,0,0,3,0,3,3,1.0,100.0,0.0,3.0,3.0,,,,5.364418029785156e-05,1.7881393432617188e-05,1.6333055313033679e-07,1.633305531303368e-05,1
1218637,1218849,worker,328.43387603759766,False,npz,npz_tr_3.py,3,eager,M2,256,1,64,/pscratch/sd/s/satt/sprints/data/converted_10M/mc_normalized_rntuple_10M_3.npz,,,,5000,,,,,,,,true,1,0,0,0,3,0,3,3,1.0,100.0,0.0,3.0,3.0,,,,5.269050598144531e-05,1.7563501993815105e-05,1.6042957144717172e-07,1.6042957144717173e-05,1
1218637,1218850,worker,328.43580055236816,False,npz,npz_tr_3.py,3,eager,M2,256,1,64,/pscratch/sd/s/satt/sprints/data/converted_10M/mc_normalized_rntuple_10M_3.npz,,,,5000,,,,,,,,true,1,0,0,0,3,0,3,3,1.0,100.0,0.0,3.0,3.0,,,,5.841255187988281e-05,1.9470850626627605e-05,1.778507452039142e-07,1.778507452039142e-05,1
1218637,1218851,worker,328.42134261131287,False,npz,npz_tr_3.py,3,eager,M2,256,1,64,/pscratch/sd/s/satt/sprints/data/converted_10M/mc_normalized_rntuple_10M_3.npz,,,,5000,,,,,,,,true,1,0,0,0,3,0,3,3,1.0,100.0,0.0,3.0,3.0,,,,5.888938903808594e-05,1.9629796346028645e-05,1.7931048137691103e-07,1.7931048137691104e-05,1
1218637,1218852,worker,328.4155194759369,False,npz,npz_tr_3.py,3,eager,M2,256,1,64,/pscratch/sd/s/satt/sprints/data/converted_10M/mc_normalized_rntuple_10M_3.npz,,,,5000,,,,,,,,true,1,0,0,0,3,0,3,3,1.0,100.0,0.0,3.0,3.0,,,,5.364418029785156e-05,1.7881393432617188e-05,1.633424034998507e-07,1.6334240349985072e-05,1
1218637,1218853,worker,328.41401386260986,False,npz,npz_tr_3.py,3,eager,M2,256,1,64,/pscratch/sd/s/satt/sprints/data/converted_10M/mc_normalized_rntuple_10M_3.npz,,,,5000,,,,,,,,true,1,0,0,0,3,0,3,3,1.0,100.0,0.0,3.0,3.0,,,,5.555152893066406e-05,1.8517176310221355e-05,1.6915090887048362e-07,1.6915090887048362e-05,1
1218637,1218854,worker,328.40390968322754,False,npz,npz_tr_3.py,3,eager,M2,256,1,64,/pscratch/sd/s/satt/sprints/data/converted_10M/mc_normalized_rntuple_10M_3.npz,,,,5000,,,,,,,,true,1,0,0,0,3,0,3,3,1.0,100.0,0.0,3.0,3.0,,,,5.1021575927734375e-05,1.7007191975911457e-05,1.5536226708430135e-07,1.5536226708430134e-05,1
1218637,1218855,worker,328.3930983543396,False,npz,npz_tr_3.py,3,eager,M2,256,1,64,/pscratch/sd/s/satt/sprints/data/converted_10M/mc_normalized_rntuple_10M_3.npz,,,,5000,,,,,,,,true,1,0,0,0,3,0,3,3,1.0,100.0,0.0,3.0,3.0,,,,5.340576171875e-05,1.7801920572916668e-05,1.626275399403328e-07,1.626275399403328e-05,1
1218637,1218856,worker,328.39600563049316,False,npz,npz_tr_3.py,3,eager,M2,256,1,64,/pscratch/sd/s/satt/sprints/data/converted_10M/mc_normalized_rntuple_10M_3.npz,,,,5000,,,,,,,,true,1,0,0,0,3,0,3,3,1.0,100.0,0.0,3.0,3.0,,,,5.2928924560546875e-05,1.7642974853515625e-05,1.611740814536636e-07,1.611740814536636e-05,1
1218637,1218857,worker,328.38937401771545,False,npz,npz_tr_3.py,3,eager,M2,256,1,64,/pscratch/sd/s/satt/sprints/data/converted_10M/mc_normalized_rntuple_10M_3.npz,,,,5000,,,,,,,,true,1,0,0,0,3,0,3,3,1.0,100.0,0.0,3.0,3.0,,,,5.602836608886719e-05,1.8676122029622395e-05,1.706156487446048e-07,1.7061564874460478e-05,1
1218637,1218858,worker,328.3827483654022,False,npz,npz_tr_3.py,3,eager,M2,256,1,64,/pscratch/sd/s/satt/sprints/data/converted_10M/mc_normalized_rntuple_10M_3.npz,,,,5000,,,,,,,,true,1,0,0,0,3,0,3,3,1.0,100.0,0.0,3.0,3.0,,,,5.650520324707031e-05,1.8835067749023438e-05,1.7207116856271367e-07,1.7207116856271367e-05,1
1218637,1218859,worker,328.3768835067749,False,npz,npz_tr_3.py,3,eager,M2,256,1,64,/pscratch/sd/s/satt/sprints/data/converted_10M/mc_normalized_rntuple_10M_3.npz,,,,5000,,,,,,,,true,1,0,0,0,3,0,3,3,1.0,100.0,0.0,3.0,3.0,,,,5.602836608886719e-05,1.8676122029622395e-05,1.70622138472519e-07,1.70622138472519e-05,1
1218637,1218860,worker,328.3681342601776,False,npz,npz_tr_3.py,3,eager,M2,256,1,64,/pscratch/sd/s/satt/sprints/data/converted_10M/mc_normalized_rntuple_10M_3.npz,,,,5000,,,,,,,,true,1,0,0,0,3,0,3,3,1.0,100.0,0.0,3.0,3.0,,,,5.364418029785156e-05,1.7881393432617188e-05,1.6336597465132653e-07,1.6336597465132653e-05,1
1218637,1218861,worker,328.3655560016632,False,npz,npz_tr_3.py,3,eager,M2,256,1,64,/pscratch/sd/s/satt/sprints/data/converted_10M/mc_normalized_rntuple_10M_3.npz,,,,5000,,,,,,,,true,1,0,0,0,3,0,3,3,1.0,100.0,0.0,3.0,3.0,,,,4.9591064453125e-05,1.6530354817708332e-05,1.510239534772454e-07,1.5102395347724539e-05,1
1218637,1218862,worker,328.35861682891846,False,npz,npz_tr_3.py,3,eager,M2,256,1,64,/pscratch/sd/s/satt/sprints/data/converted_10M/mc_normalized_rntuple_10M_3.npz,,,,5000,,,,,,,,true,1,0,0,0,3,0,3,3,1.0,100.0,0.0,3.0,3.0,,,,5.316734313964844e-05,1.7722447713216145e-05,1.6191852570553893e-07,1.619185257055389e-05,1
1218637,1218863,worker,328.34398794174194,False,npz,npz_tr_3.py,3,eager,M2,256,1,64,/pscratch/sd/s/satt/sprints/data/converted_10M/mc_normalized_rntuple_10M_3.npz,,,,5000,,,,,,,,true,1,0,0,0,3,0,3,3,1.0,100.0,0.0,3.0,3.0,,,,5.245208740234375e-05,1.7484029134114582e-05,1.597473665686558e-07,1.597473665686558e-05,1
1218637,1218864,worker,328.3513391017914,False,npz,npz_tr_3.py,3,eager,M2,256,1,64,/pscratch/sd/s/satt/sprints/data/converted_10M/mc_normalized_rntuple_10M_3.npz,,,,5000,,,,,,,,true,1,0,0,0,3,0,3,3,1.0,100.0,0.0,3.0,3.0,,,,6.0558319091796875e-05,2.0186106363932293e-05,1.844314667863235e-07,1.8443146678632347e-05,1
1218637,1218865,worker,328.33863043785095,False,npz,npz_tr_3.py,3,eager,M2,256,1,64,/pscratch/sd/s/satt/sprints/data/converted_10M/mc_normalized_rntuple_10M_3.npz,,,,5000,,,,,,,,true,1,0,0,0,3,0,3,3,1.0,100.0,0.0,3.0,3.0,,,,5.602836608886719e-05,1.8676122029622395e-05,1.7064201679269788e-07,1.706420167926979e-05,1
1218637,1218866,worker,328.3386974334717,False,npz,npz_tr_3.py,3,eager,M2,256,1,64,/pscratch/sd/s/satt/sprints/data/converted_10M/mc_normalized_rntuple_10M_3.npz,,,,5000,,,,,,,,true,1,0,0,0,3,0,3,3,1.0,100.0,0.0,3.0,3.0,,,,5.1975250244140625e-05,1.7325083414713543e-05,1.5829766838455557e-07,1.5829766838455555e-05,1
1218637,1218867,worker,328.3281087875366,False,npz,npz_tr_3.py,3,eager,M2,256,1,64,/pscratch/sd/s/satt/sprints/data/converted_10M/mc_normalized_rntuple_10M_3.npz,,,,5000,,,,,,,,true,1,0,0,0,3,0,3,3,1.0,100.0,0.0,3.0,3.0,,,,5.221366882324219e-05,1.7404556274414062e-05,1.5902893302696178e-07,1.590289330269618e-05,1
1218637,1218868,worker,328.3268246650696,False,npz,npz_tr_3.py,3,eager,M2,256,1,64,/pscratch/sd/s/satt/sprints/data/converted_10M/mc_normalized_rntuple_10M_3.npz,,,,5000,,,,,,,,true,1,0,0,0,3,0,3,3,1.0,100.0,0.0,3.0,3.0,,,,5.1021575927734375e-05,1.7007191975911457e-05,1.553987432485364e-07,1.553987432485364e-05,1
1218637,1218869,worker,328.3173155784607,False,npz,npz_tr_3.py,3,eager,M2,256,1,64,/pscratch/sd/s/satt/sprints/data/converted_10M/mc_normalized_rntuple_10M_3.npz,,,,5000,,,,,,,,true,1,0,0,0,3,0,3,3,1.0,100.0,0.0,3.0,3.0,,,,5.626678466796875e-05,1.8755594889322918e-05,1.7137927851545866e-07,1.7137927851545865e-05,1
1218637,1218870,worker,328.31113266944885,False,npz,npz_tr_3.py,3,eager,M2,256,1,64,/pscratch/sd/s/satt/sprints/data/converted_10M/mc_normalized_rntuple_10M_3.npz,,,,5000,,,,,,,,true,1,0,0,0,3,0,3,3,1.0,100.0,0.0,3.0,3.0,,,,5.3882598876953125e-05,1.7960866292317707e-05,1.6412053541663894e-07,1.6412053541663895e-05,1
1218637,1218871,worker,328.30890703201294,False,npz,npz_tr_3.py,3,eager,M2,256,1,64,/pscratch/sd/s/satt/sprints/data/converted_10M/mc_normalized_rntuple_10M_3.npz,,,,5000,,,,,,,,true,1,0,0,0,3,0,3,3,1.0,100.0,0.0,3.0,3.0,,,,5.2928924560546875e-05,1.7642974853515625e-05,1.6121684007612334e-07,1.6121684007612334e-05,1
1218637,1218872,worker,328.2887954711914,False,npz,npz_tr_3.py,3,eager,M2,256,1,64,/pscratch/sd/s/satt/sprints/data/converted_10M/mc_normalized_rntuple_10M_3.npz,,,,5000,,,,,,,,true,1,0,0,0,3,0,3,3,1.0,100.0,0.0,3.0,3.0,,,,6.008148193359375e-05,2.002716064453125e-05,1.8301411063194855e-07,1.8301411063194852e-05,1
1218637,1218873,worker,328.29342818260193,False,npz,npz_tr_3.py,3,eager,M2,256,1,64,/pscratch/sd/s/satt/sprints/data/converted_10M/mc_normalized_rntuple_10M_3.npz,,,,5000,,,,,,,,true,1,0,0,0,3,0,3,3,1.0,100.0,0.0,3.0,3.0,,,,5.340576171875e-05,1.7801920572916668e-05,1.6267691380360157e-07,1.6267691380360157e-05,1
1218637,1218874,worker,328.2880094051361,False,npz,npz_tr_3.py,3,eager,M2,256,1,64,/pscratch/sd/s/satt/sprints/data/converted_10M/mc_normalized_rntuple_10M_3.npz,,,,5000,,,,,,,,true,1,0,0,0,3,0,3,3,1.0,100.0,0.0,3.0,3.0,,,,5.793571472167969e-05,1.9311904907226562e-05,1.764783149608792e-07,1.764783149608792e-05,1
1218637,1218875,worker,328.27958369255066,False,npz,npz_tr_3.py,3,eager,M2,256,1,64,/pscratch/sd/s/satt/sprints/data/converted_10M/mc_normalized_rntuple_10M_3.npz,,,,5000,,,,,,,,true,1,0,0,0,3,0,3,3,1.0,100.0,0.0,3.0,3.0,,,,5.269050598144531e-05,1.7563501993815105e-05,1.605049738054757e-07,1.605049738054757e-05,1
1218637,1218876,worker,328.2776243686676,False,npz,npz_tr_3.py,3,eager,M2,256,1,64,/pscratch/sd/s/satt/sprints/data/converted_10M/mc_normalized_rntuple_10M_3.npz,,,,5000,,,,,,,,true,1,0,0,0,3,0,3,3,1.0,100.0,0.0,3.0,3.0,,,,6.461143493652344e-05,2.1537144978841145e-05,1.9681949100485285e-07,1.9681949100485287e-05,1
1218637,1218877,worker,328.2671535015106,False,npz,npz_tr_3.py,3,eager,M2,256,1,64,/pscratch/sd/s/satt/sprints/data/converted_10M/mc_normalized_rntuple_10M_3.npz,,,,5000,,,,,,,,true,1,0,0,0,3,0,3,3,1.0,100.0,0.0,3.0,3.0,,,,5.745887756347656e-05,1.915295918782552e-05,1.7503693851359437e-07,1.7503693851359436e-05,1
1218637,1218878,worker,328.25774669647217,False,npz,npz_tr_3.py,3,eager,M2,256,1,64,/pscratch/sd/s/satt/sprints/data/converted_10M/mc_normalized_rntuple_10M_3.npz,,,,5000,,,,,,,,true,1,0,0,0,3,0,3,3,1.0,100.0,0.0,3.0,3.0,,,,5.3882598876953125e-05,1.7960866292317707e-05,1.641472270470935e-07,1.641472270470935e-05,1
1218637,1218879,worker,328.2545371055603,False,npz,npz_tr_3.py,3,eager,M2,256,1,64,/pscratch/sd/s/satt/sprints/data/converted_10M/mc_normalized_rntuple_10M_3.npz,,,,5000,,,,,,,,true,1,0,0,0,3,0,3,3,1.0,100.0,0.0,3.0,3.0,,,,5.555152893066406e-05,1.8517176310221355e-05,1.6923308789727335e-07,1.6923308789727336e-05,1
1218637,1218880,worker,328.2501904964447,False,npz,npz_tr_3.py,3,eager,M2,256,1,64,/pscratch/sd/s/satt/sprints/data/converted_10M/mc_normalized_rntuple_10M_3.npz,,,,5000,,,,,,,,true,1,0,0,0,3,0,3,3,1.0,100.0,0.0,3.0,3.0,,,,5.125999450683594e-05,1.708666483561198e-05,1.5616135493877538e-07,1.561613549387754e-05,1
1218637,1218881,worker,328.2430624961853,False,npz,npz_tr_3.py,3,eager,M2,256,1,64,/pscratch/sd/s/satt/sprints/data/converted_10M/mc_normalized_rntuple_10M_3.npz,,,,5000,,,,,,,,true,1,0,0,0,3,0,3,3,1.0,100.0,0.0,3.0,3.0,,,,5.4836273193359375e-05,1.8278757731119793e-05,1.670599609214792e-07,1.670599609214792e-05,1
1218637,1218882,worker,328.2284326553345,False,npz,npz_tr_3.py,3,eager,M2,256,1,64,/pscratch/sd/s/satt/sprints/data/converted_10M/mc_normalized_rntuple_10M_3.npz,,,,5000,,,,,,,,true,1,0,0,0,3,0,3,3,1.0,100.0,0.0,3.0,3.0,,,,4.935264587402344e-05,1.6450881958007812e-05,1.5036066642601793e-07,1.5036066642601793e-05,1
1218637,1218883,worker,328.2302956581116,False,npz,npz_tr_3.py,3,eager,M2,256,1,64,/pscratch/sd/s/satt/sprints/data/converted_10M/mc_normalized_rntuple_10M_3.npz,,,,5000,,,,,,,,true,1,0,0,0,3,0,3,3,1.0,100.0,0.0,3.0,3.0,,,,6.890296936035156e-05,2.296765645345052e-05,2.0992263746464673e-07,2.0992263746464672e-05,1
1218637,1218884,worker,328.224303483963,False,npz,npz_tr_3.py,3,eager,M2,256,1,64,/pscratch/sd/s/satt/sprints/data/converted_10M/mc_normalized_rntuple_10M_3.npz,,,,5000,,,,,,,,true,1,0,0,0,3,0,3,3,1.0,100.0,0.0,3.0,3.0,,,,6.723403930664062e-05,2.2411346435546875e-05,2.048417456994487e-07,2.048417456994487e-05,1
1218637,1218885,worker,328.2224531173706,False,npz,npz_tr_3.py,3,eager,M2,256,1,64,/pscratch/sd/s/satt/sprints/data/converted_10M/mc_normalized_rntuple_10M_3.npz,,,,5000,,,,,,,,true,1,0,0,0,3,0,3,3,1.0,100.0,0.0,3.0,3.0,,,,6.842613220214844e-05,2.280871073404948e-05,2.0847486682356742e-07,2.084748668235674e-05,1
1218637,1218886,worker,328.21154379844666,False,npz,npz_tr_3.py,3,eager,M2,256,1,64,/pscratch/sd/s/satt/sprints/data/converted_10M/mc_normalized_rntuple_10M_3.npz,,,,5000,,,,,,,,true,1,0,0,0,3,0,3,3,1.0,100.0,0.0,3.0,3.0,,,,7.128715515136719e-05,2.376238505045573e-05,2.1719880515581236e-07,2.1719880515581234e-05,1
1218637,1218887,worker,328.2055232524872,False,npz,npz_tr_3.py,3,eager,M2,256,1,64,/pscratch/sd/s/satt/sprints/data/converted_10M/mc_normalized_rntuple_10M_3.npz,,,,5000,,,,,,,,true,1,0,0,0,3,0,3,3,1.0,100.0,0.0,3.0,3.0,,,,6.461143493652344e-05,2.1537144978841145e-05,1.96862728866443e-07,1.96862728866443e-05,1
1218637,1218888,worker,328.2001953125,False,npz,npz_tr_3.py,3,eager,M2,256,1,64,/pscratch/sd/s/satt/sprints/data/converted_10M/mc_normalized_rntuple_10M_3.npz,,,,5000,,,,,,,,true,1,0,0,0,3,0,3,3,1.0,100.0,0.0,3.0,3.0,,,,6.246566772460938e-05,2.0821889241536457e-05,1.9032794195972947e-07,1.9032794195972946e-05,1
1218637,1218889,worker,328.2024223804474,False,npz,npz_tr_3.py,3,eager,M2,256,1,64,/pscratch/sd/s/satt/sprints/data/converted_10M/mc_normalized_rntuple_10M_3.npz,,,,5000,,,,,,,,true,1,0,0,0,3,0,3,3,1.0,100.0,0.0,3.0,3.0,,,,6.532669067382812e-05,2.1775563557942707e-05,1.9904390162636395e-07,1.9904390162636395e-05,1
1218637,1218890,worker,328.1889328956604,False,npz,npz_tr_3.py,3,eager,M2,256,1,64,/pscratch/sd/s/satt/sprints/data/converted_10M/mc_normalized_rntuple_10M_3.npz,,,,5000,,,,,,,,true,1,0,0,0,3,0,3,3,1.0,100.0,0.0,3.0,3.0,,,,6.29425048828125e-05,2.09808349609375e-05,1.917874083305043e-07,1.917874083305043e-05,1
1218637,1218891,worker,328.1709430217743,False,npz,npz_tr_3.py,3,eager,M2,256,1,64,/pscratch/sd/s/satt/sprints/data/converted_10M/mc_normalized_rntuple_10M_3.npz,,,,5000,,,,,,,,true,1,0,0,0,3,0,3,3,1.0,100.0,0.0,3.0,3.0,,,,5.2928924560546875e-05,1.7642974853515625e-05,1.6128461610032006e-07,1.6128461610032007e-05,1
1218637,1218892,worker,328.1640145778656,False,npz,npz_tr_3.py,3,eager,M2,256,1,64,/pscratch/sd/s/satt/sprints/data/converted_10M/mc_normalized_rntuple_10M_3.npz,,,,5000,,,,,,,,true,1,0,0,0,3,0,3,3,1.0,100.0,0.0,3.0,3.0,,,,5.841255187988281e-05,1.9470850626627605e-05,1.779980414824639e-07,1.779980414824639e-05,1
1218637,1218893,worker,328.17129254341125,False,npz,npz_tr_3.py,3,eager,M2,256,1,64,/pscratch/sd/s/satt/sprints/data/converted_10M/mc_normalized_rntuple_10M_3.npz,,,,5000,,,,,,,,true,1,0,0,0,3,0,3,3,1.0,100.0,0.0,3.0,3.0,,,,5.364418029785156e-05,1.7881393432617188e-05,1.6346396384063786e-07,1.6346396384063785e-05,1
1218637,1218894,worker,328.1631751060486,False,npz,npz_tr_3.py,3,eager,M2,256,1,64,/pscratch/sd/s/satt/sprints/data/converted_10M/mc_normalized_rntuple_10M_3.npz,,,,5000,,,,,,,,true,1,0,0,0,3,0,3,3,1.0,100.0,0.0,3.0,3.0,,,,5.269050598144531e-05,1.7563501993815105e-05,1.6056190937456024e-07,1.605619093745602e-05,1
1218637,1218895,worker,328.1574287414551,False,npz,npz_tr_3.py,3,eager,M2,256,1,64,/pscratch/sd/s/satt/sprints/data/converted_10M/mc_normalized_rntuple_10M_3.npz,,,,5000,,,,,,,,true,1,0,0,0,3,0,3,3,1.0,100.0,0.0,3.0,3.0,,,,5.1975250244140625e-05,1.7325083414713543e-05,1.583851093771529e-07,1.583851093771529e-05,1
1218637,1218896,worker,328.1496319770813,False,npz,npz_tr_3.py,3,eager,M2,256,1,64,/pscratch/sd/s/satt/sprints/data/converted_10M/mc_normalized_rntuple_10M_3.npz,,,,5000,,,,,,,,true,1,0,0,0,3,0,3,3,1.0,100.0,0.0,3.0,3.0,,,,6.29425048828125e-05,2.09808349609375e-05,1.9181037779499488e-07,1.9181037779499487e-05,1
1218637,1218897,worker,328.1486988067627,False,npz,npz_tr_3.py,3,eager,M2,256,1,64,/pscratch/sd/s/satt/sprints/data/converted_10M/mc_normalized_rntuple_10M_3.npz,,,,5000,,,,,,,,true,1,0,0,0,3,0,3,3,1.0,100.0,0.0,3.0,3.0,,,,6.389617919921875e-05,2.1298726399739582e-05,1.947171493641831e-07,1.9471714936418312e-05,1
1218637,1218898,worker,328.1274998188019,False,npz,npz_tr_3.py,3,eager,M2,256,1,64,/pscratch/sd/s/satt/sprints/data/converted_10M/mc_normalized_rntuple_10M_3.npz,,,,5000,,,,,,,,true,1,0,0,0,3,0,3,3,1.0,100.0,0.0,3.0,3.0,,,,5.1021575927734375e-05,1.7007191975911457e-05,1.554931420131182e-07,1.554931420131182e-05,1
1218637,1218899,worker,328.1345133781433,False,npz,npz_tr_3.py,3,eager,M2,256,1,64,/pscratch/sd/s/satt/sprints/data/converted_10M/mc_normalized_rntuple_10M_3.npz,,,,5000,,,,,,,,true,1,0,0,0,3,0,3,3,1.0,100.0,0.0,3.0,3.0,,,,5.316734313964844e-05,1.7722447713216145e-05,1.620291099290071e-07,1.6202910992900712e-05,1
1218637,1218900,worker,328.13717889785767,False,npz,npz_tr_3.py,3,eager,M2,256,1,64,/pscratch/sd/s/satt/sprints/data/converted_10M/mc_normalized_rntuple_10M_3.npz,,,,5000,,,,,,,,true,1,0,0,0,3,0,3,3,1.0,100.0,0.0,3.0,3.0,,,,5.1975250244140625e-05,1.7325083414713543e-05,1.5839488356276584e-07,1.5839488356276583e-05,1
1218637,1218901,worker,328.1248517036438,False,npz,npz_tr_3.py,3,eager,M2,256,1,64,/pscratch/sd/s/satt/sprints/data/converted_10M/mc_normalized_rntuple_10M_3.npz,,,,5000,,,,,,,,true,1,0,0,0,3,0,3,3,1.0,100.0,0.0,3.0,3.0,,,,5.125999450683594e-05,1.708666483561198e-05,1.5622100624408967e-07,1.562210062440897e-05,1
1218637,1218902,worker,328.1158275604248,False,npz,npz_tr_3.py,3,eager,M2,256,1,64,/pscratch/sd/s/satt/sprints/data/converted_10M/mc_normalized_rntuple_10M_3.npz,,,,5000,,,,,,,,true,1,0,0,0,3,0,3,3,1.0,100.0,0.0,3.0,3.0,,,,5.1975250244140625e-05,1.7325083414713543e-05,1.5840519072359904e-07,1.5840519072359904e-05,1
1218637,1218903,worker,328.1094882488251,False,npz,npz_tr_3.py,3,eager,M2,256,1,64,/pscratch/sd/s/satt/sprints/data/converted_10M/mc_normalized_rntuple_10M_3.npz,,,,5000,,,,,,,,true,1,0,0,0,3,0,3,3,1.0,100.0,0.0,3.0,3.0,,,,5.364418029785156e-05,1.7881393432617188e-05,1.6349475470569132e-07,1.634947547056913e-05,1
1218637,1218904,worker,328.09002017974854,False,npz,npz_tr_3.py,3,eager,M2,256,1,64,/pscratch/sd/s/satt/sprints/data/converted_10M/mc_normalized_rntuple_10M_3.npz,,,,5000,,,,,,,,true,1,0,0,0,3,0,3,3,1.0,100.0,0.0,3.0,3.0,,,,5.14984130859375e-05,1.71661376953125e-05,1.5696427784582841e-07,1.5696427784582843e-05,1
1218637,1218905,worker,328.08972358703613,False,npz,npz_tr_3.py,3,eager,M2,256,1,64,/pscratch/sd/s/satt/sprints/data/converted_10M/mc_normalized_rntuple_10M_3.npz,,,,5000,,,,,,,,true,1,0,0,0,3,0,3,3,1.0,100.0,0.0,3.0,3.0,,,,5.841255187988281e-05,1.9470850626627605e-05,1.780383464658778e-07,1.7803834646587778e-05,1
1218637,1218906,worker,328.09045028686523,False,npz,npz_tr_3.py,3,eager,M2,256,1,64,/pscratch/sd/s/satt/sprints/data/converted_10M/mc_normalized_rntuple_10M_3.npz,,,,5000,,,,,,,,true,1,0,0,0,3,0,3,3,1.0,100.0,0.0,3.0,3.0,,,,5.4836273193359375e-05,1.8278757731119793e-05,1.6713766933909044e-07,1.6713766933909044e-05,1
1218637,1218907,worker,328.08221530914307,False,npz,npz_tr_3.py,3,eager,M2,256,1,64,/pscratch/sd/s/satt/sprints/data/converted_10M/mc_normalized_rntuple_10M_3.npz,,,,5000,,,,,,,,true,1,0,0,0,3,0,3,3,1.0,100.0,0.0,3.0,3.0,,,,4.9591064453125e-05,1.6530354817708332e-05,1.5115438185637912e-07,1.511543818563791e-05,1
1218637,1218908,worker,328.0786597728729,False,npz,npz_tr_3.py,3,eager,M2,256,1,64,/pscratch/sd/s/satt/sprints/data/converted_10M/mc_normalized_rntuple_10M_3.npz,,,,5000,,,,,,,,true,1,0,0,0,3,0,3,3,1.0,100.0,0.0,3.0,3.0,,,,5.817413330078125e-05,1.9391377766927082e-05,1.7731763882800206e-07,1.7731763882800205e-05,1
1218637,1218909,worker,328.07563757896423,False,npz,npz_tr_3.py,3,eager,M2,256,1,64,/pscratch/sd/s/satt/sprints/data/converted_10M/mc_normalized_rntuple_10M_3.npz,,,,5000,,,,,,,,true,1,0,0,0,3,0,3,3,1.0,100.0,0.0,3.0,3.0,,,,5.340576171875e-05,1.7801920572916668e-05,1.6278490567863582e-07,1.6278490567863583e-05,1
1218637,1218910,worker,328.0695090293884,False,npz,npz_tr_3.py,3,eager,M2,256,1,64,/pscratch/sd/s/satt/sprints/data/converted_10M/mc_normalized_rntuple_10M_3.npz,,,,5000,,,,,,,,true,1,0,0,0,3,0,3,3,1.0,100.0,0.0,3.0,3.0,,,,6.365776062011719e-05,2.1219253540039062e-05,1.940374184984522e-07,1.940374184984522e-05,1
1218637,1218911,worker,328.045028924942,False,npz,npz_tr_3.py,3,eager,M2,256,1,64,/pscratch/sd/s/satt/sprints/data/converted_10M/mc_normalized_rntuple_10M_3.npz,,,,5000,,,,,,,,true,1,0,0,0,3,0,3,3,1.0,100.0,0.0,3.0,3.0,,,,6.127357482910156e-05,2.0424524943033855e-05,1.8678403702657904e-07,1.8678403702657905e-05,1
1218637,1218912,worker,328.05297350883484,False,npz,npz_tr_3.py,3,eager,M2,256,1,64,/pscratch/sd/s/satt/sprints/data/converted_10M/mc_normalized_rntuple_10M_3.npz,,,,5000,,,,,,,,true,1,0,0,0,3,0,3,3,1.0,100.0,0.0,3.0,3.0,,,,5.316734313964844e-05,1.7722447713216145e-05,1.6206938340163095e-07,1.6206938340163095e-05,1
1218637,1218913,worker,328.0384702682495,False,npz,npz_tr_3.py,3,eager,M2,256,1,64,/pscratch/sd/s/satt/sprints/data/converted_10M/mc_normalized_rntuple_10M_3.npz,,,,5000,,,,,,,,true,1,0,0,0,3,0,3,3,1.0,100.0,0.0,3.0,3.0,,,,5.626678466796875e-05,1.8755594889322918e-05,1.7152495749037382e-07,1.715249574903738e-05,1
1218637,1218914,worker,328.0408618450165,False,npz,npz_tr_3.py,3,eager,M2,256,1,64,/pscratch/sd/s/satt/sprints/data/converted_10M/mc_normalized_rntuple_10M_3.npz,,,,5000,,,,,,,,true,1,0,0,0,3,0,3,3,1.0,100.0,0.0,3.0,3.0,,,,5.507469177246094e-05,1.8358230590820312e-05,1.6788973014734085e-07,1.6788973014734085e-05,1
1218637,1218915,worker,328.03379368782043,False,npz,npz_tr_3.py,3,eager,M2,256,1,64,/pscratch/sd/s/satt/sprints/data/converted_10M/mc_normalized_rntuple_10M_3.npz,,,,5000,,,,,,,,true,1,0,0,0,3,0,3,3,1.0,100.0,0.0,3.0,3.0,,,,5.507469177246094e-05,1.8358230590820312e-05,1.6789334767403205e-07,1.6789334767403205e-05,1
1218637,1218916,worker,328.02342891693115,False,npz,npz_tr_3.py,3,eager,M2,256,1,64,/pscratch/sd/s/satt/sprints/data/converted_10M/mc_normalized_rntuple_10M_3.npz,,,,5000,,,,,,,,true,1,0,0,0,3,0,3,3,1.0,100.0,0.0,3.0,3.0,,,,5.4836273193359375e-05,1.8278757731119793e-05,1.6717181871556542e-07,1.671718187155654e-05,1
1218637,1218917,worker,328.0223000049591,False,npz,npz_tr_3.py,3,eager,M2,256,1,64,/pscratch/sd/s/satt/sprints/data/converted_10M/mc_normalized_rntuple_10M_3.npz,,,,5000,,,,,,,,true,1,0,0,0,3,0,3,3,1.0,100.0,0.0,3.0,3.0,,,,6.127357482910156e-05,2.0424524943033855e-05,1.8679697943760293e-07,1.8679697943760293e-05,1
1218637,1218918,worker,328.0206997394562,False,npz,npz_tr_3.py,3,eager,M2,256,1,64,/pscratch/sd/s/satt/sprints/data/converted_10M/mc_normalized_rntuple_10M_3.npz,,,,5000,,,,,,,,true,1,0,0,0,3,0,3,3,1.0,100.0,0.0,3.0,3.0,,,,5.340576171875e-05,1.7801920572916668e-05,1.6281216935751222e-07,1.6281216935751222e-05,1
1218637,1218919,worker,328.0109815597534,False,npz,npz_tr_3.py,3,eager,M2,256,1,64,/pscratch/sd/s/satt/sprints/data/converted_10M/mc_normalized_rntuple_10M_3.npz,,,,5000,,,,,,,,true,1,0,0,0,3,0,3,3,1.0,100.0,0.0,3.0,3.0,,,,5.91278076171875e-05,1.9709269205729168e-05,1.802616709234055e-07,1.802616709234055e-05,1
1218637,1218920,worker,327.9863646030426,False,npz,npz_tr_3.py,3,eager,M2,256,1,64,/pscratch/sd/s/satt/sprints/data/converted_10M/mc_normalized_rntuple_10M_3.npz,,,,5000,,,,,,,,true,1,0,0,0,3,0,3,3,1.0,100.0,0.0,3.0,3.0,,,,5.412101745605469e-05,1.804033915201823e-05,1.650099616840981e-07,1.650099616840981e-05,1
1218637,1218921,worker,327.9978482723236,False,npz,npz_tr_3.py,3,eager,M2,256,1,64,/pscratch/sd/s/satt/sprints/data/converted_10M/mc_normalized_rntuple_10M_3.npz,,,,5000,,,,,,,,true,1,0,0,0,3,0,3,3,1.0,100.0,0.0,3.0,3.0,,,,5.745887756347656e-05,1.915295918782552e-05,1.7518065397725028e-07,1.7518065397725027e-05,1
1218637,1218922,worker,327.9947998523712,False,npz,npz_tr_3.py,3,eager,M2,256,1,64,/pscratch/sd/s/satt/sprints/data/converted_10M/mc_normalized_rntuple_10M_3.npz,,,,5000,,,,,,,,true,1,0,0,0,3,0,3,3,1.0,100.0,0.0,3.0,3.0,,,,5.1975250244140625e-05,1.7325083414713543e-05,1.5846364109289056e-07,1.5846364109289056e-05,1
1218637,1218923,worker,327.97309017181396,False,npz,npz_tr_3.py,3,eager,M2,256,1,64,/pscratch/sd/s/satt/sprints/data/converted_10M/mc_normalized_rntuple_10M_3.npz,,,,5000,,,,,,,,true,1,0,0,0,3,0,3,3,1.0,100.0,0.0,3.0,3.0,,,,5.412101745605469e-05,1.804033915201823e-05,1.6501664032162677e-07,1.6501664032162678e-05,1
1218637,1218924,worker,327.9703574180603,False,npz,npz_tr_3.py,3,eager,M2,256,1,64,/pscratch/sd/s/satt/sprints/data/converted_10M/mc_normalized_rntuple_10M_3.npz,,,,5000,,,,,,,,true,1,0,0,0,3,0,3,3,1.0,100.0,0.0,3.0,3.0,,,,5.2928924560546875e-05,1.7642974853515625e-05,1.6138325724687047e-07,1.6138325724687047e-05,1
1218637,1218925,worker,327.9690737724304,False,npz,npz_tr_3.py,3,eager,M2,256,1,64,/pscratch/sd/s/satt/sprints/data/converted_10M/mc_normalized_rntuple_10M_3.npz,,,,5000,,,,,,,,true,1,0,0,0,3,0,3,3,1.0,100.0,0.0,3.0,3.0,,,,5.173683166503906e-05,1.724561055501302e-05,1.5774911661621474e-07,1.5774911661621474e-05,1
1218637,1218926,worker,327.96691608428955,False,npz,npz_tr_3.py,3,eager,M2,256,1,64,/pscratch/sd/s/satt/sprints/data/converted_10M/mc_normalized_rntuple_10M_3.npz,,,,5000,,,,,,,,true,1,0,0,0,3,0,3,3,1.0,100.0,0.0,3.0,3.0,,,,5.245208740234375e-05,1.7484029134114582e-05,1.5993103215588743e-07,1.5993103215588743e-05,1
1218637,1218927,worker,327.94208788871765,False,npz,npz_tr_3.py,3,eager,M2,256,1,64,/pscratch/sd/s/satt/sprints/data/converted_10M/mc_normalized_rntuple_10M_3.npz,,,,5000,,,,,,,,true,1,0,0,0,3,0,3,3,1.0,100.0,0.0,3.0,3.0,,,,5.8650970458984375e-05,1.9550323486328125e-05,1.7884551152484802e-07,1.7884551152484803e-05,1
1218637,1218928,worker,327.94989132881165,False,npz,npz_tr_3.py,3,eager,M2,256,1,64,/pscratch/sd/s/satt/sprints/data/converted_10M/mc_normalized_rntuple_10M_3.npz,,,,5000,,,,,,,,true,1,0,0,0,3,0,3,3,1.0,100.0,0.0,3.0,3.0,,,,5.3882598876953125e-05,1.7960866292317707e-05,1.6430131645608303e-07,1.6430131645608304e-05,1
1218637,1218929,worker,327.9426214694977,False,npz,npz_tr_3.py,3,eager,M2,256,1,64,/pscratch/sd/s/satt/sprints/data/converted_10M/mc_normalized_rntuple_10M_3.npz,,,,5000,,,,,,,,true,1,0,0,0,3,0,3,3,1.0,100.0,0.0,3.0,3.0,,,,5.841255187988281e-05,1.9470850626627605e-05,1.7811820744171198e-07,1.7811820744171197e-05,1
1218637,1218930,worker,327.93647861480713,False,npz,npz_tr_3.py,3,eager,M2,256,1,64,/pscratch/sd/s/satt/sprints/data/converted_10M/mc_normalized_rntuple_10M_3.npz,,,,5000,,,,,,,,true,1,0,0,0,3,0,3,3,1.0,100.0,0.0,3.0,3.0,,,,6.079673767089844e-05,2.0265579223632812e-05,1.853918110229818e-07,1.853918110229818e-05,1
1218637,1218931,worker,327.934565782547,False,npz,npz_tr_3.py,3,eager,M2,256,1,64,/pscratch/sd/s/satt/sprints/data/converted_10M/mc_normalized_rntuple_10M_3.npz,,,,5000,,,,,,,,true,1,0,0,0,3,0,3,3,1.0,100.0,0.0,3.0,3.0,,,,5.3882598876953125e-05,1.7960866292317707e-05,1.643089948397895e-07,1.643089948397895e-05,1
1218637,1218932,worker,327.92509150505066,False,npz,npz_tr_3.py,3,eager,M2,256,1,64,/pscratch/sd/s/satt/sprints/data/converted_10M/mc_normalized_rntuple_10M_3.npz,,,,5000,,,,,,,,true,1,0,0,0,3,0,3,3,1.0,100.0,0.0,3.0,3.0,,,,5.435943603515625e-05,1.811981201171875e-05,1.6576784589940113e-07,1.657678458994011e-05,1
1218637,1218933,worker,327.9172399044037,False,npz,npz_tr_3.py,3,eager,M2,256,1,64,/pscratch/sd/s/satt/sprints/data/converted_10M/mc_normalized_rntuple_10M_3.npz,,,,5000,,,,,,,,true,1,0,0,0,3,0,3,3,1.0,100.0,0.0,3.0,3.0,,,,5.245208740234375e-05,1.7484029134114582e-05,1.5995526010658935e-07,1.5995526010658935e-05,1
1218637,1218934,worker,327.8994586467743,False,npz,npz_tr_3.py,3,eager,M2,256,1,64,/pscratch/sd/s/satt/sprints/data/converted_10M/mc_normalized_rntuple_10M_3.npz,,,,5000,,,,,,,,true,1,0,0,0,3,0,3,3,1.0,100.0,0.0,3.0,3.0,,,,5.459785461425781e-05,1.819928487141927e-05,1.6650791324749543e-07,1.6650791324749544e-05,1
1218637,1218935,worker,327.9127948284149,False,npz,npz_tr_3.py,3,eager,M2,256,1,64,/pscratch/sd/s/satt/sprints/data/converted_10M/mc_normalized_rntuple_10M_3.npz,,,,5000,,,,,,,,true,1,0,0,0,3,0,3,3,1.0,100.0,0.0,3.0,3.0,,,,6.556510925292969e-05,2.185503641764323e-05,1.9994678550813355e-07,1.9994678550813355e-05,1
1218637,1218936,worker,327.88238286972046,False,npz,npz_tr_3.py,3,eager,M2,256,1,64,/pscratch/sd/s/satt/sprints/data/converted_10M/mc_normalized_rntuple_10M_3.npz,,,,5000,,,,,,,,true,1,0,0,0,3,0,3,3,1.0,100.0,0.0,3.0,3.0,,,,5.125999450683594e-05,1.708666483561198e-05,1.5633653158853427e-07,1.5633653158853427e-05,1
1218637,1218937,worker,327.8964343070984,False,npz,npz_tr_3.py,3,eager,M2,256,1,64,/pscratch/sd/s/satt/sprints/data/converted_10M/mc_normalized_rntuple_10M_3.npz,,,,5000,,,,,,,,true,1,0,0,0,3,0,3,3,1.0,100.0,0.0,3.0,3.0,,,,5.173683166503906e-05,1.724561055501302e-05,1.5778406305139576e-07,1.5778406305139578e-05,1
1218637,1218938,worker,327.8830556869507,False,npz,npz_tr_3.py,3,eager,M2,256,1,64,/pscratch/sd/s/satt/sprints/data/converted_10M/mc_normalized_rntuple_10M_3.npz,,,,5000,,,,,,,,true,1,0,0,0,3,0,3,3,1.0,100.0,0.0,3.0,3.0,,,,5.2928924560546875e-05,1.7642974853515625e-05,1.6142622695050533e-07,1.614262269505053e-05,1
1218637,1218939,worker,327.8751196861267,False,npz,npz_tr_3.py,3,eager,M2,256,1,64,/pscratch/sd/s/satt/sprints/data/converted_10M/mc_normalized_rntuple_10M_3.npz,,,,5000,,,,,,,,true,1,0,0,0,3,0,3,3,1.0,100.0,0.0,3.0,3.0,,,,5.4836273193359375e-05,1.8278757731119793e-05,1.6724743629786206e-07,1.6724743629786205e-05,1
1218637,1218940,worker,327.87097549438477,False,npz,npz_tr_3.py,3,eager,M2,256,1,64,/pscratch/sd/s/satt/sprints/data/converted_10M/mc_normalized_rntuple_10M_3.npz,,,,5000,,,,,,,,true,1,0,0,0,3,0,3,3,1.0,100.0,0.0,3.0,3.0,,,,5.269050598144531e-05,1.7563501993815105e-05,1.6070500263707457e-07,1.6070500263707457e-05,1
1218637,1218941,worker,327.8469214439392,False,npz,npz_tr_3.py,3,eager,M2,256,1,64,/pscratch/sd/s/satt/sprints/data/converted_10M/mc_normalized_rntuple_10M_3.npz,,,,5000,,,,,,,,true,1,0,0,0,3,0,3,3,1.0,100.0,0.0,3.0,3.0,,,,5.340576171875e-05,1.7801920572916668e-05,1.62898469454996e-07,1.62898469454996e-05,1
1218637,1218942,worker,327.85680294036865,False,npz,npz_tr_3.py,3,eager,M2,256,1,64,/pscratch/sd/s/satt/sprints/data/converted_10M/mc_normalized_rntuple_10M_3.npz,,,,5000,,,,,,,,true,1,0,0,0,3,0,3,3,1.0,100.0,0.0,3.0,3.0,,,,5.91278076171875e-05,1.9709269205729168e-05,1.8034644115022924e-07,1.8034644115022923e-05,1
1218637,1218943,worker,327.8525741100311,False,npz,npz_tr_3.py,3,eager,M2,256,1,64,/pscratch/sd/s/satt/sprints/data/converted_10M/mc_normalized_rntuple_10M_3.npz,,,,5000,,,,,,,,true,1,0,0,0,3,0,3,3,1.0,100.0,0.0,3.0,3.0,,,,5.4836273193359375e-05,1.8278757731119793e-05,1.672589374727791e-07,1.672589374727791e-05,1
1218637,1218944,worker,327.8444209098816,False,npz,npz_tr_3.py,3,eager,M2,256,1,64,/pscratch/sd/s/satt/sprints/data/converted_10M/mc_normalized_rntuple_10M_3.npz,,,,5000,,,,,,,,true,1,0,0,0,3,0,3,3,1.0,100.0,0.0,3.0,3.0,,,,5.793571472167969e-05,1.9311904907226562e-05,1.7671709819214875e-07,1.7671709819214874e-05,1
1218637,1218945,worker,327.8300964832306,False,npz,npz_tr_3.py,3,eager,M2,256,1,64,/pscratch/sd/s/satt/sprints/data/converted_10M/mc_normalized_rntuple_10M_3.npz,,,,5000,,,,,,,,true,1,0,0,0,3,0,3,3,1.0,100.0,0.0,3.0,3.0,,,,5.14984130859375e-05,1.71661376953125e-05,1.5708872869935474e-07,1.5708872869935473e-05,1
1218637,1218946,worker,327.834881067276,False,npz,npz_tr_3.py,3,eager,M2,256,1,64,/pscratch/sd/s/satt/sprints/data/converted_10M/mc_normalized_rntuple_10M_3.npz,,,,5000,,,,,,,,true,1,0,0,0,3,0,3,3,1.0,100.0,0.0,3.0,3.0,,,,5.245208740234375e-05,1.7484029134114582e-05,1.5999544414427302e-07,1.5999544414427304e-05,1
1218637,1218947,worker,327.82099056243896,False,npz,npz_tr_3.py,3,eager,M2,256,1,64,/pscratch/sd/s/satt/sprints/data/converted_10M/mc_normalized_rntuple_10M_3.npz,,,,5000,,,,,,,,true,1,0,0,0,3,0,3,3,1.0,100.0,0.0,3.0,3.0,,,,5.245208740234375e-05,1.7484029134114582e-05,1.6000222350726312e-07,1.600022235072631e-05,1
1218637,1218948,worker,327.7988488674164,False,npz,npz_tr_3.py,3,eager,M2,256,1,64,/pscratch/sd/s/satt/sprints/data/converted_10M/mc_normalized_rntuple_10M_3.npz,,,,5000,,,,,,,,true,1,0,0,0,3,0,3,3,1.0,100.0,0.0,3.0,3.0,,,,5.555152893066406e-05,1.8517176310221355e-05,1.6946834658694238e-07,1.6946834658694238e-05,1
1218637,1218949,worker,327.797744512558,False,npz,npz_tr_3.py,3,eager,M2,256,1,64,/pscratch/sd/s/satt/sprints/data/converted_10M/mc_normalized_rntuple_10M_3.npz,,,,5000,,,,,,,,true,1,0,0,0,3,0,3,3,1.0,100.0,0.0,3.0,3.0,,,,5.1975250244140625e-05,1.7325083414713543e-05,1.585589013781315e-07,1.585589013781315e-05,1
1218637,1218950,worker,327.80156993865967,False,npz,npz_tr_3.py,3,eager,M2,256,1,64,/pscratch/sd/s/satt/sprints/data/converted_10M/mc_normalized_rntuple_10M_3.npz,,,,5000,,,,,,,,true,1,0,0,0,3,0,3,3,1.0,100.0,0.0,3.0,3.0,,,,5.364418029785156e-05,1.7881393432617188e-05,1.6364833245884029e-07,1.636483324588403e-05,1
1218637,1218951,worker,327.80300760269165,False,npz,npz_tr_3.py,3,eager,M2,256,1,64,/pscratch/sd/s/satt/sprints/data/converted_10M/mc_normalized_rntuple_10M_3.npz,,,,5000,,,,,,,,true,1,0,0,0,3,0,3,3,1.0,100.0,0.0,3.0,3.0,,,,5.435943603515625e-05,1.811981201171875e-05,1.6582958293366768e-07,1.6582958293366767e-05,1
1218637,1218952,worker,327.79016971588135,False,npz,npz_tr_3.py,3,eager,M2,256,1,64,/pscratch/sd/s/satt/sprints/data/converted_10M/mc_normalized_rntuple_10M_3.npz,,,,5000,,,,,,,,true,1,0,0,0,3,0,3,3,1.0,100.0,0.0,3.0,3.0,,,,5.173683166503906e-05,1.724561055501302e-05,1.5783521424661086e-07,1.5783521424661086e-05,1
1218637,1218953,worker,327.78669834136963,False,npz,npz_tr_3.py,3,eager,M2,256,1,64,/pscratch/sd/s/satt/sprints/data/converted_10M/mc_normalized_rntuple_10M_3.npz,,,,5000,,,,,,,,true,1,0,0,0,3,0,3,3,1.0,100.0,0.0,3.0,3.0,,,,5.602836608886719e-05,1.8676122029622395e-05,1.709293463474137e-07,1.709293463474137e-05,1
1218637,1218954,worker,327.7805972099304,False,npz,npz_tr_3.py,3,eager,M2,256,1,64,/pscratch/sd/s/satt/sprints/data/converted_10M/mc_normalized_rntuple_10M_3.npz,,,,5000,,,,,,,,true,1,0,0,0,3,0,3,3,1.0,100.0,0.0,3.0,3.0,,,,4.9591064453125e-05,1.6530354817708332e-05,1.5129347153322775e-07,1.5129347153322775e-05,1
1218637,1218955,worker,327.77112793922424,False,npz,npz_tr_3.py,3,eager,M2,256,1,64,/pscratch/sd/s/satt/sprints/data/converted_10M/mc_normalized_rntuple_10M_3.npz,,,,5000,,,,,,,,true,1,0,0,0,3,0,3,3,1.0,100.0,0.0,3.0,3.0,,,,5.269050598144531e-05,1.7563501993815105e-05,1.6075395753348738e-07,1.6075395753348737e-05,1
1218637,1218956,worker,327.74670004844666,False,npz,npz_tr_3.py,3,eager,M2,256,1,64,/pscratch/sd/s/satt/sprints/data/converted_10M/mc_normalized_rntuple_10M_3.npz,,,,5000,,,,,,,,true,1,0,0,0,3,0,3,3,1.0,100.0,0.0,3.0,3.0,,,,5.7697296142578125e-05,1.9232432047526043e-05,1.760423404234107e-07,1.760423404234107e-05,1
1218637,1218957,worker,327.75063133239746,False,npz,npz_tr_3.py,3,eager,M2,256,1,64,/pscratch/sd/s/satt/sprints/data/converted_10M/mc_normalized_rntuple_10M_3.npz,,,,5000,,,,,,,,true,1,0,0,0,3,0,3,3,1.0,100.0,0.0,3.0,3.0,,,,5.340576171875e-05,1.7801920572916668e-05,1.6294632752236273e-07,1.6294632752236275e-05,1
1218637,1218958,worker,327.73859000205994,False,npz,npz_tr_3.py,3,eager,M2,256,1,64,/pscratch/sd/s/satt/sprints/data/converted_10M/mc_normalized_rntuple_10M_3.npz,,,,5000,,,,,,,,true,1,0,0,0,3,0,3,3,1.0,100.0,0.0,3.0,3.0,,,,5.459785461425781e-05,1.819928487141927e-05,1.6658964272078746e-07,1.6658964272078745e-05,1
1218637,1218959,worker,327.74648356437683,False,npz,npz_tr_3.py,3,eager,M2,256,1,64,/pscratch/sd/s/satt/sprints/data/converted_10M/mc_normalized_rntuple_10M_3.npz,,,,5000,,,,,,,,true,1,0,0,0,3,0,3,3,1.0,100.0,0.0,3.0,3.0,,,,5.030632019042969e-05,1.6768773396809895e-05,1.5349156348934066e-07,1.5349156348934066e-05,1
1218637,1218960,worker,327.7397720813751,False,npz,npz_tr_3.py,3,eager,M2,256,1,64,/pscratch/sd/s/satt/sprints/data/converted_10M/mc_normalized_rntuple_10M_3.npz,,,,5000,,,,,,,,true,1,0,0,0,3,0,3,3,1.0,100.0,0.0,3.0,3.0,,,,5.1021575927734375e-05,1.7007191975911457e-05,1.5567709589749192e-07,1.556770958974919e-05,1
1218637,1218961,worker,327.7361056804657,False,npz,npz_tr_3.py,3,eager,M2,256,1,64,/pscratch/sd/s/satt/sprints/data/converted_10M/mc_normalized_rntuple_10M_3.npz,,,,5000,,,,,,,,true,1,0,0,0,3,0,3,3,1.0,100.0,0.0,3.0,3.0,,,,5.364418029785156e-05,1.7881393432617188e-05,1.6368102069948088e-07,1.6368102069948088e-05,1
1218637,1218962,worker,327.728355884552,False,npz,npz_tr_3.py,3,eager,M2,256,1,64,/pscratch/sd/s/satt/sprints/data/converted_10M/mc_normalized_rntuple_10M_3.npz,,,,5000,,,,,,,,true,1,0,0,0,3,0,3,3,1.0,100.0,0.0,3.0,3.0,,,,5.14984130859375e-05,1.71661376953125e-05,1.5713749561566381e-07,1.571374956156638e-05,1
1218637,1218963,worker,327.7225799560547,False,npz,npz_tr_3.py,3,eager,M2,256,1,64,/pscratch/sd/s/satt/sprints/data/converted_10M/mc_normalized_rntuple_10M_3.npz,,,,5000,,,,,,,,true,1,0,0,0,3,0,3,3,1.0,100.0,0.0,3.0,3.0,,,,5.125999450683594e-05,1.708666483561198e-05,1.564127638495631e-07,1.5641276384956308e-05,1
1218637,1218964,worker,327.7130038738251,False,npz,npz_tr_3.py,3,eager,M2,256,1,64,/pscratch/sd/s/satt/sprints/data/converted_10M/mc_normalized_rntuple_10M_3.npz,,,,5000,,,,,,,,true,1,0,0,0,3,0,3,3,1.0,100.0,0.0,3.0,3.0,,,,5.316734313964844e-05,1.7722447713216145e-05,1.6223751426146868e-07,1.6223751426146868e-05,1
1218637,1218965,worker,327.70692348480225,False,npz,npz_tr_3.py,3,eager,M2,256,1,64,/pscratch/sd/s/satt/sprints/data/converted_10M/mc_normalized_rntuple_10M_3.npz,,,,5000,,,,,,,,true,1,0,0,0,3,0,3,3,1.0,100.0,0.0,3.0,3.0,,,,5.364418029785156e-05,1.7881393432617188e-05,1.6369559644149345e-07,1.6369559644149347e-05,1
1218637,1218966,worker,327.70055413246155,False,npz,npz_tr_3.py,3,eager,M2,256,1,64,/pscratch/sd/s/satt/sprints/data/converted_10M/mc_normalized_rntuple_10M_3.npz,,,,5000,,,,,,,,true,1,0,0,0,3,0,3,3,1.0,100.0,0.0,3.0,3.0,,,,5.030632019042969e-05,1.6768773396809895e-05,1.5351307636207142e-07,1.535130763620714e-05,1
1218637,1218967,worker,327.6991584300995,False,npz,npz_tr_3.py,3,eager,M2,256,1,64,/pscratch/sd/s/satt/sprints/data/converted_10M/mc_normalized_rntuple_10M_3.npz,,,,5000,,,,,,,,true,1,0,0,0,3,0,3,3,1.0,100.0,0.0,3.0,3.0,,,,5.5789947509765625e-05,1.8596649169921875e-05,1.702474543329229e-07,1.702474543329229e-05,1
1218637,1218968,worker,327.66755723953247,False,npz,npz_tr_3.py,3,eager,M2,256,1,64,/pscratch/sd/s/satt/sprints/data/converted_10M/mc_normalized_rntuple_10M_3.npz,,,,5000,,,,,,,,true,1,0,0,0,3,0,3,3,1.0,100.0,0.0,3.0,3.0,,,,5.7220458984375e-05,1.9073486328125e-05,1.7462961382699704e-07,1.7462961382699703e-05,1
1218637,1218969,worker,327.68174409866333,False,npz,npz_tr_3.py,3,eager,M2,256,1,64,/pscratch/sd/s/satt/sprints/data/converted_10M/mc_normalized_rntuple_10M_3.npz,,,,5000,,,,,,,,true,1,0,0,0,3,0,3,3,1.0,100.0,0.0,3.0,3.0,,,,6.556510925292969e-05,2.185503641764323e-05,2.0008776940954135e-07,2.0008776940954137e-05,1
1218637,1218970,worker,327.66468262672424,False,npz,npz_tr_3.py,3,eager,M2,256,1,64,/pscratch/sd/s/satt/sprints/data/converted_10M/mc_normalized_rntuple_10M_3.npz,,,,5000,,,,,,,,true,1,0,0,0,3,0,3,3,1.0,100.0,0.0,3.0,3.0,,,,6.0558319091796875e-05,2.0186106363932293e-05,1.8481796269995e-07,1.8481796269995e-05,1
1218637,1218971,worker,327.66922760009766,False,npz,npz_tr_3.py,3,eager,M2,256,1,64,/pscratch/sd/s/satt/sprints/data/converted_10M/mc_normalized_rntuple_10M_3.npz,,,,5000,,,,,,,,true,1,0,0,0,3,0,3,3,1.0,100.0,0.0,3.0,3.0,,,,6.175041198730469e-05,2.0583470662434895e-05,1.8845349757001802e-07,1.8845349757001803e-05,1
1218637,1218972,worker,327.64051508903503,False,npz,npz_tr_3.py,3,eager,M2,256,1,64,/pscratch/sd/s/satt/sprints/data/converted_10M/mc_normalized_rntuple_10M_3.npz,,,,5000,,,,,,,,true,1,0,0,0,3,0,3,3,1.0,100.0,0.0,3.0,3.0,,,,5.8650970458984375e-05,1.9550323486328125e-05,1.790101277402955e-07,1.790101277402955e-05,1
