run_id,pid,role,file,reads,writes,opens,stats,seeks,metadata_ops,tracked_ops,metadata_ops_fraction,metadata_ops_pct,opens_per_file,stats_per_file,metadata_ops_per_file,opens_per_1000_reads,stats_per_1000_reads,metadata_ops_per_1000_reads,meta_time,meta_time_per_metadata_op,run_time,meta_time_per_runtime,metadata_time_pct_runtime
1582503,1582503,parent,/pscratch/sd/s/satt/sprints/a_star_campaign/npz/npz_tr_105.py,10,0,5,19,13,24,47,0.5106382978723404,51.06382978723404,5.0,19.0,24.0,500.0,1900.0,2400.0,0.0016014575958251953,6.67273998260498e-05,327.7691330909729,4.885931694430506e-06,0.0004885931694430506
1582503,1582503,parent,/pscratch/sd/s/satt/sprints/data/converted_10M/mc_normalized_rntuple_10M_105.npz,8,0,2,2,22,4,34,0.11764705882352941,11.764705882352942,2.0,2.0,4.0,250.0,250.0,500.0,0.0009167194366455078,0.00022917985916137695,327.7691330909729,2.7968449255747054e-06,0.00027968449255747055
1582503,1582581,worker,/pscratch/sd/s/satt/sprints/a_star_campaign/npz/npz_tr_105.py,0,0,0,3,0,3,3,1.0,100.0,0.0,3.0,3.0,,,,6.008148193359375e-05,2.002716064453125e-05,316.41779351234436,1.8988022533963406e-07,1.8988022533963406e-05
1582503,1582581,worker,/pscratch/sd/s/satt/sprints/data/converted_10M/mc_normalized_rntuple_10M_105.npz,19,0,2,2,1244,4,1267,0.0031570639305445935,0.31570639305445936,2.0,2.0,4.0,105.26315789473684,105.26315789473684,210.52631578947367,0.0027506351470947266,0.0006876587867736816,316.41779351234436,8.693048252949835e-06,0.0008693048252949834
1582503,1582582,worker,/pscratch/sd/s/satt/sprints/a_star_campaign/npz/npz_tr_105.py,0,0,0,3,0,3,3,1.0,100.0,0.0,3.0,3.0,,,,7.843971252441406e-05,2.6146570841471355e-05,316.40036129951477,2.4791284119350455e-07,2.4791284119350453e-05
1582503,1582582,worker,/pscratch/sd/s/satt/sprints/data/converted_10M/mc_normalized_rntuple_10M_105.npz,21,0,2,2,1252,4,1277,0.0031323414252153485,0.31323414252153486,2.0,2.0,4.0,95.23809523809524,95.23809523809524,190.47619047619048,0.0029468536376953125,0.0007367134094238281,316.40036129951477,9.313686070369958e-06,0.0009313686070369958
1582503,1582583,worker,/pscratch/sd/s/satt/sprints/a_star_campaign/npz/npz_tr_105.py,0,0,0,3,0,3,3,1.0,100.0,0.0,3.0,3.0,,,,7.724761962890625e-05,2.574920654296875e-05,316.39954113960266,2.4414580169957593e-07,2.4414580169957595e-05
1582503,1582583,worker,/pscratch/sd/s/satt/sprints/data/converted_10M/mc_normalized_rntuple_10M_105.npz,21,0,2,2,1252,4,1277,0.0031323414252153485,0.31323414252153486,2.0,2.0,4.0,95.23809523809524,95.23809523809524,190.47619047619048,0.002269744873046875,0.0005674362182617188,316.39954113960266,7.17366676598754e-06,0.000717366676598754
1582503,1582584,worker,/pscratch/sd/s/satt/sprints/a_star_campaign/npz/npz_tr_105.py,0,0,0,3,0,3,3,1.0,100.0,0.0,3.0,3.0,,,,7.104873657226562e-05,2.3682912190755207e-05,316.399516582489,2.2455387207819072e-07,2.2455387207819072e-05
1582503,1582584,worker,/pscratch/sd/s/satt/sprints/data/converted_10M/mc_normalized_rntuple_10M_105.npz,21,0,2,2,1252,4,1277,0.0031323414252153485,0.31323414252153486,2.0,2.0,4.0,95.23809523809524,95.23809523809524,190.47619047619048,0.002950906753540039,0.0007377266883850098,316.399516582489,9.326521056079755e-06,0.0009326521056079754
1582503,1582585,worker,/pscratch/sd/s/satt/sprints/a_star_campaign/npz/npz_tr_105.py,0,0,0,3,0,3,3,1.0,100.0,0.0,3.0,3.0,,,,6.008148193359375e-05,2.002716064453125e-05,316.3938012123108,1.898946240519961e-07,1.898946240519961e-05
1582503,1582585,worker,/pscratch/sd/s/satt/sprints/data/converted_10M/mc_normalized_rntuple_10M_105.npz,21,0,2,2,1252,4,1277,0.0031323414252153485,0.31323414252153486,2.0,2.0,4.0,95.23809523809524,95.23809523809524,190.47619047619048,0.0028200149536132812,0.0007050037384033203,316.3938012123108,8.912990528916707e-06,0.0008912990528916707
1582503,1582586,worker,/pscratch/sd/s/satt/sprints/a_star_campaign/npz/npz_tr_105.py,0,0,0,3,0,3,3,1.0,100.0,0.0,3.0,3.0,,,,5.936622619628906e-05,1.9788742065429688e-05,316.3872776031494,1.8763784260236042e-07,1.876378426023604e-05
1582503,1582586,worker,/pscratch/sd/s/satt/sprints/data/converted_10M/mc_normalized_rntuple_10M_105.npz,21,0,2,2,1252,4,1277,0.0031323414252153485,0.31323414252153486,2.0,2.0,4.0,95.23809523809524,95.23809523809524,190.47619047619048,0.0025720596313476562,0.0006430149078369141,316.3872776031494,8.129466048169736e-06,0.0008129466048169736
1582503,1582587,worker,/pscratch/sd/s/satt/sprints/a_star_campaign/npz/npz_tr_105.py,0,0,0,3,0,3,3,1.0,100.0,0.0,3.0,3.0,,,,6.29425048828125e-05,2.09808349609375e-05,316.38225412368774,1.9894448586299504e-07,1.9894448586299504e-05
1582503,1582587,worker,/pscratch/sd/s/satt/sprints/data/converted_10M/mc_normalized_rntuple_10M_105.npz,21,0,2,2,1252,4,1277,0.0031323414252153485,0.31323414252153486,2.0,2.0,4.0,95.23809523809524,95.23809523809524,190.47619047619048,0.0023491382598876953,0.0005872845649719238,316.38225412368774,7.425000072757917e-06,0.0007425000072757917
1582503,1582588,worker,/pscratch/sd/s/satt/sprints/a_star_campaign/npz/npz_tr_105.py,0,0,0,3,0,3,3,1.0,100.0,0.0,3.0,3.0,,,,6.556510925292969e-05,2.185503641764323e-05,316.37893319129944,2.0723601471051664e-07,2.0723601471051663e-05
1582503,1582588,worker,/pscratch/sd/s/satt/sprints/data/converted_10M/mc_normalized_rntuple_10M_105.npz,21,0,2,2,1252,4,1277,0.0031323414252153485,0.31323414252153486,2.0,2.0,4.0,95.23809523809524,95.23809523809524,190.47619047619048,0.0026092529296875,0.000652313232421875,316.37893319129944,8.247239799970524e-06,0.0008247239799970523
1582503,1582589,worker,/pscratch/sd/s/satt/sprints/a_star_campaign/npz/npz_tr_105.py,0,0,0,3,0,3,3,1.0,100.0,0.0,3.0,3.0,,,,6.29425048828125e-05,2.09808349609375e-05,316.3733546733856,1.9895008208827338e-07,1.9895008208827337e-05
1582503,1582589,worker,/pscratch/sd/s/satt/sprints/data/converted_10M/mc_normalized_rntuple_10M_105.npz,21,0,2,2,1252,4,1277,0.0031323414252153485,0.31323414252153486,2.0,2.0,4.0,95.23809523809524,95.23809523809524,190.47619047619048,0.002560853958129883,0.0006402134895324707,316.3733546733856,8.09440466556873e-06,0.0008094404665568729
1582503,1582590,worker,/pscratch/sd/s/satt/sprints/a_star_campaign/npz/npz_tr_105.py,0,0,0,3,0,3,3,1.0,100.0,0.0,3.0,3.0,,,,7.05718994140625e-05,2.3523966471354168e-05,316.36777448654175,2.230691780431784e-07,2.2306917804317843e-05
1582503,1582590,worker,/pscratch/sd/s/satt/sprints/data/converted_10M/mc_normalized_rntuple_10M_105.npz,21,0,2,2,1252,4,1277,0.0031323414252153485,0.31323414252153486,2.0,2.0,4.0,95.23809523809524,95.23809523809524,190.47619047619048,0.0027947425842285156,0.0006986856460571289,316.36777448654175,8.833840895345058e-06,0.0008833840895345059
1582503,1582591,worker,/pscratch/sd/s/satt/sprints/a_star_campaign/npz/npz_tr_105.py,0,0,0,3,0,3,3,1.0,100.0,0.0,3.0,3.0,,,,0.00012540817260742188,4.180272420247396e-05,316.3645646572113,3.9640398014646387e-07,3.964039801464639e-05
1582503,1582591,worker,/pscratch/sd/s/satt/sprints/data/converted_10M/mc_normalized_rntuple_10M_105.npz,21,0,2,2,1252,4,1277,0.0031323414252153485,0.31323414252153486,2.0,2.0,4.0,95.23809523809524,95.23809523809524,190.47619047619048,0.0030541419982910156,0.0007635354995727539,316.3645646572113,9.653868794061221e-06,0.0009653868794061221
1582503,1582592,worker,/pscratch/sd/s/satt/sprints/a_star_campaign/npz/npz_tr_105.py,0,0,0,3,0,3,3,1.0,100.0,0.0,3.0,3.0,,,,8.106231689453125e-05,2.7020772298177082e-05,316.35664343833923,2.5623712533266597e-07,2.5623712533266596e-05
1582503,1582592,worker,/pscratch/sd/s/satt/sprints/data/converted_10M/mc_normalized_rntuple_10M_105.npz,21,0,2,2,1252,4,1277,0.0031323414252153485,0.31323414252153486,2.0,2.0,4.0,95.23809523809524,95.23809523809524,190.47619047619048,0.0027883052825927734,0.0006970763206481934,316.35664343833923,8.81380347283979e-06,0.000881380347283979
1582503,1582593,worker,/pscratch/sd/s/satt/sprints/a_star_campaign/npz/npz_tr_105.py,0,0,0,3,0,3,3,1.0,100.0,0.0,3.0,3.0,,,,6.699562072753906e-05,2.2331873575846355e-05,316.35078835487366,2.1177636722809495e-07,2.1177636722809494e-05
1582503,1582593,worker,/pscratch/sd/s/satt/sprints/data/converted_10M/mc_normalized_rntuple_10M_105.npz,21,0,2,2,1252,4,1277,0.0031323414252153485,0.31323414252153486,2.0,2.0,4.0,95.23809523809524,95.23809523809524,190.47619047619048,0.002773761749267578,0.0006934404373168945,316.35078835487366,8.767993794774578e-06,0.0008767993794774579
1582503,1582594,worker,/pscratch/sd/s/satt/sprints/a_star_campaign/npz/npz_tr_105.py,0,0,0,3,0,3,3,1.0,100.0,0.0,3.0,3.0,,,,5.7220458984375e-05,1.9073486328125e-05,316.34669637680054,1.8087895223732545e-07,1.8087895223732545e-05
1582503,1582594,worker,/pscratch/sd/s/satt/sprints/data/converted_10M/mc_normalized_rntuple_10M_105.npz,21,0,2,2,1252,4,1277,0.0031323414252153485,0.31323414252153486,2.0,2.0,4.0,95.23809523809524,95.23809523809524,190.47619047619048,0.0028302669525146484,0.0007075667381286621,316.34669637680054,8.94672517503871e-06,0.000894672517503871
1582503,1582595,worker,/pscratch/sd/s/satt/sprints/a_star_campaign/npz/npz_tr_105.py,0,0,0,3,0,3,3,1.0,100.0,0.0,3.0,3.0,,,,6.151199340820312e-05,2.0503997802734375e-05,316.34015130996704,1.9444889671286265e-07,1.9444889671286266e-05
1582503,1582595,worker,/pscratch/sd/s/satt/sprints/data/converted_10M/mc_normalized_rntuple_10M_105.npz,21,0,2,2,1252,4,1277,0.0031323414252153485,0.31323414252153486,2.0,2.0,4.0,95.23809523809524,95.23809523809524,190.47619047619048,0.002457141876220703,0.0006142854690551758,316.34015130996704,7.767404377995204e-06,0.0007767404377995203
1582503,1582596,worker,/pscratch/sd/s/satt/sprints/a_star_campaign/npz/npz_tr_105.py,0,0,0,3,0,3,3,1.0,100.0,0.0,3.0,3.0,,,,5.745887756347656e-05,1.915295918782552e-05,316.3354284763336,1.8163908431070756e-07,1.8163908431070757e-05
1582503,1582596,worker,/pscratch/sd/s/satt/sprints/data/converted_10M/mc_normalized_rntuple_10M_105.npz,21,0,2,2,1252,4,1277,0.0031323414252153485,0.31323414252153486,2.0,2.0,4.0,95.23809523809524,95.23809523809524,190.47619047619048,0.002344369888305664,0.000586092472076416,316.3354284763336,7.411025377706172e-06,0.0007411025377706172
