run_id,pid,role,run_time,any_partial,fmt,script,script_variant,strategy,model,workers,epochs,batch,data_path,batches_in_memory,block_rows,prefetch_factor,log_every,seed,device,tree_name,target_col,torch_num_threads,torch_interop_threads,shuffle,persistent_workers,reads,seq_reads,consec_reads,seeks,consecutive_reads,sequential_gap_reads,nonsequential_reads,consecutive_ratio,sequential_gap_ratio,nonsequential_ratio,sequential_ratio,seeks_per_read,seeks_per_1000_reads,n_files
1182557,1182557,parent,342.4354519844055,False,hdf5,h5_tr_209.py,209,stream,M2,256,1,64,/pscratch/sd/s/satt/sprints/data/converted_10M/mc_normalized_rntuple_10M_29.h5,,auto,,5000,,,,,,,false,true,27,14,9,13,9,5,13,0.3333333333333333,0.18518518518518517,0.48148148148148145,0.5185185185185185,0.48148148148148145,481.48148148148147,2
1182557,1182580,worker,334.82116866111755,False,hdf5,h5_tr_209.py,209,stream,M2,256,1,64,/pscratch/sd/s/satt/sprints/data/converted_10M/mc_normalized_rntuple_10M_29.h5,,auto,,5000,,,,,,,false,true,19,10,2,0,2,8,9,0.10526315789473684,0.42105263157894735,0.47368421052631576,0.5263157894736842,0.0,0.0,2
1182557,1182581,worker,334.83309149742126,False,hdf5,h5_tr_209.py,209,stream,M2,256,1,64,/pscratch/sd/s/satt/sprints/data/converted_10M/mc_normalized_rntuple_10M_29.h5,,auto,,5000,,,,,,,false,true,21,12,4,0,4,8,9,0.19047619047619047,0.38095238095238093,0.42857142857142855,0.5714285714285714,0.0,0.0,2
1182557,1182582,worker,334.80540680885315,False,hdf5,h5_tr_209.py,209,stream,M2,256,1,64,/pscratch/sd/s/satt/sprints/data/converted_10M/mc_normalized_rntuple_10M_29.h5,,auto,,5000,,,,,,,false,true,21,12,4,0,4,8,9,0.19047619047619047,0.38095238095238093,0.42857142857142855,0.5714285714285714,0.0,0.0,2
1182557,1182583,worker,334.8036439418793,False,hdf5,h5_tr_209.py,209,stream,M2,256,1,64,/pscratch/sd/s/satt/sprints/data/converted_10M/mc_normalized_rntuple_10M_29.h5,,auto,,5000,,,,,,,false,true,19,11,4,0,4,7,8,0.21052631578947367,0.3684210526315789,0.42105263157894735,0.5789473684210527,0.0,0.0,2
1182557,1182584,worker,334.7948536872864,False,hdf5,h5_tr_209.py,209,stream,M2,256,1,64,/pscratch/sd/s/satt/sprints/data/converted_10M/mc_normalized_rntuple_10M_29.h5,,auto,,5000,,,,,,,false,true,21,12,4,0,4,8,9,0.19047619047619047,0.38095238095238093,0.42857142857142855,0.5714285714285714,0.0,0.0,2
1182557,1182585,worker,334.79608702659607,False,hdf5,h5_tr_209.py,209,stream,M2,256,1,64,/pscratch/sd/s/satt/sprints/data/converted_10M/mc_normalized_rntuple_10M_29.h5,,auto,,5000,,,,,,,false,true,21,12,4,0,4,8,9,0.19047619047619047,0.38095238095238093,0.42857142857142855,0.5714285714285714,0.0,0.0,2
1182557,1182586,worker,334.7851445674896,False,hdf5,h5_tr_209.py,209,stream,M2,256,1,64,/pscratch/sd/s/satt/sprints/data/converted_10M/mc_normalized_rntuple_10M_29.h5,,auto,,5000,,,,,,,false,true,19,11,4,0,4,7,8,0.21052631578947367,0.3684210526315789,0.42105263157894735,0.5789473684210527,0.0,0.0,2
1182557,1182587,worker,334.7832794189453,False,hdf5,h5_tr_209.py,209,stream,M2,256,1,64,/pscratch/sd/s/satt/sprints/data/converted_10M/mc_normalized_rntuple_10M_29.h5,,auto,,5000,,,,,,,false,true,21,12,4,0,4,8,9,0.19047619047619047,0.38095238095238093,0.42857142857142855,0.5714285714285714,0.0,0.0,2
1182557,1182588,worker,334.77192902565,False,hdf5,h5_tr_209.py,209,stream,M2,256,1,64,/pscratch/sd/s/satt/sprints/data/converted_10M/mc_normalized_rntuple_10M_29.h5,,auto,,5000,,,,,,,false,true,21,12,4,0,4,8,9,0.19047619047619047,0.38095238095238093,0.42857142857142855,0.5714285714285714,0.0,0.0,2
1182557,1182589,worker,334.7660837173462,False,hdf5,h5_tr_209.py,209,stream,M2,256,1,64,/pscratch/sd/s/satt/sprints/data/converted_10M/mc_normalized_rntuple_10M_29.h5,,auto,,5000,,,,,,,false,true,19,11,4,0,4,7,8,0.21052631578947367,0.3684210526315789,0.42105263157894735,0.5789473684210527,0.0,0.0,2
1182557,1182590,worker,334.7806603908539,False,hdf5,h5_tr_209.py,209,stream,M2,256,1,64,/pscratch/sd/s/satt/sprints/data/converted_10M/mc_normalized_rntuple_10M_29.h5,,auto,,5000,,,,,,,false,true,21,12,4,0,4,8,9,0.19047619047619047,0.38095238095238093,0.42857142857142855,0.5714285714285714,0.0,0.0,2
1182557,1182591,worker,334.76005005836487,False,hdf5,h5_tr_209.py,209,stream,M2,256,1,64,/pscratch/sd/s/satt/sprints/data/converted_10M/mc_normalized_rntuple_10M_29.h5,,auto,,5000,,,,,,,false,true,21,12,4,0,4,8,9,0.19047619047619047,0.38095238095238093,0.42857142857142855,0.5714285714285714,0.0,0.0,2
1182557,1182592,worker,334.75057005882263,False,hdf5,h5_tr_209.py,209,stream,M2,256,1,64,/pscratch/sd/s/satt/sprints/data/converted_10M/mc_normalized_rntuple_10M_29.h5,,auto,,5000,,,,,,,false,true,19,11,4,0,4,7,8,0.21052631578947367,0.3684210526315789,0.42105263157894735,0.5789473684210527,0.0,0.0,2
1182557,1182593,worker,334.753310918808,False,hdf5,h5_tr_209.py,209,stream,M2,256,1,64,/pscratch/sd/s/satt/sprints/data/converted_10M/mc_normalized_rntuple_10M_29.h5,,auto,,5000,,,,,,,false,true,21,12,4,0,4,8,9,0.19047619047619047,0.38095238095238093,0.42857142857142855,0.5714285714285714,0.0,0.0,2
1182557,1182594,worker,334.7400870323181,False,hdf5,h5_tr_209.py,209,stream,M2,256,1,64,/pscratch/sd/s/satt/sprints/data/converted_10M/mc_normalized_rntuple_10M_29.h5,,auto,,5000,,,,,,,false,true,21,12,4,0,4,8,9,0.19047619047619047,0.38095238095238093,0.42857142857142855,0.5714285714285714,0.0,0.0,2
1182557,1182595,worker,334.733300447464,False,hdf5,h5_tr_209.py,209,stream,M2,256,1,64,/pscratch/sd/s/satt/sprints/data/converted_10M/mc_normalized_rntuple_10M_29.h5,,auto,,5000,,,,,,,false,true,19,11,4,0,4,7,8,0.21052631578947367,0.3684210526315789,0.42105263157894735,0.5789473684210527,0.0,0.0,2
1182557,1182596,worker,334.73102378845215,False,hdf5,h5_tr_209.py,209,stream,M2,256,1,64,/pscratch/sd/s/satt/sprints/data/converted_10M/mc_normalized_rntuple_10M_29.h5,,auto,,5000,,,,,,,false,true,21,12,4,0,4,8,9,0.19047619047619047,0.38095238095238093,0.42857142857142855,0.5714285714285714,0.0,0.0,2
1182557,1182597,worker,334.7296657562256,False,hdf5,h5_tr_209.py,209,stream,M2,256,1,64,/pscratch/sd/s/satt/sprints/data/converted_10M/mc_normalized_rntuple_10M_29.h5,,auto,,5000,,,,,,,false,true,21,12,4,0,4,8,9,0.19047619047619047,0.38095238095238093,0.42857142857142855,0.5714285714285714,0.0,0.0,2
1182557,1182598,worker,334.71590971946716,False,hdf5,h5_tr_209.py,209,stream,M2,256,1,64,/pscratch/sd/s/satt/sprints/data/converted_10M/mc_normalized_rntuple_10M_29.h5,,auto,,5000,,,,,,,false,true,19,11,4,0,4,7,8,0.21052631578947367,0.3684210526315789,0.42105263157894735,0.5789473684210527,0.0,0.0,2
1182557,1182599,worker,334.7155408859253,False,hdf5,h5_tr_209.py,209,stream,M2,256,1,64,/pscratch/sd/s/satt/sprints/data/converted_10M/mc_normalized_rntuple_10M_29.h5,,auto,,5000,,,,,,,false,true,21,12,4,0,4,8,9,0.19047619047619047,0.38095238095238093,0.42857142857142855,0.5714285714285714,0.0,0.0,2
1182557,1182600,worker,334.70458030700684,False,hdf5,h5_tr_209.py,209,stream,M2,256,1,64,/pscratch/sd/s/satt/sprints/data/converted_10M/mc_normalized_rntuple_10M_29.h5,,auto,,5000,,,,,,,false,true,21,12,4,0,4,8,9,0.19047619047619047,0.38095238095238093,0.42857142857142855,0.5714285714285714,0.0,0.0,2
1182557,1182601,worker,334.711177110672,False,hdf5,h5_tr_209.py,209,stream,M2,256,1,64,/pscratch/sd/s/satt/sprints/data/converted_10M/mc_normalized_rntuple_10M_29.h5,,auto,,5000,,,,,,,false,true,23,12,2,0,2,10,11,0.08695652173913043,0.43478260869565216,0.4782608695652174,0.5217391304347826,0.0,0.0,2
1182557,1182602,worker,334.6937048435211,False,hdf5,h5_tr_209.py,209,stream,M2,256,1,64,/pscratch/sd/s/satt/sprints/data/converted_10M/mc_normalized_rntuple_10M_29.h5,,auto,,5000,,,,,,,false,true,19,11,4,0,4,7,8,0.21052631578947367,0.3684210526315789,0.42105263157894735,0.5789473684210527,0.0,0.0,2
1182557,1182603,worker,334.6935431957245,False,hdf5,h5_tr_209.py,209,stream,M2,256,1,64,/pscratch/sd/s/satt/sprints/data/converted_10M/mc_normalized_rntuple_10M_29.h5,,auto,,5000,,,,,,,false,true,21,12,4,0,4,8,9,0.19047619047619047,0.38095238095238093,0.42857142857142855,0.5714285714285714,0.0,0.0,2
1182557,1182604,worker,334.67597699165344,False,hdf5,h5_tr_209.py,209,stream,M2,256,1,64,/pscratch/sd/s/satt/sprints/data/converted_10M/mc_normalized_rntuple_10M_29.h5,,auto,,5000,,,,,,,false,true,21,12,2,0,2,10,9,0.09523809523809523,0.47619047619047616,0.42857142857142855,0.5714285714285714,0.0,0.0,2
1182557,1182605,worker,334.67042446136475,False,hdf5,h5_tr_209.py,209,stream,M2,256,1,64,/pscratch/sd/s/satt/sprints/data/converted_10M/mc_normalized_rntuple_10M_29.h5,,auto,,5000,,,,,,,false,true,19,13,4,0,4,9,6,0.21052631578947367,0.47368421052631576,0.3157894736842105,0.6842105263157895,0.0,0.0,2
1182557,1182606,worker,334.6788260936737,False,hdf5,h5_tr_209.py,209,stream,M2,256,1,64,/pscratch/sd/s/satt/sprints/data/converted_10M/mc_normalized_rntuple_10M_29.h5,,auto,,5000,,,,,,,false,true,21,14,4,0,4,10,7,0.19047619047619047,0.47619047619047616,0.3333333333333333,0.6666666666666666,0.0,0.0,2
1182557,1182607,worker,334.6628427505493,False,hdf5,h5_tr_209.py,209,stream,M2,256,1,64,/pscratch/sd/s/satt/sprints/data/converted_10M/mc_normalized_rntuple_10M_29.h5,,auto,,5000,,,,,,,false,true,21,14,4,0,4,10,7,0.19047619047619047,0.47619047619047616,0.3333333333333333,0.6666666666666666,0.0,0.0,2
1182557,1182608,worker,334.6534106731415,False,hdf5,h5_tr_209.py,209,stream,M2,256,1,64,/pscratch/sd/s/satt/sprints/data/converted_10M/mc_normalized_rntuple_10M_29.h5,,auto,,5000,,,,,,,false,true,19,13,4,0,4,9,6,0.21052631578947367,0.47368421052631576,0.3157894736842105,0.6842105263157895,0.0,0.0,2
1182557,1182609,worker,334.6473195552826,False,hdf5,h5_tr_209.py,209,stream,M2,256,1,64,/pscratch/sd/s/satt/sprints/data/converted_10M/mc_normalized_rntuple_10M_29.h5,,auto,,5000,,,,,,,false,true,21,14,4,0,4,10,7,0.19047619047619047,0.47619047619047616,0.3333333333333333,0.6666666666666666,0.0,0.0,2
1182557,1182610,worker,334.6521370410919,False,hdf5,h5_tr_209.py,209,stream,M2,256,1,64,/pscratch/sd/s/satt/sprints/data/converted_10M/mc_normalized_rntuple_10M_29.h5,,auto,,5000,,,,,,,false,true,21,14,4,0,4,10,7,0.19047619047619047,0.47619047619047616,0.3333333333333333,0.6666666666666666,0.0,0.0,2
1182557,1182611,worker,334.6380515098572,False,hdf5,h5_tr_209.py,209,stream,M2,256,1,64,/pscratch/sd/s/satt/sprints/data/converted_10M/mc_normalized_rntuple_10M_29.h5,,auto,,5000,,,,,,,false,true,19,13,4,0,4,9,6,0.21052631578947367,0.47368421052631576,0.3157894736842105,0.6842105263157895,0.0,0.0,2
1182557,1182612,worker,334.6351697444916,False,hdf5,h5_tr_209.py,209,stream,M2,256,1,64,/pscratch/sd/s/satt/sprints/data/converted_10M/mc_normalized_rntuple_10M_29.h5,,auto,,5000,,,,,,,false,true,21,14,4,0,4,10,7,0.19047619047619047,0.47619047619047616,0.3333333333333333,0.6666666666666666,0.0,0.0,2
1182557,1182613,worker,334.6249454021454,False,hdf5,h5_tr_209.py,209,stream,M2,256,1,64,/pscratch/sd/s/satt/sprints/data/converted_10M/mc_normalized_rntuple_10M_29.h5,,auto,,5000,,,,,,,false,true,21,14,4,0,4,10,7,0.19047619047619047,0.47619047619047616,0.3333333333333333,0.6666666666666666,0.0,0.0,2
1182557,1182614,worker,334.6357979774475,False,hdf5,h5_tr_209.py,209,stream,M2,256,1,64,/pscratch/sd/s/satt/sprints/data/converted_10M/mc_normalized_rntuple_10M_29.h5,,auto,,5000,,,,,,,false,true,19,13,4,0,4,9,6,0.21052631578947367,0.47368421052631576,0.3157894736842105,0.6842105263157895,0.0,0.0,2
1182557,1182615,worker,334.6144952774048,False,hdf5,h5_tr_209.py,209,stream,M2,256,1,64,/pscratch/sd/s/satt/sprints/data/converted_10M/mc_normalized_rntuple_10M_29.h5,,auto,,5000,,,,,,,false,true,21,14,4,0,4,10,7,0.19047619047619047,0.47619047619047616,0.3333333333333333,0.6666666666666666,0.0,0.0,2
1182557,1182616,worker,334.61273646354675,False,hdf5,h5_tr_209.py,209,stream,M2,256,1,64,/pscratch/sd/s/satt/sprints/data/converted_10M/mc_normalized_rntuple_10M_29.h5,,auto,,5000,,,,,,,false,true,21,14,4,0,4,10,7,0.19047619047619047,0.47619047619047616,0.3333333333333333,0.6666666666666666,0.0,0.0,2
1182557,1182617,worker,334.6043210029602,False,hdf5,h5_tr_209.py,209,stream,M2,256,1,64,/pscratch/sd/s/satt/sprints/data/converted_10M/mc_normalized_rntuple_10M_29.h5,,auto,,5000,,,,,,,false,true,19,13,4,0,4,9,6,0.21052631578947367,0.47368421052631576,0.3157894736842105,0.6842105263157895,0.0,0.0,2
1182557,1182618,worker,334.5970423221588,False,hdf5,h5_tr_209.py,209,stream,M2,256,1,64,/pscratch/sd/s/satt/sprints/data/converted_10M/mc_normalized_rntuple_10M_29.h5,,auto,,5000,,,,,,,false,true,21,14,4,0,4,10,7,0.19047619047619047,0.47619047619047616,0.3333333333333333,0.6666666666666666,0.0,0.0,2
1182557,1182619,worker,334.6025128364563,False,hdf5,h5_tr_209.py,209,stream,M2,256,1,64,/pscratch/sd/s/satt/sprints/data/converted_10M/mc_normalized_rntuple_10M_29.h5,,auto,,5000,,,,,,,false,true,21,14,4,0,4,10,7,0.19047619047619047,0.47619047619047616,0.3333333333333333,0.6666666666666666,0.0,0.0,2
1182557,1182620,worker,334.58692955970764,False,hdf5,h5_tr_209.py,209,stream,M2,256,1,64,/pscratch/sd/s/satt/sprints/data/converted_10M/mc_normalized_rntuple_10M_29.h5,,auto,,5000,,,,,,,false,true,19,13,4,0,4,9,6,0.21052631578947367,0.47368421052631576,0.3157894736842105,0.6842105263157895,0.0,0.0,2
1182557,1182621,worker,334.5854287147522,False,hdf5,h5_tr_209.py,209,stream,M2,256,1,64,/pscratch/sd/s/satt/sprints/data/converted_10M/mc_normalized_rntuple_10M_29.h5,,auto,,5000,,,,,,,false,true,21,14,4,0,4,10,7,0.19047619047619047,0.47619047619047616,0.3333333333333333,0.6666666666666666,0.0,0.0,2
1182557,1182622,worker,334.5853531360626,False,hdf5,h5_tr_209.py,209,stream,M2,256,1,64,/pscratch/sd/s/satt/sprints/data/converted_10M/mc_normalized_rntuple_10M_29.h5,,auto,,5000,,,,,,,false,true,23,14,4,0,4,10,9,0.17391304347826086,0.43478260869565216,0.391304347826087,0.6086956521739131,0.0,0.0,2
1182557,1182623,worker,334.5744352340698,False,hdf5,h5_tr_209.py,209,stream,M2,256,1,64,/pscratch/sd/s/satt/sprints/data/converted_10M/mc_normalized_rntuple_10M_29.h5,,auto,,5000,,,,,,,false,true,21,12,4,0,4,8,9,0.19047619047619047,0.38095238095238093,0.42857142857142855,0.5714285714285714,0.0,0.0,2
1182557,1182624,worker,334.56760835647583,False,hdf5,h5_tr_209.py,209,stream,M2,256,1,64,/pscratch/sd/s/satt/sprints/data/converted_10M/mc_normalized_rntuple_10M_29.h5,,auto,,5000,,,,,,,false,true,19,11,4,0,4,7,8,0.21052631578947367,0.3684210526315789,0.42105263157894735,0.5789473684210527,0.0,0.0,2
1182557,1182625,worker,334.5595064163208,False,hdf5,h5_tr_209.py,209,stream,M2,256,1,64,/pscratch/sd/s/satt/sprints/data/converted_10M/mc_normalized_rntuple_10M_29.h5,,auto,,5000,,,,,,,false,true,21,12,4,0,4,8,9,0.19047619047619047,0.38095238095238093,0.42857142857142855,0.5714285714285714,0.0,0.0,2
1182557,1182626,worker,334.56378865242004,False,hdf5,h5_tr_209.py,209,stream,M2,256,1,64,/pscratch/sd/s/satt/sprints/data/converted_10M/mc_normalized_rntuple_10M_29.h5,,auto,,5000,,,,,,,false,true,21,14,4,0,4,10,7,0.19047619047619047,0.47619047619047616,0.3333333333333333,0.6666666666666666,0.0,0.0,2
1182557,1182627,worker,334.54749155044556,False,hdf5,h5_tr_209.py,209,stream,M2,256,1,64,/pscratch/sd/s/satt/sprints/data/converted_10M/mc_normalized_rntuple_10M_29.h5,,auto,,5000,,,,,,,false,true,19,13,4,0,4,9,6,0.21052631578947367,0.47368421052631576,0.3157894736842105,0.6842105263157895,0.0,0.0,2
1182557,1182628,worker,334.54697036743164,False,hdf5,h5_tr_209.py,209,stream,M2,256,1,64,/pscratch/sd/s/satt/sprints/data/converted_10M/mc_normalized_rntuple_10M_29.h5,,auto,,5000,,,,,,,false,true,21,14,4,0,4,10,7,0.19047619047619047,0.47619047619047616,0.3333333333333333,0.6666666666666666,0.0,0.0,2
1182557,1182629,worker,334.5362277030945,False,hdf5,h5_tr_209.py,209,stream,M2,256,1,64,/pscratch/sd/s/satt/sprints/data/converted_10M/mc_normalized_rntuple_10M_29.h5,,auto,,5000,,,,,,,false,true,21,14,4,0,4,10,7,0.19047619047619047,0.47619047619047616,0.3333333333333333,0.6666666666666666,0.0,0.0,2
1182557,1182630,worker,334.54857873916626,False,hdf5,h5_tr_209.py,209,stream,M2,256,1,64,/pscratch/sd/s/satt/sprints/data/converted_10M/mc_normalized_rntuple_10M_29.h5,,auto,,5000,,,,,,,false,true,19,13,4,0,4,9,6,0.21052631578947367,0.47368421052631576,0.3157894736842105,0.6842105263157895,0.0,0.0,2
1182557,1182631,worker,334.52510380744934,False,hdf5,h5_tr_209.py,209,stream,M2,256,1,64,/pscratch/sd/s/satt/sprints/data/converted_10M/mc_normalized_rntuple_10M_29.h5,,auto,,5000,,,,,,,false,true,21,14,4,0,4,10,7,0.19047619047619047,0.47619047619047616,0.3333333333333333,0.6666666666666666,0.0,0.0,2
1182557,1182632,worker,334.51882314682007,False,hdf5,h5_tr_209.py,209,stream,M2,256,1,64,/pscratch/sd/s/satt/sprints/data/converted_10M/mc_normalized_rntuple_10M_29.h5,,auto,,5000,,,,,,,false,true,21,14,4,0,4,10,7,0.19047619047619047,0.47619047619047616,0.3333333333333333,0.6666666666666666,0.0,0.0,2
1182557,1182633,worker,334.5171799659729,False,hdf5,h5_tr_209.py,209,stream,M2,256,1,64,/pscratch/sd/s/satt/sprints/data/converted_10M/mc_normalized_rntuple_10M_29.h5,,auto,,5000,,,,,,,false,true,19,13,4,0,4,9,6,0.21052631578947367,0.47368421052631576,0.3157894736842105,0.6842105263157895,0.0,0.0,2
1182557,1182634,worker,334.51308608055115,False,hdf5,h5_tr_209.py,209,stream,M2,256,1,64,/pscratch/sd/s/satt/sprints/data/converted_10M/mc_normalized_rntuple_10M_29.h5,,auto,,5000,,,,,,,false,true,21,14,4,0,4,10,7,0.19047619047619047,0.47619047619047616,0.3333333333333333,0.6666666666666666,0.0,0.0,2
1182557,1182635,worker,334.50242280960083,False,hdf5,h5_tr_209.py,209,stream,M2,256,1,64,/pscratch/sd/s/satt/sprints/data/converted_10M/mc_normalized_rntuple_10M_29.h5,,auto,,5000,,,,,,,false,true,21,14,4,0,4,10,7,0.19047619047619047,0.47619047619047616,0.3333333333333333,0.6666666666666666,0.0,0.0,2
1182557,1182636,worker,334.49680948257446,False,hdf5,h5_tr_209.py,209,stream,M2,256,1,64,/pscratch/sd/s/satt/sprints/data/converted_10M/mc_normalized_rntuple_10M_29.h5,,auto,,5000,,,,,,,false,true,19,13,4,0,4,9,6,0.21052631578947367,0.47368421052631576,0.3157894736842105,0.6842105263157895,0.0,0.0,2
1182557,1182637,worker,334.4961025714874,False,hdf5,h5_tr_209.py,209,stream,M2,256,1,64,/pscratch/sd/s/satt/sprints/data/converted_10M/mc_normalized_rntuple_10M_29.h5,,auto,,5000,,,,,,,false,true,21,14,4,0,4,10,7,0.19047619047619047,0.47619047619047616,0.3333333333333333,0.6666666666666666,0.0,0.0,2
1182557,1182638,worker,334.485787153244,False,hdf5,h5_tr_209.py,209,stream,M2,256,1,64,/pscratch/sd/s/satt/sprints/data/converted_10M/mc_normalized_rntuple_10M_29.h5,,auto,,5000,,,,,,,false,true,21,14,4,0,4,10,7,0.19047619047619047,0.47619047619047616,0.3333333333333333,0.6666666666666666,0.0,0.0,2
1182557,1182639,worker,334.48880982398987,False,hdf5,h5_tr_209.py,209,stream,M2,256,1,64,/pscratch/sd/s/satt/sprints/data/converted_10M/mc_normalized_rntuple_10M_29.h5,,auto,,5000,,,,,,,false,true,19,13,4,0,4,9,6,0.21052631578947367,0.47368421052631576,0.3157894736842105,0.6842105263157895,0.0,0.0,2
1182557,1182640,worker,334.47287225723267,False,hdf5,h5_tr_209.py,209,stream,M2,256,1,64,/pscratch/sd/s/satt/sprints/data/converted_10M/mc_normalized_rntuple_10M_29.h5,,auto,,5000,,,,,,,false,true,21,14,4,0,4,10,7,0.19047619047619047,0.47619047619047616,0.3333333333333333,0.6666666666666666,0.0,0.0,2
1182557,1182641,worker,334.4710133075714,False,hdf5,h5_tr_209.py,209,stream,M2,256,1,64,/pscratch/sd/s/satt/sprints/data/converted_10M/mc_normalized_rntuple_10M_29.h5,,auto,,5000,,,,,,,false,true,21,14,4,0,4,10,7,0.19047619047619047,0.47619047619047616,0.3333333333333333,0.6666666666666666,0.0,0.0,2
1182557,1182642,worker,334.46256041526794,False,hdf5,h5_tr_209.py,209,stream,M2,256,1,64,/pscratch/sd/s/satt/sprints/data/converted_10M/mc_normalized_rntuple_10M_29.h5,,auto,,5000,,,,,,,false,true,19,13,4,0,4,9,6,0.21052631578947367,0.47368421052631576,0.3157894736842105,0.6842105263157895,0.0,0.0,2
1182557,1182643,worker,334.45568895339966,False,hdf5,h5_tr_209.py,209,stream,M2,256,1,64,/pscratch/sd/s/satt/sprints/data/converted_10M/mc_normalized_rntuple_10M_29.h5,,auto,,5000,,,,,,,false,true,23,14,4,0,4,10,9,0.17391304347826086,0.43478260869565216,0.391304347826087,0.6086956521739131,0.0,0.0,2
1182557,1182644,worker,334.45058846473694,False,hdf5,h5_tr_209.py,209,stream,M2,256,1,64,/pscratch/sd/s/satt/sprints/data/converted_10M/mc_normalized_rntuple_10M_29.h5,,auto,,5000,,,,,,,false,true,21,12,4,0,4,8,9,0.19047619047619047,0.38095238095238093,0.42857142857142855,0.5714285714285714,0.0,0.0,2
1182557,1182645,worker,334.44953966140747,False,hdf5,h5_tr_209.py,209,stream,M2,256,1,64,/pscratch/sd/s/satt/sprints/data/converted_10M/mc_normalized_rntuple_10M_29.h5,,auto,,5000,,,,,,,false,true,21,12,4,0,4,8,9,0.19047619047619047,0.38095238095238093,0.42857142857142855,0.5714285714285714,0.0,0.0,2
1182557,1182646,worker,334.4395456314087,False,hdf5,h5_tr_209.py,209,stream,M2,256,1,64,/pscratch/sd/s/satt/sprints/data/converted_10M/mc_normalized_rntuple_10M_29.h5,,auto,,5000,,,,,,,false,true,19,11,4,0,4,7,8,0.21052631578947367,0.3684210526315789,0.42105263157894735,0.5789473684210527,0.0,0.0,2
1182557,1182647,worker,334.44179821014404,False,hdf5,h5_tr_209.py,209,stream,M2,256,1,64,/pscratch/sd/s/satt/sprints/data/converted_10M/mc_normalized_rntuple_10M_29.h5,,auto,,5000,,,,,,,false,true,21,14,6,0,6,8,7,0.2857142857142857,0.38095238095238093,0.3333333333333333,0.6666666666666666,0.0,0.0,2
1182557,1182648,worker,334.4273633956909,False,hdf5,h5_tr_209.py,209,stream,M2,256,1,64,/pscratch/sd/s/satt/sprints/data/converted_10M/mc_normalized_rntuple_10M_29.h5,,auto,,5000,,,,,,,false,true,21,14,4,0,4,10,7,0.19047619047619047,0.47619047619047616,0.3333333333333333,0.6666666666666666,0.0,0.0,2
1182557,1182649,worker,334.42163157463074,False,hdf5,h5_tr_209.py,209,stream,M2,256,1,64,/pscratch/sd/s/satt/sprints/data/converted_10M/mc_normalized_rntuple_10M_29.h5,,auto,,5000,,,,,,,false,true,19,13,4,0,4,9,6,0.21052631578947367,0.47368421052631576,0.3157894736842105,0.6842105263157895,0.0,0.0,2
1182557,1182650,worker,334.4190320968628,False,hdf5,h5_tr_209.py,209,stream,M2,256,1,64,/pscratch/sd/s/satt/sprints/data/converted_10M/mc_normalized_rntuple_10M_29.h5,,auto,,5000,,,,,,,false,true,21,14,4,0,4,10,7,0.19047619047619047,0.47619047619047616,0.3333333333333333,0.6666666666666666,0.0,0.0,2
1182557,1182651,worker,334.41344141960144,False,hdf5,h5_tr_209.py,209,stream,M2,256,1,64,/pscratch/sd/s/satt/sprints/data/converted_10M/mc_normalized_rntuple_10M_29.h5,,auto,,5000,,,,,,,false,true,21,14,4,0,4,10,7,0.19047619047619047,0.47619047619047616,0.3333333333333333,0.6666666666666666,0.0,0.0,2
1182557,1182652,worker,334.4047315120697,False,hdf5,h5_tr_209.py,209,stream,M2,256,1,64,/pscratch/sd/s/satt/sprints/data/converted_10M/mc_normalized_rntuple_10M_29.h5,,auto,,5000,,,,,,,false,true,19,13,4,0,4,9,6,0.21052631578947367,0.47368421052631576,0.3157894736842105,0.6842105263157895,0.0,0.0,2
1182557,1182653,worker,334.39928436279297,False,hdf5,h5_tr_209.py,209,stream,M2,256,1,64,/pscratch/sd/s/satt/sprints/data/converted_10M/mc_normalized_rntuple_10M_29.h5,,auto,,5000,,,,,,,false,true,21,14,4,0,4,10,7,0.19047619047619047,0.47619047619047616,0.3333333333333333,0.6666666666666666,0.0,0.0,2
1182557,1182654,worker,334.39212679862976,False,hdf5,h5_tr_209.py,209,stream,M2,256,1,64,/pscratch/sd/s/satt/sprints/data/converted_10M/mc_normalized_rntuple_10M_29.h5,,auto,,5000,,,,,,,false,true,21,14,4,0,4,10,7,0.19047619047619047,0.47619047619047616,0.3333333333333333,0.6666666666666666,0.0,0.0,2
1182557,1182655,worker,334.39592266082764,False,hdf5,h5_tr_209.py,209,stream,M2,256,1,64,/pscratch/sd/s/satt/sprints/data/converted_10M/mc_normalized_rntuple_10M_29.h5,,auto,,5000,,,,,,,false,true,19,13,4,0,4,9,6,0.21052631578947367,0.47368421052631576,0.3157894736842105,0.6842105263157895,0.0,0.0,2
1182557,1182656,worker,334.3804681301117,False,hdf5,h5_tr_209.py,209,stream,M2,256,1,64,/pscratch/sd/s/satt/sprints/data/converted_10M/mc_normalized_rntuple_10M_29.h5,,auto,,5000,,,,,,,false,true,21,14,4,0,4,10,7,0.19047619047619047,0.47619047619047616,0.3333333333333333,0.6666666666666666,0.0,0.0,2
1182557,1182657,worker,334.3774104118347,False,hdf5,h5_tr_209.py,209,stream,M2,256,1,64,/pscratch/sd/s/satt/sprints/data/converted_10M/mc_normalized_rntuple_10M_29.h5,,auto,,5000,,,,,,,false,true,21,14,4,0,4,10,7,0.19047619047619047,0.47619047619047616,0.3333333333333333,0.6666666666666666,0.0,0.0,2
1182557,1182658,worker,334.38175106048584,False,hdf5,h5_tr_209.py,209,stream,M2,256,1,64,/pscratch/sd/s/satt/sprints/data/converted_10M/mc_normalized_rntuple_10M_29.h5,,auto,,5000,,,,,,,false,true,19,13,4,0,4,9,6,0.21052631578947367,0.47368421052631576,0.3157894736842105,0.6842105263157895,0.0,0.0,2
1182557,1182659,worker,334.3642771244049,False,hdf5,h5_tr_209.py,209,stream,M2,256,1,64,/pscratch/sd/s/satt/sprints/data/converted_10M/mc_normalized_rntuple_10M_29.h5,,auto,,5000,,,,,,,false,true,21,14,4,0,4,10,7,0.19047619047619047,0.47619047619047616,0.3333333333333333,0.6666666666666666,0.0,0.0,2
1182557,1182660,worker,334.36099767684937,False,hdf5,h5_tr_209.py,209,stream,M2,256,1,64,/pscratch/sd/s/satt/sprints/data/converted_10M/mc_normalized_rntuple_10M_29.h5,,auto,,5000,,,,,,,false,true,21,14,4,0,4,10,7,0.19047619047619047,0.47619047619047616,0.3333333333333333,0.6666666666666666,0.0,0.0,2
1182557,1182661,worker,334.3512511253357,False,hdf5,h5_tr_209.py,209,stream,M2,256,1,64,/pscratch/sd/s/satt/sprints/data/converted_10M/mc_normalized_rntuple_10M_29.h5,,auto,,5000,,,,,,,false,true,19,13,4,0,4,9,6,0.21052631578947367,0.47368421052631576,0.3157894736842105,0.6842105263157895,0.0,0.0,2
1182557,1182662,worker,334.34558057785034,False,hdf5,h5_tr_209.py,209,stream,M2,256,1,64,/pscratch/sd/s/satt/sprints/data/converted_10M/mc_normalized_rntuple_10M_29.h5,,auto,,5000,,,,,,,false,true,21,14,4,0,4,10,7,0.19047619047619047,0.47619047619047616,0.3333333333333333,0.6666666666666666,0.0,0.0,2
1182557,1182663,worker,334.3444871902466,False,hdf5,h5_tr_209.py,209,stream,M2,256,1,64,/pscratch/sd/s/satt/sprints/data/converted_10M/mc_normalized_rntuple_10M_29.h5,,auto,,5000,,,,,,,false,true,21,14,4,0,4,10,7,0.19047619047619047,0.47619047619047616,0.3333333333333333,0.6666666666666666,0.0,0.0,2
1182557,1182664,worker,334.3337984085083,False,hdf5,h5_tr_209.py,209,stream,M2,256,1,64,/pscratch/sd/s/satt/sprints/data/converted_10M/mc_normalized_rntuple_10M_29.h5,,auto,,5000,,,,,,,false,true,19,13,4,0,4,9,6,0.21052631578947367,0.47368421052631576,0.3157894736842105,0.6842105263157895,0.0,0.0,2
1182557,1182665,worker,334.32926058769226,False,hdf5,h5_tr_209.py,209,stream,M2,256,1,64,/pscratch/sd/s/satt/sprints/data/converted_10M/mc_normalized_rntuple_10M_29.h5,,auto,,5000,,,,,,,false,true,23,14,2,0,2,12,9,0.08695652173913043,0.5217391304347826,0.391304347826087,0.6086956521739131,0.0,0.0,2
1182557,1182666,worker,334.33093523979187,False,hdf5,h5_tr_209.py,209,stream,M2,256,1,64,/pscratch/sd/s/satt/sprints/data/converted_10M/mc_normalized_rntuple_10M_29.h5,,auto,,5000,,,,,,,false,true,21,12,4,0,4,8,9,0.19047619047619047,0.38095238095238093,0.42857142857142855,0.5714285714285714,0.0,0.0,2
1182557,1182667,worker,334.32180547714233,False,hdf5,h5_tr_209.py,209,stream,M2,256,1,64,/pscratch/sd/s/satt/sprints/data/converted_10M/mc_normalized_rntuple_10M_29.h5,,auto,,5000,,,,,,,false,true,21,12,4,0,4,8,9,0.19047619047619047,0.38095238095238093,0.42857142857142855,0.5714285714285714,0.0,0.0,2
1182557,1182668,worker,334.3283898830414,False,hdf5,h5_tr_209.py,209,stream,M2,256,1,64,/pscratch/sd/s/satt/sprints/data/converted_10M/mc_normalized_rntuple_10M_29.h5,,auto,,5000,,,,,,,false,true,19,13,6,0,6,7,6,0.3157894736842105,0.3684210526315789,0.3157894736842105,0.6842105263157895,0.0,0.0,2
1182557,1182669,worker,334.3052091598511,False,hdf5,h5_tr_209.py,209,stream,M2,256,1,64,/pscratch/sd/s/satt/sprints/data/converted_10M/mc_normalized_rntuple_10M_29.h5,,auto,,5000,,,,,,,false,true,21,14,4,0,4,10,7,0.19047619047619047,0.47619047619047616,0.3333333333333333,0.6666666666666666,0.0,0.0,2
1182557,1182670,worker,334.29951763153076,False,hdf5,h5_tr_209.py,209,stream,M2,256,1,64,/pscratch/sd/s/satt/sprints/data/converted_10M/mc_normalized_rntuple_10M_29.h5,,auto,,5000,,,,,,,false,true,21,14,4,0,4,10,7,0.19047619047619047,0.47619047619047616,0.3333333333333333,0.6666666666666666,0.0,0.0,2
1182557,1182671,worker,334.29477763175964,False,hdf5,h5_tr_209.py,209,stream,M2,256,1,64,/pscratch/sd/s/satt/sprints/data/converted_10M/mc_normalized_rntuple_10M_29.h5,,auto,,5000,,,,,,,false,true,19,13,4,0,4,9,6,0.21052631578947367,0.47368421052631576,0.3157894736842105,0.6842105263157895,0.0,0.0,2
1182557,1182672,worker,334.29243683815,False,hdf5,h5_tr_209.py,209,stream,M2,256,1,64,/pscratch/sd/s/satt/sprints/data/converted_10M/mc_normalized_rntuple_10M_29.h5,,auto,,5000,,,,,,,false,true,21,14,4,0,4,10,7,0.19047619047619047,0.47619047619047616,0.3333333333333333,0.6666666666666666,0.0,0.0,2
1182557,1182673,worker,334.2820873260498,False,hdf5,h5_tr_209.py,209,stream,M2,256,1,64,/pscratch/sd/s/satt/sprints/data/converted_10M/mc_normalized_rntuple_10M_29.h5,,auto,,5000,,,,,,,false,true,21,14,4,0,4,10,7,0.19047619047619047,0.47619047619047616,0.3333333333333333,0.6666666666666666,0.0,0.0,2
1182557,1182674,worker,334.27685809135437,False,hdf5,h5_tr_209.py,209,stream,M2,256,1,64,/pscratch/sd/s/satt/sprints/data/converted_10M/mc_normalized_rntuple_10M_29.h5,,auto,,5000,,,,,,,false,true,19,13,4,0,4,9,6,0.21052631578947367,0.47368421052631576,0.3157894736842105,0.6842105263157895,0.0,0.0,2
1182557,1182675,worker,334.2756316661835,False,hdf5,h5_tr_209.py,209,stream,M2,256,1,64,/pscratch/sd/s/satt/sprints/data/converted_10M/mc_normalized_rntuple_10M_29.h5,,auto,,5000,,,,,,,false,true,21,14,4,0,4,10,7,0.19047619047619047,0.47619047619047616,0.3333333333333333,0.6666666666666666,0.0,0.0,2
1182557,1182676,worker,334.2740786075592,False,hdf5,h5_tr_209.py,209,stream,M2,256,1,64,/pscratch/sd/s/satt/sprints/data/converted_10M/mc_normalized_rntuple_10M_29.h5,,auto,,5000,,,,,,,false,true,21,14,4,0,4,10,7,0.19047619047619047,0.47619047619047616,0.3333333333333333,0.6666666666666666,0.0,0.0,2
1182557,1182677,worker,334.25882506370544,False,hdf5,h5_tr_209.py,209,stream,M2,256,1,64,/pscratch/sd/s/satt/sprints/data/converted_10M/mc_normalized_rntuple_10M_29.h5,,auto,,5000,,,,,,,false,true,19,13,4,0,4,9,6,0.21052631578947367,0.47368421052631576,0.3157894736842105,0.6842105263157895,0.0,0.0,2
1182557,1182678,worker,334.25417852401733,False,hdf5,h5_tr_209.py,209,stream,M2,256,1,64,/pscratch/sd/s/satt/sprints/data/converted_10M/mc_normalized_rntuple_10M_29.h5,,auto,,5000,,,,,,,false,true,21,14,4,0,4,10,7,0.19047619047619047,0.47619047619047616,0.3333333333333333,0.6666666666666666,0.0,0.0,2
1182557,1182679,worker,334.2523407936096,False,hdf5,h5_tr_209.py,209,stream,M2,256,1,64,/pscratch/sd/s/satt/sprints/data/converted_10M/mc_normalized_rntuple_10M_29.h5,,auto,,5000,,,,,,,false,true,21,14,4,0,4,10,7,0.19047619047619047,0.47619047619047616,0.3333333333333333,0.6666666666666666,0.0,0.0,2
1182557,1182680,worker,334.24188804626465,False,hdf5,h5_tr_209.py,209,stream,M2,256,1,64,/pscratch/sd/s/satt/sprints/data/converted_10M/mc_normalized_rntuple_10M_29.h5,,auto,,5000,,,,,,,false,true,19,13,4,0,4,9,6,0.21052631578947367,0.47368421052631576,0.3157894736842105,0.6842105263157895,0.0,0.0,2
1182557,1182681,worker,334.23985505104065,False,hdf5,h5_tr_209.py,209,stream,M2,256,1,64,/pscratch/sd/s/satt/sprints/data/converted_10M/mc_normalized_rntuple_10M_29.h5,,auto,,5000,,,,,,,false,true,21,14,4,0,4,10,7,0.19047619047619047,0.47619047619047616,0.3333333333333333,0.6666666666666666,0.0,0.0,2
1182557,1182682,worker,334.23916602134705,False,hdf5,h5_tr_209.py,209,stream,M2,256,1,64,/pscratch/sd/s/satt/sprints/data/converted_10M/mc_normalized_rntuple_10M_29.h5,,auto,,5000,,,,,,,false,true,21,14,4,0,4,10,7,0.19047619047619047,0.47619047619047616,0.3333333333333333,0.6666666666666666,0.0,0.0,2
1182557,1182683,worker,334.22556614875793,False,hdf5,h5_tr_209.py,209,stream,M2,256,1,64,/pscratch/sd/s/satt/sprints/data/converted_10M/mc_normalized_rntuple_10M_29.h5,,auto,,5000,,,,,,,false,true,19,13,4,0,4,9,6,0.21052631578947367,0.47368421052631576,0.3157894736842105,0.6842105263157895,0.0,0.0,2
1182557,1182684,worker,334.2243616580963,False,hdf5,h5_tr_209.py,209,stream,M2,256,1,64,/pscratch/sd/s/satt/sprints/data/converted_10M/mc_normalized_rntuple_10M_29.h5,,auto,,5000,,,,,,,false,true,21,14,4,0,4,10,7,0.19047619047619047,0.47619047619047616,0.3333333333333333,0.6666666666666666,0.0,0.0,2
1182557,1182685,worker,334.21715927124023,False,hdf5,h5_tr_209.py,209,stream,M2,256,1,64,/pscratch/sd/s/satt/sprints/data/converted_10M/mc_normalized_rntuple_10M_29.h5,,auto,,5000,,,,,,,false,true,21,14,4,0,4,10,7,0.19047619047619047,0.47619047619047616,0.3333333333333333,0.6666666666666666,0.0,0.0,2
1182557,1182686,worker,334.20795011520386,False,hdf5,h5_tr_209.py,209,stream,M2,256,1,64,/pscratch/sd/s/satt/sprints/data/converted_10M/mc_normalized_rntuple_10M_29.h5,,auto,,5000,,,,,,,false,true,23,14,2,0,2,12,9,0.08695652173913043,0.5217391304347826,0.391304347826087,0.6086956521739131,0.0,0.0,2
1182557,1182687,worker,334.202517747879,False,hdf5,h5_tr_209.py,209,stream,M2,256,1,64,/pscratch/sd/s/satt/sprints/data/converted_10M/mc_normalized_rntuple_10M_29.h5,,auto,,5000,,,,,,,false,true,19,11,4,0,4,7,8,0.21052631578947367,0.3684210526315789,0.42105263157894735,0.5789473684210527,0.0,0.0,2
1182557,1182688,worker,334.1956419944763,False,hdf5,h5_tr_209.py,209,stream,M2,256,1,64,/pscratch/sd/s/satt/sprints/data/converted_10M/mc_normalized_rntuple_10M_29.h5,,auto,,5000,,,,,,,false,true,21,12,4,0,4,8,9,0.19047619047619047,0.38095238095238093,0.42857142857142855,0.5714285714285714,0.0,0.0,2
1182557,1182689,worker,334.1933569908142,False,hdf5,h5_tr_209.py,209,stream,M2,256,1,64,/pscratch/sd/s/satt/sprints/data/converted_10M/mc_normalized_rntuple_10M_29.h5,,auto,,5000,,,,,,,false,true,21,12,2,0,2,10,9,0.09523809523809523,0.47619047619047616,0.42857142857142855,0.5714285714285714,0.0,0.0,2
1182557,1182690,worker,334.1837885379791,False,hdf5,h5_tr_209.py,209,stream,M2,256,1,64,/pscratch/sd/s/satt/sprints/data/converted_10M/mc_normalized_rntuple_10M_29.h5,,auto,,5000,,,,,,,false,true,19,13,4,0,4,9,6,0.21052631578947367,0.47368421052631576,0.3157894736842105,0.6842105263157895,0.0,0.0,2
1182557,1182691,worker,334.19249510765076,False,hdf5,h5_tr_209.py,209,stream,M2,256,1,64,/pscratch/sd/s/satt/sprints/data/converted_10M/mc_normalized_rntuple_10M_29.h5,,auto,,5000,,,,,,,false,true,21,14,4,0,4,10,7,0.19047619047619047,0.47619047619047616,0.3333333333333333,0.6666666666666666,0.0,0.0,2
1182557,1182692,worker,334.1697313785553,False,hdf5,h5_tr_209.py,209,stream,M2,256,1,64,/pscratch/sd/s/satt/sprints/data/converted_10M/mc_normalized_rntuple_10M_29.h5,,auto,,5000,,,,,,,false,true,21,14,4,0,4,10,7,0.19047619047619047,0.47619047619047616,0.3333333333333333,0.6666666666666666,0.0,0.0,2
1182557,1182693,worker,334.16724610328674,False,hdf5,h5_tr_209.py,209,stream,M2,256,1,64,/pscratch/sd/s/satt/sprints/data/converted_10M/mc_normalized_rntuple_10M_29.h5,,auto,,5000,,,,,,,false,true,19,13,4,0,4,9,6,0.21052631578947367,0.47368421052631576,0.3157894736842105,0.6842105263157895,0.0,0.0,2
1182557,1182694,worker,334.16500329971313,False,hdf5,h5_tr_209.py,209,stream,M2,256,1,64,/pscratch/sd/s/satt/sprints/data/converted_10M/mc_normalized_rntuple_10M_29.h5,,auto,,5000,,,,,,,false,true,21,14,4,0,4,10,7,0.19047619047619047,0.47619047619047616,0.3333333333333333,0.6666666666666666,0.0,0.0,2
1182557,1182695,worker,334.1631488800049,False,hdf5,h5_tr_209.py,209,stream,M2,256,1,64,/pscratch/sd/s/satt/sprints/data/converted_10M/mc_normalized_rntuple_10M_29.h5,,auto,,5000,,,,,,,false,true,21,14,4,0,4,10,7,0.19047619047619047,0.47619047619047616,0.3333333333333333,0.6666666666666666,0.0,0.0,2
1182557,1182696,worker,334.1499300003052,False,hdf5,h5_tr_209.py,209,stream,M2,256,1,64,/pscratch/sd/s/satt/sprints/data/converted_10M/mc_normalized_rntuple_10M_29.h5,,auto,,5000,,,,,,,false,true,19,13,4,0,4,9,6,0.21052631578947367,0.47368421052631576,0.3157894736842105,0.6842105263157895,0.0,0.0,2
1182557,1182697,worker,334.1439664363861,False,hdf5,h5_tr_209.py,209,stream,M2,256,1,64,/pscratch/sd/s/satt/sprints/data/converted_10M/mc_normalized_rntuple_10M_29.h5,,auto,,5000,,,,,,,false,true,21,14,4,0,4,10,7,0.19047619047619047,0.47619047619047616,0.3333333333333333,0.6666666666666666,0.0,0.0,2
1182557,1182698,worker,334.14073300361633,False,hdf5,h5_tr_209.py,209,stream,M2,256,1,64,/pscratch/sd/s/satt/sprints/data/converted_10M/mc_normalized_rntuple_10M_29.h5,,auto,,5000,,,,,,,false,true,21,14,4,0,4,10,7,0.19047619047619047,0.47619047619047616,0.3333333333333333,0.6666666666666666,0.0,0.0,2
1182557,1182699,worker,334.1317210197449,False,hdf5,h5_tr_209.py,209,stream,M2,256,1,64,/pscratch/sd/s/satt/sprints/data/converted_10M/mc_normalized_rntuple_10M_29.h5,,auto,,5000,,,,,,,false,true,19,13,4,0,4,9,6,0.21052631578947367,0.47368421052631576,0.3157894736842105,0.6842105263157895,0.0,0.0,2
1182557,1182700,worker,334.12553358078003,False,hdf5,h5_tr_209.py,209,stream,M2,256,1,64,/pscratch/sd/s/satt/sprints/data/converted_10M/mc_normalized_rntuple_10M_29.h5,,auto,,5000,,,,,,,false,true,21,14,4,0,4,10,7,0.19047619047619047,0.47619047619047616,0.3333333333333333,0.6666666666666666,0.0,0.0,2
1182557,1182701,worker,334.1237826347351,False,hdf5,h5_tr_209.py,209,stream,M2,256,1,64,/pscratch/sd/s/satt/sprints/data/converted_10M/mc_normalized_rntuple_10M_29.h5,,auto,,5000,,,,,,,false,true,21,14,4,0,4,10,7,0.19047619047619047,0.47619047619047616,0.3333333333333333,0.6666666666666666,0.0,0.0,2
1182557,1182702,worker,334.1141548156738,False,hdf5,h5_tr_209.py,209,stream,M2,256,1,64,/pscratch/sd/s/satt/sprints/data/converted_10M/mc_normalized_rntuple_10M_29.h5,,auto,,5000,,,,,,,false,true,19,13,4,0,4,9,6,0.21052631578947367,0.47368421052631576,0.3157894736842105,0.6842105263157895,0.0,0.0,2
1182557,1182703,worker,334.1131639480591,False,hdf5,h5_tr_209.py,209,stream,M2,256,1,64,/pscratch/sd/s/satt/sprints/data/converted_10M/mc_normalized_rntuple_10M_29.h5,,auto,,5000,,,,,,,false,true,21,14,4,0,4,10,7,0.19047619047619047,0.47619047619047616,0.3333333333333333,0.6666666666666666,0.0,0.0,2
1182557,1182704,worker,334.10285091400146,False,hdf5,h5_tr_209.py,209,stream,M2,256,1,64,/pscratch/sd/s/satt/sprints/data/converted_10M/mc_normalized_rntuple_10M_29.h5,,auto,,5000,,,,,,,false,true,21,14,4,0,4,10,7,0.19047619047619047,0.47619047619047616,0.3333333333333333,0.6666666666666666,0.0,0.0,2
1182557,1182705,worker,334.09601879119873,False,hdf5,h5_tr_209.py,209,stream,M2,256,1,64,/pscratch/sd/s/satt/sprints/data/converted_10M/mc_normalized_rntuple_10M_29.h5,,auto,,5000,,,,,,,false,true,19,13,4,0,4,9,6,0.21052631578947367,0.47368421052631576,0.3157894736842105,0.6842105263157895,0.0,0.0,2
1182557,1182706,worker,334.09928703308105,False,hdf5,h5_tr_209.py,209,stream,M2,256,1,64,/pscratch/sd/s/satt/sprints/data/converted_10M/mc_normalized_rntuple_10M_29.h5,,auto,,5000,,,,,,,false,true,21,14,4,0,4,10,7,0.19047619047619047,0.47619047619047616,0.3333333333333333,0.6666666666666666,0.0,0.0,2
1182557,1182707,worker,334.09721159935,False,hdf5,h5_tr_209.py,209,stream,M2,256,1,64,/pscratch/sd/s/satt/sprints/data/converted_10M/mc_normalized_rntuple_10M_29.h5,,auto,,5000,,,,,,,false,true,23,14,4,0,4,10,9,0.17391304347826086,0.43478260869565216,0.391304347826087,0.6086956521739131,0.0,0.0,2
1182557,1182708,worker,334.07798743247986,False,hdf5,h5_tr_209.py,209,stream,M2,256,1,64,/pscratch/sd/s/satt/sprints/data/converted_10M/mc_normalized_rntuple_10M_29.h5,,auto,,5000,,,,,,,false,true,21,12,4,0,4,8,9,0.19047619047619047,0.38095238095238093,0.42857142857142855,0.5714285714285714,0.0,0.0,2
1182557,1182709,worker,334.0731587409973,False,hdf5,h5_tr_209.py,209,stream,M2,256,1,64,/pscratch/sd/s/satt/sprints/data/converted_10M/mc_normalized_rntuple_10M_29.h5,,auto,,5000,,,,,,,false,true,19,11,4,0,4,7,8,0.21052631578947367,0.3684210526315789,0.42105263157894735,0.5789473684210527,0.0,0.0,2
1182557,1182710,worker,334.06699895858765,False,hdf5,h5_tr_209.py,209,stream,M2,256,1,64,/pscratch/sd/s/satt/sprints/data/converted_10M/mc_normalized_rntuple_10M_29.h5,,auto,,5000,,,,,,,false,true,21,12,4,0,4,8,9,0.19047619047619047,0.38095238095238093,0.42857142857142855,0.5714285714285714,0.0,0.0,2
1182557,1182711,worker,334.0641932487488,False,hdf5,h5_tr_209.py,209,stream,M2,256,1,64,/pscratch/sd/s/satt/sprints/data/converted_10M/mc_normalized_rntuple_10M_29.h5,,auto,,5000,,,,,,,false,true,21,14,4,0,4,10,7,0.19047619047619047,0.47619047619047616,0.3333333333333333,0.6666666666666666,0.0,0.0,2
1182557,1182712,worker,334.0585503578186,False,hdf5,h5_tr_209.py,209,stream,M2,256,1,64,/pscratch/sd/s/satt/sprints/data/converted_10M/mc_normalized_rntuple_10M_29.h5,,auto,,5000,,,,,,,false,true,19,13,4,0,4,9,6,0.21052631578947367,0.47368421052631576,0.3157894736842105,0.6842105263157895,0.0,0.0,2
1182557,1182713,worker,334.04878187179565,False,hdf5,h5_tr_209.py,209,stream,M2,256,1,64,/pscratch/sd/s/satt/sprints/data/converted_10M/mc_normalized_rntuple_10M_29.h5,,auto,,5000,,,,,,,false,true,21,14,4,0,4,10,7,0.19047619047619047,0.47619047619047616,0.3333333333333333,0.6666666666666666,0.0,0.0,2
1182557,1182714,worker,334.046756029129,False,hdf5,h5_tr_209.py,209,stream,M2,256,1,64,/pscratch/sd/s/satt/sprints/data/converted_10M/mc_normalized_rntuple_10M_29.h5,,auto,,5000,,,,,,,false,true,21,14,4,0,4,10,7,0.19047619047619047,0.47619047619047616,0.3333333333333333,0.6666666666666666,0.0,0.0,2
1182557,1182715,worker,334.0368356704712,False,hdf5,h5_tr_209.py,209,stream,M2,256,1,64,/pscratch/sd/s/satt/sprints/data/converted_10M/mc_normalized_rntuple_10M_29.h5,,auto,,5000,,,,,,,false,true,19,13,4,0,4,9,6,0.21052631578947367,0.47368421052631576,0.3157894736842105,0.6842105263157895,0.0,0.0,2
1182557,1182716,worker,334.0317120552063,False,hdf5,h5_tr_209.py,209,stream,M2,256,1,64,/pscratch/sd/s/satt/sprints/data/converted_10M/mc_normalized_rntuple_10M_29.h5,,auto,,5000,,,,,,,false,true,21,14,4,0,4,10,7,0.19047619047619047,0.47619047619047616,0.3333333333333333,0.6666666666666666,0.0,0.0,2
1182557,1182717,worker,334.03230571746826,False,hdf5,h5_tr_209.py,209,stream,M2,256,1,64,/pscratch/sd/s/satt/sprints/data/converted_10M/mc_normalized_rntuple_10M_29.h5,,auto,,5000,,,,,,,false,true,21,14,4,0,4,10,7,0.19047619047619047,0.47619047619047616,0.3333333333333333,0.6666666666666666,0.0,0.0,2
1182557,1182718,worker,334.02270793914795,False,hdf5,h5_tr_209.py,209,stream,M2,256,1,64,/pscratch/sd/s/satt/sprints/data/converted_10M/mc_normalized_rntuple_10M_29.h5,,auto,,5000,,,,,,,false,true,19,13,4,0,4,9,6,0.21052631578947367,0.47368421052631576,0.3157894736842105,0.6842105263157895,0.0,0.0,2
1182557,1182719,worker,334.01306104660034,False,hdf5,h5_tr_209.py,209,stream,M2,256,1,64,/pscratch/sd/s/satt/sprints/data/converted_10M/mc_normalized_rntuple_10M_29.h5,,auto,,5000,,,,,,,false,true,21,14,4,0,4,10,7,0.19047619047619047,0.47619047619047616,0.3333333333333333,0.6666666666666666,0.0,0.0,2
1182557,1182720,worker,334.01565742492676,False,hdf5,h5_tr_209.py,209,stream,M2,256,1,64,/pscratch/sd/s/satt/sprints/data/converted_10M/mc_normalized_rntuple_10M_29.h5,,auto,,5000,,,,,,,false,true,21,14,4,0,4,10,7,0.19047619047619047,0.47619047619047616,0.3333333333333333,0.6666666666666666,0.0,0.0,2
1182557,1182721,worker,334.0004184246063,False,hdf5,h5_tr_209.py,209,stream,M2,256,1,64,/pscratch/sd/s/satt/sprints/data/converted_10M/mc_normalized_rntuple_10M_29.h5,,auto,,5000,,,,,,,false,true,19,13,4,0,4,9,6,0.21052631578947367,0.47368421052631576,0.3157894736842105,0.6842105263157895,0.0,0.0,2
1182557,1182722,worker,333.9986653327942,False,hdf5,h5_tr_209.py,209,stream,M2,256,1,64,/pscratch/sd/s/satt/sprints/data/converted_10M/mc_normalized_rntuple_10M_29.h5,,auto,,5000,,,,,,,false,true,21,14,4,0,4,10,7,0.19047619047619047,0.47619047619047616,0.3333333333333333,0.6666666666666666,0.0,0.0,2
1182557,1182723,worker,333.9889483451843,False,hdf5,h5_tr_209.py,209,stream,M2,256,1,64,/pscratch/sd/s/satt/sprints/data/converted_10M/mc_normalized_rntuple_10M_29.h5,,auto,,5000,,,,,,,false,true,21,14,4,0,4,10,7,0.19047619047619047,0.47619047619047616,0.3333333333333333,0.6666666666666666,0.0,0.0,2
1182557,1182724,worker,333.9877407550812,False,hdf5,h5_tr_209.py,209,stream,M2,256,1,64,/pscratch/sd/s/satt/sprints/data/converted_10M/mc_normalized_rntuple_10M_29.h5,,auto,,5000,,,,,,,false,true,19,13,4,0,4,9,6,0.21052631578947367,0.47368421052631576,0.3157894736842105,0.6842105263157895,0.0,0.0,2
1182557,1182725,worker,333.98494720458984,False,hdf5,h5_tr_209.py,209,stream,M2,256,1,64,/pscratch/sd/s/satt/sprints/data/converted_10M/mc_normalized_rntuple_10M_29.h5,,auto,,5000,,,,,,,false,true,21,14,4,0,4,10,7,0.19047619047619047,0.47619047619047616,0.3333333333333333,0.6666666666666666,0.0,0.0,2
1182557,1182726,worker,333.97552514076233,False,hdf5,h5_tr_209.py,209,stream,M2,256,1,64,/pscratch/sd/s/satt/sprints/data/converted_10M/mc_normalized_rntuple_10M_29.h5,,auto,,5000,,,,,,,false,true,21,14,4,0,4,10,7,0.19047619047619047,0.47619047619047616,0.3333333333333333,0.6666666666666666,0.0,0.0,2
1182557,1182727,worker,333.97375226020813,False,hdf5,h5_tr_209.py,209,stream,M2,256,1,64,/pscratch/sd/s/satt/sprints/data/converted_10M/mc_normalized_rntuple_10M_29.h5,,auto,,5000,,,,,,,false,true,19,13,4,0,4,9,6,0.21052631578947367,0.47368421052631576,0.3157894736842105,0.6842105263157895,0.0,0.0,2
1182557,1182728,worker,333.9599027633667,False,hdf5,h5_tr_209.py,209,stream,M2,256,1,64,/pscratch/sd/s/satt/sprints/data/converted_10M/mc_normalized_rntuple_10M_29.h5,,auto,,5000,,,,,,,false,true,23,14,4,0,4,10,9,0.17391304347826086,0.43478260869565216,0.391304347826087,0.6086956521739131,0.0,0.0,2
1182557,1182729,worker,333.95659255981445,False,hdf5,h5_tr_209.py,209,stream,M2,256,1,64,/pscratch/sd/s/satt/sprints/data/converted_10M/mc_normalized_rntuple_10M_29.h5,,auto,,5000,,,,,,,false,true,21,12,4,0,4,8,9,0.19047619047619047,0.38095238095238093,0.42857142857142855,0.5714285714285714,0.0,0.0,2
1182557,1182730,worker,333.95126366615295,False,hdf5,h5_tr_209.py,209,stream,M2,256,1,64,/pscratch/sd/s/satt/sprints/data/converted_10M/mc_normalized_rntuple_10M_29.h5,,auto,,5000,,,,,,,false,true,21,12,4,0,4,8,9,0.19047619047619047,0.38095238095238093,0.42857142857142855,0.5714285714285714,0.0,0.0,2
1182557,1182731,worker,333.9442174434662,False,hdf5,h5_tr_209.py,209,stream,M2,256,1,64,/pscratch/sd/s/satt/sprints/data/converted_10M/mc_normalized_rntuple_10M_29.h5,,auto,,5000,,,,,,,false,true,19,11,4,0,4,7,8,0.21052631578947367,0.3684210526315789,0.42105263157894735,0.5789473684210527,0.0,0.0,2
1182557,1182732,worker,333.9404032230377,False,hdf5,h5_tr_209.py,209,stream,M2,256,1,64,/pscratch/sd/s/satt/sprints/data/converted_10M/mc_normalized_rntuple_10M_29.h5,,auto,,5000,,,,,,,false,true,21,14,6,0,6,8,7,0.2857142857142857,0.38095238095238093,0.3333333333333333,0.6666666666666666,0.0,0.0,2
1182557,1182733,worker,333.9371612071991,False,hdf5,h5_tr_209.py,209,stream,M2,256,1,64,/pscratch/sd/s/satt/sprints/data/converted_10M/mc_normalized_rntuple_10M_29.h5,,auto,,5000,,,,,,,false,true,21,14,4,0,4,10,7,0.19047619047619047,0.47619047619047616,0.3333333333333333,0.6666666666666666,0.0,0.0,2
1182557,1182734,worker,333.9352054595947,False,hdf5,h5_tr_209.py,209,stream,M2,256,1,64,/pscratch/sd/s/satt/sprints/data/converted_10M/mc_normalized_rntuple_10M_29.h5,,auto,,5000,,,,,,,false,true,19,13,4,0,4,9,6,0.21052631578947367,0.47368421052631576,0.3157894736842105,0.6842105263157895,0.0,0.0,2
1182557,1182735,worker,333.9298050403595,False,hdf5,h5_tr_209.py,209,stream,M2,256,1,64,/pscratch/sd/s/satt/sprints/data/converted_10M/mc_normalized_rntuple_10M_29.h5,,auto,,5000,,,,,,,false,true,21,14,4,0,4,10,7,0.19047619047619047,0.47619047619047616,0.3333333333333333,0.6666666666666666,0.0,0.0,2
1182557,1182736,worker,333.9144425392151,False,hdf5,h5_tr_209.py,209,stream,M2,256,1,64,/pscratch/sd/s/satt/sprints/data/converted_10M/mc_normalized_rntuple_10M_29.h5,,auto,,5000,,,,,,,false,true,21,14,4,0,4,10,7,0.19047619047619047,0.47619047619047616,0.3333333333333333,0.6666666666666666,0.0,0.0,2
1182557,1182737,worker,333.90877962112427,False,hdf5,h5_tr_209.py,209,stream,M2,256,1,64,/pscratch/sd/s/satt/sprints/data/converted_10M/mc_normalized_rntuple_10M_29.h5,,auto,,5000,,,,,,,false,true,19,13,4,0,4,9,6,0.21052631578947367,0.47368421052631576,0.3157894736842105,0.6842105263157895,0.0,0.0,2
1182557,1182738,worker,333.9031846523285,False,hdf5,h5_tr_209.py,209,stream,M2,256,1,64,/pscratch/sd/s/satt/sprints/data/converted_10M/mc_normalized_rntuple_10M_29.h5,,auto,,5000,,,,,,,false,true,21,14,4,0,4,10,7,0.19047619047619047,0.47619047619047616,0.3333333333333333,0.6666666666666666,0.0,0.0,2
1182557,1182739,worker,333.89433884620667,False,hdf5,h5_tr_209.py,209,stream,M2,256,1,64,/pscratch/sd/s/satt/sprints/data/converted_10M/mc_normalized_rntuple_10M_29.h5,,auto,,5000,,,,,,,false,true,21,14,4,0,4,10,7,0.19047619047619047,0.47619047619047616,0.3333333333333333,0.6666666666666666,0.0,0.0,2
1182557,1182740,worker,333.89116644859314,False,hdf5,h5_tr_209.py,209,stream,M2,256,1,64,/pscratch/sd/s/satt/sprints/data/converted_10M/mc_normalized_rntuple_10M_29.h5,,auto,,5000,,,,,,,false,true,19,13,4,0,4,9,6,0.21052631578947367,0.47368421052631576,0.3157894736842105,0.6842105263157895,0.0,0.0,2
1182557,1182741,worker,333.8846821784973,False,hdf5,h5_tr_209.py,209,stream,M2,256,1,64,/pscratch/sd/s/satt/sprints/data/converted_10M/mc_normalized_rntuple_10M_29.h5,,auto,,5000,,,,,,,false,true,21,14,4,0,4,10,7,0.19047619047619047,0.47619047619047616,0.3333333333333333,0.6666666666666666,0.0,0.0,2
1182557,1182742,worker,333.88325572013855,False,hdf5,h5_tr_209.py,209,stream,M2,256,1,64,/pscratch/sd/s/satt/sprints/data/converted_10M/mc_normalized_rntuple_10M_29.h5,,auto,,5000,,,,,,,false,true,21,14,4,0,4,10,7,0.19047619047619047,0.47619047619047616,0.3333333333333333,0.6666666666666666,0.0,0.0,2
1182557,1182743,worker,333.87206292152405,False,hdf5,h5_tr_209.py,209,stream,M2,256,1,64,/pscratch/sd/s/satt/sprints/data/converted_10M/mc_normalized_rntuple_10M_29.h5,,auto,,5000,,,,,,,false,true,19,13,4,0,4,9,6,0.21052631578947367,0.47368421052631576,0.3157894736842105,0.6842105263157895,0.0,0.0,2
1182557,1182744,worker,333.8723647594452,False,hdf5,h5_tr_209.py,209,stream,M2,256,1,64,/pscratch/sd/s/satt/sprints/data/converted_10M/mc_normalized_rntuple_10M_29.h5,,auto,,5000,,,,,,,false,true,21,14,4,0,4,10,7,0.19047619047619047,0.47619047619047616,0.3333333333333333,0.6666666666666666,0.0,0.0,2
1182557,1182745,worker,333.8650815486908,False,hdf5,h5_tr_209.py,209,stream,M2,256,1,64,/pscratch/sd/s/satt/sprints/data/converted_10M/mc_normalized_rntuple_10M_29.h5,,auto,,5000,,,,,,,false,true,21,14,4,0,4,10,7,0.19047619047619047,0.47619047619047616,0.3333333333333333,0.6666666666666666,0.0,0.0,2
1182557,1182746,worker,333.8494236469269,False,hdf5,h5_tr_209.py,209,stream,M2,256,1,64,/pscratch/sd/s/satt/sprints/data/converted_10M/mc_normalized_rntuple_10M_29.h5,,auto,,5000,,,,,,,false,true,19,13,4,0,4,9,6,0.21052631578947367,0.47368421052631576,0.3157894736842105,0.6842105263157895,0.0,0.0,2
1182557,1182747,worker,333.84882712364197,False,hdf5,h5_tr_209.py,209,stream,M2,256,1,64,/pscratch/sd/s/satt/sprints/data/converted_10M/mc_normalized_rntuple_10M_29.h5,,auto,,5000,,,,,,,false,true,21,14,4,0,4,10,7,0.19047619047619047,0.47619047619047616,0.3333333333333333,0.6666666666666666,0.0,0.0,2
1182557,1182748,worker,333.84284949302673,False,hdf5,h5_tr_209.py,209,stream,M2,256,1,64,/pscratch/sd/s/satt/sprints/data/converted_10M/mc_normalized_rntuple_10M_29.h5,,auto,,5000,,,,,,,false,true,21,14,4,0,4,10,7,0.19047619047619047,0.47619047619047616,0.3333333333333333,0.6666666666666666,0.0,0.0,2
1182557,1182749,worker,333.8367099761963,False,hdf5,h5_tr_209.py,209,stream,M2,256,1,64,/pscratch/sd/s/satt/sprints/data/converted_10M/mc_normalized_rntuple_10M_29.h5,,auto,,5000,,,,,,,false,true,19,13,4,0,4,9,6,0.21052631578947367,0.47368421052631576,0.3157894736842105,0.6842105263157895,0.0,0.0,2
1182557,1182750,worker,333.8331022262573,False,hdf5,h5_tr_209.py,209,stream,M2,256,1,64,/pscratch/sd/s/satt/sprints/data/converted_10M/mc_normalized_rntuple_10M_29.h5,,auto,,5000,,,,,,,false,true,23,14,2,0,2,12,9,0.08695652173913043,0.5217391304347826,0.391304347826087,0.6086956521739131,0.0,0.0,2
1182557,1182751,worker,333.8282949924469,False,hdf5,h5_tr_209.py,209,stream,M2,256,1,64,/pscratch/sd/s/satt/sprints/data/converted_10M/mc_normalized_rntuple_10M_29.h5,,auto,,5000,,,,,,,false,true,21,12,4,0,4,8,9,0.19047619047619047,0.38095238095238093,0.42857142857142855,0.5714285714285714,0.0,0.0,2
1182557,1182752,worker,333.8169364929199,False,hdf5,h5_tr_209.py,209,stream,M2,256,1,64,/pscratch/sd/s/satt/sprints/data/converted_10M/mc_normalized_rntuple_10M_29.h5,,auto,,5000,,,,,,,false,true,21,12,4,0,4,8,9,0.19047619047619047,0.38095238095238093,0.42857142857142855,0.5714285714285714,0.0,0.0,2
1182557,1182753,worker,333.8197810649872,False,hdf5,h5_tr_209.py,209,stream,M2,256,1,64,/pscratch/sd/s/satt/sprints/data/converted_10M/mc_normalized_rntuple_10M_29.h5,,auto,,5000,,,,,,,false,true,19,13,6,0,6,7,6,0.3157894736842105,0.3684210526315789,0.3157894736842105,0.6842105263157895,0.0,0.0,2
1182557,1182754,worker,333.814284324646,False,hdf5,h5_tr_209.py,209,stream,M2,256,1,64,/pscratch/sd/s/satt/sprints/data/converted_10M/mc_normalized_rntuple_10M_29.h5,,auto,,5000,,,,,,,false,true,21,14,4,0,4,10,7,0.19047619047619047,0.47619047619047616,0.3333333333333333,0.6666666666666666,0.0,0.0,2
1182557,1182755,worker,333.79539012908936,False,hdf5,h5_tr_209.py,209,stream,M2,256,1,64,/pscratch/sd/s/satt/sprints/data/converted_10M/mc_normalized_rntuple_10M_29.h5,,auto,,5000,,,,,,,false,true,21,14,4,0,4,10,7,0.19047619047619047,0.47619047619047616,0.3333333333333333,0.6666666666666666,0.0,0.0,2
1182557,1182756,worker,333.7924406528473,False,hdf5,h5_tr_209.py,209,stream,M2,256,1,64,/pscratch/sd/s/satt/sprints/data/converted_10M/mc_normalized_rntuple_10M_29.h5,,auto,,5000,,,,,,,false,true,19,13,4,0,4,9,6,0.21052631578947367,0.47368421052631576,0.3157894736842105,0.6842105263157895,0.0,0.0,2
1182557,1182757,worker,333.7878062725067,False,hdf5,h5_tr_209.py,209,stream,M2,256,1,64,/pscratch/sd/s/satt/sprints/data/converted_10M/mc_normalized_rntuple_10M_29.h5,,auto,,5000,,,,,,,false,true,21,14,4,0,4,10,7,0.19047619047619047,0.47619047619047616,0.3333333333333333,0.6666666666666666,0.0,0.0,2
1182557,1182758,worker,333.78035712242126,False,hdf5,h5_tr_209.py,209,stream,M2,256,1,64,/pscratch/sd/s/satt/sprints/data/converted_10M/mc_normalized_rntuple_10M_29.h5,,auto,,5000,,,,,,,false,true,21,14,4,0,4,10,7,0.19047619047619047,0.47619047619047616,0.3333333333333333,0.6666666666666666,0.0,0.0,2
1182557,1182759,worker,333.7750403881073,False,hdf5,h5_tr_209.py,209,stream,M2,256,1,64,/pscratch/sd/s/satt/sprints/data/converted_10M/mc_normalized_rntuple_10M_29.h5,,auto,,5000,,,,,,,false,true,19,13,4,0,4,9,6,0.21052631578947367,0.47368421052631576,0.3157894736842105,0.6842105263157895,0.0,0.0,2
1182557,1182760,worker,333.7688400745392,False,hdf5,h5_tr_209.py,209,stream,M2,256,1,64,/pscratch/sd/s/satt/sprints/data/converted_10M/mc_normalized_rntuple_10M_29.h5,,auto,,5000,,,,,,,false,true,21,14,4,0,4,10,7,0.19047619047619047,0.47619047619047616,0.3333333333333333,0.6666666666666666,0.0,0.0,2
1182557,1182761,worker,333.7626554965973,False,hdf5,h5_tr_209.py,209,stream,M2,256,1,64,/pscratch/sd/s/satt/sprints/data/converted_10M/mc_normalized_rntuple_10M_29.h5,,auto,,5000,,,,,,,false,true,21,14,4,0,4,10,7,0.19047619047619047,0.47619047619047616,0.3333333333333333,0.6666666666666666,0.0,0.0,2
1182557,1182762,worker,333.75627088546753,False,hdf5,h5_tr_209.py,209,stream,M2,256,1,64,/pscratch/sd/s/satt/sprints/data/converted_10M/mc_normalized_rntuple_10M_29.h5,,auto,,5000,,,,,,,false,true,19,13,4,0,4,9,6,0.21052631578947367,0.47368421052631576,0.3157894736842105,0.6842105263157895,0.0,0.0,2
1182557,1182763,worker,333.7528192996979,False,hdf5,h5_tr_209.py,209,stream,M2,256,1,64,/pscratch/sd/s/satt/sprints/data/converted_10M/mc_normalized_rntuple_10M_29.h5,,auto,,5000,,,,,,,false,true,21,14,4,0,4,10,7,0.19047619047619047,0.47619047619047616,0.3333333333333333,0.6666666666666666,0.0,0.0,2
1182557,1182764,worker,333.7467768192291,False,hdf5,h5_tr_209.py,209,stream,M2,256,1,64,/pscratch/sd/s/satt/sprints/data/converted_10M/mc_normalized_rntuple_10M_29.h5,,auto,,5000,,,,,,,false,true,21,14,4,0,4,10,7,0.19047619047619047,0.47619047619047616,0.3333333333333333,0.6666666666666666,0.0,0.0,2
1182557,1182765,worker,333.7408564090729,False,hdf5,h5_tr_209.py,209,stream,M2,256,1,64,/pscratch/sd/s/satt/sprints/data/converted_10M/mc_normalized_rntuple_10M_29.h5,,auto,,5000,,,,,,,false,true,19,13,4,0,4,9,6,0.21052631578947367,0.47368421052631576,0.3157894736842105,0.6842105263157895,0.0,0.0,2
1182557,1182766,worker,333.72500705718994,False,hdf5,h5_tr_209.py,209,stream,M2,256,1,64,/pscratch/sd/s/satt/sprints/data/converted_10M/mc_normalized_rntuple_10M_29.h5,,auto,,5000,,,,,,,false,true,21,14,4,0,4,10,7,0.19047619047619047,0.47619047619047616,0.3333333333333333,0.6666666666666666,0.0,0.0,2
1182557,1182767,worker,333.72493529319763,False,hdf5,h5_tr_209.py,209,stream,M2,256,1,64,/pscratch/sd/s/satt/sprints/data/converted_10M/mc_normalized_rntuple_10M_29.h5,,auto,,5000,,,,,,,false,true,21,14,4,0,4,10,7,0.19047619047619047,0.47619047619047616,0.3333333333333333,0.6666666666666666,0.0,0.0,2
1182557,1182768,worker,333.72436594963074,False,hdf5,h5_tr_209.py,209,stream,M2,256,1,64,/pscratch/sd/s/satt/sprints/data/converted_10M/mc_normalized_rntuple_10M_29.h5,,auto,,5000,,,,,,,false,true,19,13,4,0,4,9,6,0.21052631578947367,0.47368421052631576,0.3157894736842105,0.6842105263157895,0.0,0.0,2
1182557,1182769,worker,333.7102828025818,False,hdf5,h5_tr_209.py,209,stream,M2,256,1,64,/pscratch/sd/s/satt/sprints/data/converted_10M/mc_normalized_rntuple_10M_29.h5,,auto,,5000,,,,,,,false,true,21,14,4,0,4,10,7,0.19047619047619047,0.47619047619047616,0.3333333333333333,0.6666666666666666,0.0,0.0,2
1182557,1182770,worker,333.714154958725,False,hdf5,h5_tr_209.py,209,stream,M2,256,1,64,/pscratch/sd/s/satt/sprints/data/converted_10M/mc_normalized_rntuple_10M_29.h5,,auto,,5000,,,,,,,false,true,21,14,4,0,4,10,7,0.19047619047619047,0.47619047619047616,0.3333333333333333,0.6666666666666666,0.0,0.0,2
1182557,1182771,worker,333.70535254478455,False,hdf5,h5_tr_209.py,209,stream,M2,256,1,64,/pscratch/sd/s/satt/sprints/data/converted_10M/mc_normalized_rntuple_10M_29.h5,,auto,,5000,,,,,,,false,true,23,14,2,0,2,12,9,0.08695652173913043,0.5217391304347826,0.391304347826087,0.6086956521739131,0.0,0.0,2
1182557,1182772,worker,333.69411993026733,False,hdf5,h5_tr_209.py,209,stream,M2,256,1,64,/pscratch/sd/s/satt/sprints/data/converted_10M/mc_normalized_rntuple_10M_29.h5,,auto,,5000,,,,,,,false,true,19,11,4,0,4,7,8,0.21052631578947367,0.3684210526315789,0.42105263157894735,0.5789473684210527,0.0,0.0,2
1182557,1182773,worker,333.6878297328949,False,hdf5,h5_tr_209.py,209,stream,M2,256,1,64,/pscratch/sd/s/satt/sprints/data/converted_10M/mc_normalized_rntuple_10M_29.h5,,auto,,5000,,,,,,,false,true,21,12,4,0,4,8,9,0.19047619047619047,0.38095238095238093,0.42857142857142855,0.5714285714285714,0.0,0.0,2
1182557,1182774,worker,333.67297172546387,False,hdf5,h5_tr_209.py,209,stream,M2,256,1,64,/pscratch/sd/s/satt/sprints/data/converted_10M/mc_normalized_rntuple_10M_29.h5,,auto,,5000,,,,,,,false,true,21,12,2,0,2,10,9,0.09523809523809523,0.47619047619047616,0.42857142857142855,0.5714285714285714,0.0,0.0,2
1182557,1182775,worker,333.6709246635437,False,hdf5,h5_tr_209.py,209,stream,M2,256,1,64,/pscratch/sd/s/satt/sprints/data/converted_10M/mc_normalized_rntuple_10M_29.h5,,auto,,5000,,,,,,,false,true,19,13,4,0,4,9,6,0.21052631578947367,0.47368421052631576,0.3157894736842105,0.6842105263157895,0.0,0.0,2
1182557,1182776,worker,333.6717917919159,False,hdf5,h5_tr_209.py,209,stream,M2,256,1,64,/pscratch/sd/s/satt/sprints/data/converted_10M/mc_normalized_rntuple_10M_29.h5,,auto,,5000,,,,,,,false,true,21,14,4,0,4,10,7,0.19047619047619047,0.47619047619047616,0.3333333333333333,0.6666666666666666,0.0,0.0,2
1182557,1182777,worker,333.669540643692,False,hdf5,h5_tr_209.py,209,stream,M2,256,1,64,/pscratch/sd/s/satt/sprints/data/converted_10M/mc_normalized_rntuple_10M_29.h5,,auto,,5000,,,,,,,false,true,21,14,4,0,4,10,7,0.19047619047619047,0.47619047619047616,0.3333333333333333,0.6666666666666666,0.0,0.0,2
1182557,1182778,worker,333.66142988204956,False,hdf5,h5_tr_209.py,209,stream,M2,256,1,64,/pscratch/sd/s/satt/sprints/data/converted_10M/mc_normalized_rntuple_10M_29.h5,,auto,,5000,,,,,,,false,true,19,13,4,0,4,9,6,0.21052631578947367,0.47368421052631576,0.3157894736842105,0.6842105263157895,0.0,0.0,2
1182557,1182779,worker,333.65180826187134,False,hdf5,h5_tr_209.py,209,stream,M2,256,1,64,/pscratch/sd/s/satt/sprints/data/converted_10M/mc_normalized_rntuple_10M_29.h5,,auto,,5000,,,,,,,false,true,21,14,4,0,4,10,7,0.19047619047619047,0.47619047619047616,0.3333333333333333,0.6666666666666666,0.0,0.0,2
1182557,1182780,worker,333.643878698349,False,hdf5,h5_tr_209.py,209,stream,M2,256,1,64,/pscratch/sd/s/satt/sprints/data/converted_10M/mc_normalized_rntuple_10M_29.h5,,auto,,5000,,,,,,,false,true,21,14,4,0,4,10,7,0.19047619047619047,0.47619047619047616,0.3333333333333333,0.6666666666666666,0.0,0.0,2
1182557,1182781,worker,333.63794350624084,False,hdf5,h5_tr_209.py,209,stream,M2,256,1,64,/pscratch/sd/s/satt/sprints/data/converted_10M/mc_normalized_rntuple_10M_29.h5,,auto,,5000,,,,,,,false,true,19,13,4,0,4,9,6,0.21052631578947367,0.47368421052631576,0.3157894736842105,0.6842105263157895,0.0,0.0,2
1182557,1182782,worker,333.63344526290894,False,hdf5,h5_tr_209.py,209,stream,M2,256,1,64,/pscratch/sd/s/satt/sprints/data/converted_10M/mc_normalized_rntuple_10M_29.h5,,auto,,5000,,,,,,,false,true,21,14,4,0,4,10,7,0.19047619047619047,0.47619047619047616,0.3333333333333333,0.6666666666666666,0.0,0.0,2
1182557,1182783,worker,333.6246168613434,False,hdf5,h5_tr_209.py,209,stream,M2,256,1,64,/pscratch/sd/s/satt/sprints/data/converted_10M/mc_normalized_rntuple_10M_29.h5,,auto,,5000,,,,,,,false,true,21,14,4,0,4,10,7,0.19047619047619047,0.47619047619047616,0.3333333333333333,0.6666666666666666,0.0,0.0,2
1182557,1182784,worker,333.6198925971985,False,hdf5,h5_tr_209.py,209,stream,M2,256,1,64,/pscratch/sd/s/satt/sprints/data/converted_10M/mc_normalized_rntuple_10M_29.h5,,auto,,5000,,,,,,,false,true,19,13,4,0,4,9,6,0.21052631578947367,0.47368421052631576,0.3157894736842105,0.6842105263157895,0.0,0.0,2
1182557,1182785,worker,333.6161057949066,False,hdf5,h5_tr_209.py,209,stream,M2,256,1,64,/pscratch/sd/s/satt/sprints/data/converted_10M/mc_normalized_rntuple_10M_29.h5,,auto,,5000,,,,,,,false,true,21,14,4,0,4,10,7,0.19047619047619047,0.47619047619047616,0.3333333333333333,0.6666666666666666,0.0,0.0,2
1182557,1182786,worker,333.5959029197693,False,hdf5,h5_tr_209.py,209,stream,M2,256,1,64,/pscratch/sd/s/satt/sprints/data/converted_10M/mc_normalized_rntuple_10M_29.h5,,auto,,5000,,,,,,,false,true,21,14,4,0,4,10,7,0.19047619047619047,0.47619047619047616,0.3333333333333333,0.6666666666666666,0.0,0.0,2
1182557,1182787,worker,333.60322618484497,False,hdf5,h5_tr_209.py,209,stream,M2,256,1,64,/pscratch/sd/s/satt/sprints/data/converted_10M/mc_normalized_rntuple_10M_29.h5,,auto,,5000,,,,,,,false,true,19,13,4,0,4,9,6,0.21052631578947367,0.47368421052631576,0.3157894736842105,0.6842105263157895,0.0,0.0,2
1182557,1182788,worker,333.6000814437866,False,hdf5,h5_tr_209.py,209,stream,M2,256,1,64,/pscratch/sd/s/satt/sprints/data/converted_10M/mc_normalized_rntuple_10M_29.h5,,auto,,5000,,,,,,,false,true,21,14,4,0,4,10,7,0.19047619047619047,0.47619047619047616,0.3333333333333333,0.6666666666666666,0.0,0.0,2
1182557,1182789,worker,333.59221482276917,False,hdf5,h5_tr_209.py,209,stream,M2,256,1,64,/pscratch/sd/s/satt/sprints/data/converted_10M/mc_normalized_rntuple_10M_29.h5,,auto,,5000,,,,,,,false,true,21,14,4,0,4,10,7,0.19047619047619047,0.47619047619047616,0.3333333333333333,0.6666666666666666,0.0,0.0,2
1182557,1182790,worker,333.5803003311157,False,hdf5,h5_tr_209.py,209,stream,M2,256,1,64,/pscratch/sd/s/satt/sprints/data/converted_10M/mc_normalized_rntuple_10M_29.h5,,auto,,5000,,,,,,,false,true,19,13,4,0,4,9,6,0.21052631578947367,0.47368421052631576,0.3157894736842105,0.6842105263157895,0.0,0.0,2
1182557,1182791,worker,333.5803790092468,False,hdf5,h5_tr_209.py,209,stream,M2,256,1,64,/pscratch/sd/s/satt/sprints/data/converted_10M/mc_normalized_rntuple_10M_29.h5,,auto,,5000,,,,,,,false,true,21,14,4,0,4,10,7,0.19047619047619047,0.47619047619047616,0.3333333333333333,0.6666666666666666,0.0,0.0,2
1182557,1182792,worker,333.57213258743286,False,hdf5,h5_tr_209.py,209,stream,M2,256,1,64,/pscratch/sd/s/satt/sprints/data/converted_10M/mc_normalized_rntuple_10M_29.h5,,auto,,5000,,,,,,,false,true,23,14,4,0,4,10,9,0.17391304347826086,0.43478260869565216,0.391304347826087,0.6086956521739131,0.0,0.0,2
1182557,1182793,worker,333.5613474845886,False,hdf5,h5_tr_209.py,209,stream,M2,256,1,64,/pscratch/sd/s/satt/sprints/data/converted_10M/mc_normalized_rntuple_10M_29.h5,,auto,,5000,,,,,,,false,true,21,12,4,0,4,8,9,0.19047619047619047,0.38095238095238093,0.42857142857142855,0.5714285714285714,0.0,0.0,2
1182557,1182794,worker,333.5563507080078,False,hdf5,h5_tr_209.py,209,stream,M2,256,1,64,/pscratch/sd/s/satt/sprints/data/converted_10M/mc_normalized_rntuple_10M_29.h5,,auto,,5000,,,,,,,false,true,19,11,4,0,4,7,8,0.21052631578947367,0.3684210526315789,0.42105263157894735,0.5789473684210527,0.0,0.0,2
1182557,1182795,worker,333.5456418991089,False,hdf5,h5_tr_209.py,209,stream,M2,256,1,64,/pscratch/sd/s/satt/sprints/data/converted_10M/mc_normalized_rntuple_10M_29.h5,,auto,,5000,,,,,,,false,true,21,12,4,0,4,8,9,0.19047619047619047,0.38095238095238093,0.42857142857142855,0.5714285714285714,0.0,0.0,2
1182557,1182796,worker,333.5438108444214,False,hdf5,h5_tr_209.py,209,stream,M2,256,1,64,/pscratch/sd/s/satt/sprints/data/converted_10M/mc_normalized_rntuple_10M_29.h5,,auto,,5000,,,,,,,false,true,21,14,4,0,4,10,7,0.19047619047619047,0.47619047619047616,0.3333333333333333,0.6666666666666666,0.0,0.0,2
1182557,1182797,worker,333.5368421077728,False,hdf5,h5_tr_209.py,209,stream,M2,256,1,64,/pscratch/sd/s/satt/sprints/data/converted_10M/mc_normalized_rntuple_10M_29.h5,,auto,,5000,,,,,,,false,true,19,13,4,0,4,9,6,0.21052631578947367,0.47368421052631576,0.3157894736842105,0.6842105263157895,0.0,0.0,2
1182557,1182798,worker,333.5384724140167,False,hdf5,h5_tr_209.py,209,stream,M2,256,1,64,/pscratch/sd/s/satt/sprints/data/converted_10M/mc_normalized_rntuple_10M_29.h5,,auto,,5000,,,,,,,false,true,21,14,4,0,4,10,7,0.19047619047619047,0.47619047619047616,0.3333333333333333,0.6666666666666666,0.0,0.0,2
1182557,1182799,worker,333.5134632587433,False,hdf5,h5_tr_209.py,209,stream,M2,256,1,64,/pscratch/sd/s/satt/sprints/data/converted_10M/mc_normalized_rntuple_10M_29.h5,,auto,,5000,,,,,,,false,true,21,14,4,0,4,10,7,0.19047619047619047,0.47619047619047616,0.3333333333333333,0.6666666666666666,0.0,0.0,2
1182557,1182800,worker,333.5206813812256,False,hdf5,h5_tr_209.py,209,stream,M2,256,1,64,/pscratch/sd/s/satt/sprints/data/converted_10M/mc_normalized_rntuple_10M_29.h5,,auto,,5000,,,,,,,false,true,19,13,4,0,4,9,6,0.21052631578947367,0.47368421052631576,0.3157894736842105,0.6842105263157895,0.0,0.0,2
1182557,1182801,worker,333.51932525634766,False,hdf5,h5_tr_209.py,209,stream,M2,256,1,64,/pscratch/sd/s/satt/sprints/data/converted_10M/mc_normalized_rntuple_10M_29.h5,,auto,,5000,,,,,,,false,true,21,14,4,0,4,10,7,0.19047619047619047,0.47619047619047616,0.3333333333333333,0.6666666666666666,0.0,0.0,2
1182557,1182802,worker,333.50529527664185,False,hdf5,h5_tr_209.py,209,stream,M2,256,1,64,/pscratch/sd/s/satt/sprints/data/converted_10M/mc_normalized_rntuple_10M_29.h5,,auto,,5000,,,,,,,false,true,21,14,4,0,4,10,7,0.19047619047619047,0.47619047619047616,0.3333333333333333,0.6666666666666666,0.0,0.0,2
1182557,1182803,worker,333.50549936294556,False,hdf5,h5_tr_209.py,209,stream,M2,256,1,64,/pscratch/sd/s/satt/sprints/data/converted_10M/mc_normalized_rntuple_10M_29.h5,,auto,,5000,,,,,,,false,true,19,13,4,0,4,9,6,0.21052631578947367,0.47368421052631576,0.3157894736842105,0.6842105263157895,0.0,0.0,2
1182557,1182804,worker,333.4965968132019,False,hdf5,h5_tr_209.py,209,stream,M2,256,1,64,/pscratch/sd/s/satt/sprints/data/converted_10M/mc_normalized_rntuple_10M_29.h5,,auto,,5000,,,,,,,false,true,21,14,4,0,4,10,7,0.19047619047619047,0.47619047619047616,0.3333333333333333,0.6666666666666666,0.0,0.0,2
1182557,1182805,worker,333.49076533317566,False,hdf5,h5_tr_209.py,209,stream,M2,256,1,64,/pscratch/sd/s/satt/sprints/data/converted_10M/mc_normalized_rntuple_10M_29.h5,,auto,,5000,,,,,,,false,true,21,14,4,0,4,10,7,0.19047619047619047,0.47619047619047616,0.3333333333333333,0.6666666666666666,0.0,0.0,2
1182557,1182806,worker,333.4829077720642,False,hdf5,h5_tr_209.py,209,stream,M2,256,1,64,/pscratch/sd/s/satt/sprints/data/converted_10M/mc_normalized_rntuple_10M_29.h5,,auto,,5000,,,,,,,false,true,19,13,4,0,4,9,6,0.21052631578947367,0.47368421052631576,0.3157894736842105,0.6842105263157895,0.0,0.0,2
1182557,1182807,worker,333.46210765838623,False,hdf5,h5_tr_209.py,209,stream,M2,256,1,64,/pscratch/sd/s/satt/sprints/data/converted_10M/mc_normalized_rntuple_10M_29.h5,,auto,,5000,,,,,,,false,true,21,14,4,0,4,10,7,0.19047619047619047,0.47619047619047616,0.3333333333333333,0.6666666666666666,0.0,0.0,2
1182557,1182808,worker,333.473185300827,False,hdf5,h5_tr_209.py,209,stream,M2,256,1,64,/pscratch/sd/s/satt/sprints/data/converted_10M/mc_normalized_rntuple_10M_29.h5,,auto,,5000,,,,,,,false,true,21,14,4,0,4,10,7,0.19047619047619047,0.47619047619047616,0.3333333333333333,0.6666666666666666,0.0,0.0,2
1182557,1182809,worker,333.4632360935211,False,hdf5,h5_tr_209.py,209,stream,M2,256,1,64,/pscratch/sd/s/satt/sprints/data/converted_10M/mc_normalized_rntuple_10M_29.h5,,auto,,5000,,,,,,,false,true,19,13,4,0,4,9,6,0.21052631578947367,0.47368421052631576,0.3157894736842105,0.6842105263157895,0.0,0.0,2
1182557,1182810,worker,333.4485776424408,False,hdf5,h5_tr_209.py,209,stream,M2,256,1,64,/pscratch/sd/s/satt/sprints/data/converted_10M/mc_normalized_rntuple_10M_29.h5,,auto,,5000,,,,,,,false,true,21,14,4,0,4,10,7,0.19047619047619047,0.47619047619047616,0.3333333333333333,0.6666666666666666,0.0,0.0,2
1182557,1182811,worker,333.4499201774597,False,hdf5,h5_tr_209.py,209,stream,M2,256,1,64,/pscratch/sd/s/satt/sprints/data/converted_10M/mc_normalized_rntuple_10M_29.h5,,auto,,5000,,,,,,,false,true,21,14,4,0,4,10,7,0.19047619047619047,0.47619047619047616,0.3333333333333333,0.6666666666666666,0.0,0.0,2
1182557,1182812,worker,333.44198083877563,False,hdf5,h5_tr_209.py,209,stream,M2,256,1,64,/pscratch/sd/s/satt/sprints/data/converted_10M/mc_normalized_rntuple_10M_29.h5,,auto,,5000,,,,,,,false,true,19,13,4,0,4,9,6,0.21052631578947367,0.47368421052631576,0.3157894736842105,0.6842105263157895,0.0,0.0,2
1182557,1182813,worker,333.4372570514679,False,hdf5,h5_tr_209.py,209,stream,M2,256,1,64,/pscratch/sd/s/satt/sprints/data/converted_10M/mc_normalized_rntuple_10M_29.h5,,auto,,5000,,,,,,,false,true,23,14,4,0,4,10,9,0.17391304347826086,0.43478260869565216,0.391304347826087,0.6086956521739131,0.0,0.0,2
1182557,1182814,worker,333.4319040775299,False,hdf5,h5_tr_209.py,209,stream,M2,256,1,64,/pscratch/sd/s/satt/sprints/data/converted_10M/mc_normalized_rntuple_10M_29.h5,,auto,,5000,,,,,,,false,true,21,12,4,0,4,8,9,0.19047619047619047,0.38095238095238093,0.42857142857142855,0.5714285714285714,0.0,0.0,2
1182557,1182815,worker,333.41564774513245,False,hdf5,h5_tr_209.py,209,stream,M2,256,1,64,/pscratch/sd/s/satt/sprints/data/converted_10M/mc_normalized_rntuple_10M_29.h5,,auto,,5000,,,,,,,false,true,21,12,4,0,4,8,9,0.19047619047619047,0.38095238095238093,0.42857142857142855,0.5714285714285714,0.0,0.0,2
1182557,1182816,worker,333.40452098846436,False,hdf5,h5_tr_209.py,209,stream,M2,256,1,64,/pscratch/sd/s/satt/sprints/data/converted_10M/mc_normalized_rntuple_10M_29.h5,,auto,,5000,,,,,,,false,true,19,11,4,0,4,7,8,0.21052631578947367,0.3684210526315789,0.42105263157894735,0.5789473684210527,0.0,0.0,2
1182557,1182817,worker,333.411563873291,False,hdf5,h5_tr_209.py,209,stream,M2,256,1,64,/pscratch/sd/s/satt/sprints/data/converted_10M/mc_normalized_rntuple_10M_29.h5,,auto,,5000,,,,,,,false,true,21,14,6,0,6,8,7,0.2857142857142857,0.38095238095238093,0.3333333333333333,0.6666666666666666,0.0,0.0,2
1182557,1182818,worker,333.4091818332672,False,hdf5,h5_tr_209.py,209,stream,M2,256,1,64,/pscratch/sd/s/satt/sprints/data/converted_10M/mc_normalized_rntuple_10M_29.h5,,auto,,5000,,,,,,,false,true,21,14,4,0,4,10,7,0.19047619047619047,0.47619047619047616,0.3333333333333333,0.6666666666666666,0.0,0.0,2
1182557,1182819,worker,333.3994915485382,False,hdf5,h5_tr_209.py,209,stream,M2,256,1,64,/pscratch/sd/s/satt/sprints/data/converted_10M/mc_normalized_rntuple_10M_29.h5,,auto,,5000,,,,,,,false,true,19,13,4,0,4,9,6,0.21052631578947367,0.47368421052631576,0.3157894736842105,0.6842105263157895,0.0,0.0,2
1182557,1182820,worker,333.3925428390503,False,hdf5,h5_tr_209.py,209,stream,M2,256,1,64,/pscratch/sd/s/satt/sprints/data/converted_10M/mc_normalized_rntuple_10M_29.h5,,auto,,5000,,,,,,,false,true,21,14,4,0,4,10,7,0.19047619047619047,0.47619047619047616,0.3333333333333333,0.6666666666666666,0.0,0.0,2
1182557,1182821,worker,333.3884971141815,False,hdf5,h5_tr_209.py,209,stream,M2,256,1,64,/pscratch/sd/s/satt/sprints/data/converted_10M/mc_normalized_rntuple_10M_29.h5,,auto,,5000,,,,,,,false,true,21,14,4,0,4,10,7,0.19047619047619047,0.47619047619047616,0.3333333333333333,0.6666666666666666,0.0,0.0,2
1182557,1182822,worker,333.37903928756714,False,hdf5,h5_tr_209.py,209,stream,M2,256,1,64,/pscratch/sd/s/satt/sprints/data/converted_10M/mc_normalized_rntuple_10M_29.h5,,auto,,5000,,,,,,,false,true,19,13,4,0,4,9,6,0.21052631578947367,0.47368421052631576,0.3157894736842105,0.6842105263157895,0.0,0.0,2
1182557,1182823,worker,333.37305092811584,False,hdf5,h5_tr_209.py,209,stream,M2,256,1,64,/pscratch/sd/s/satt/sprints/data/converted_10M/mc_normalized_rntuple_10M_29.h5,,auto,,5000,,,,,,,false,true,21,14,4,0,4,10,7,0.19047619047619047,0.47619047619047616,0.3333333333333333,0.6666666666666666,0.0,0.0,2
1182557,1182824,worker,333.3699629306793,False,hdf5,h5_tr_209.py,209,stream,M2,256,1,64,/pscratch/sd/s/satt/sprints/data/converted_10M/mc_normalized_rntuple_10M_29.h5,,auto,,5000,,,,,,,false,true,21,14,4,0,4,10,7,0.19047619047619047,0.47619047619047616,0.3333333333333333,0.6666666666666666,0.0,0.0,2
1182557,1182825,worker,333.3464639186859,False,hdf5,h5_tr_209.py,209,stream,M2,256,1,64,/pscratch/sd/s/satt/sprints/data/converted_10M/mc_normalized_rntuple_10M_29.h5,,auto,,5000,,,,,,,false,true,19,13,4,0,4,9,6,0.21052631578947367,0.47368421052631576,0.3157894736842105,0.6842105263157895,0.0,0.0,2
1182557,1182826,worker,333.34401750564575,False,hdf5,h5_tr_209.py,209,stream,M2,256,1,64,/pscratch/sd/s/satt/sprints/data/converted_10M/mc_normalized_rntuple_10M_29.h5,,auto,,5000,,,,,,,false,true,21,14,4,0,4,10,7,0.19047619047619047,0.47619047619047616,0.3333333333333333,0.6666666666666666,0.0,0.0,2
1182557,1182827,worker,333.3483033180237,False,hdf5,h5_tr_209.py,209,stream,M2,256,1,64,/pscratch/sd/s/satt/sprints/data/converted_10M/mc_normalized_rntuple_10M_29.h5,,auto,,5000,,,,,,,false,true,21,14,4,0,4,10,7,0.19047619047619047,0.47619047619047616,0.3333333333333333,0.6666666666666666,0.0,0.0,2
1182557,1182828,worker,333.34351682662964,False,hdf5,h5_tr_209.py,209,stream,M2,256,1,64,/pscratch/sd/s/satt/sprints/data/converted_10M/mc_normalized_rntuple_10M_29.h5,,auto,,5000,,,,,,,false,true,19,13,4,0,4,9,6,0.21052631578947367,0.47368421052631576,0.3157894736842105,0.6842105263157895,0.0,0.0,2
1182557,1182829,worker,333.3334515094757,False,hdf5,h5_tr_209.py,209,stream,M2,256,1,64,/pscratch/sd/s/satt/sprints/data/converted_10M/mc_normalized_rntuple_10M_29.h5,,auto,,5000,,,,,,,false,true,21,14,4,0,4,10,7,0.19047619047619047,0.47619047619047616,0.3333333333333333,0.6666666666666666,0.0,0.0,2
1182557,1182830,worker,333.3309338092804,False,hdf5,h5_tr_209.py,209,stream,M2,256,1,64,/pscratch/sd/s/satt/sprints/data/converted_10M/mc_normalized_rntuple_10M_29.h5,,auto,,5000,,,,,,,false,true,21,14,4,0,4,10,7,0.19047619047619047,0.47619047619047616,0.3333333333333333,0.6666666666666666,0.0,0.0,2
1182557,1182831,worker,333.3241226673126,False,hdf5,h5_tr_209.py,209,stream,M2,256,1,64,/pscratch/sd/s/satt/sprints/data/converted_10M/mc_normalized_rntuple_10M_29.h5,,auto,,5000,,,,,,,false,true,19,13,4,0,4,9,6,0.21052631578947367,0.47368421052631576,0.3157894736842105,0.6842105263157895,0.0,0.0,2
1182557,1182832,worker,333.31334805488586,False,hdf5,h5_tr_209.py,209,stream,M2,256,1,64,/pscratch/sd/s/satt/sprints/data/converted_10M/mc_normalized_rntuple_10M_29.h5,,auto,,5000,,,,,,,false,true,21,14,4,0,4,10,7,0.19047619047619047,0.47619047619047616,0.3333333333333333,0.6666666666666666,0.0,0.0,2
1182557,1182833,worker,333.30821323394775,False,hdf5,h5_tr_209.py,209,stream,M2,256,1,64,/pscratch/sd/s/satt/sprints/data/converted_10M/mc_normalized_rntuple_10M_29.h5,,auto,,5000,,,,,,,false,true,21,14,4,0,4,10,7,0.19047619047619047,0.47619047619047616,0.3333333333333333,0.6666666666666666,0.0,0.0,2
1182557,1182834,worker,333.3026876449585,False,hdf5,h5_tr_209.py,209,stream,M2,256,1,64,/pscratch/sd/s/satt/sprints/data/converted_10M/mc_normalized_rntuple_10M_29.h5,,auto,,5000,,,,,,,false,true,19,13,4,0,4,9,6,0.21052631578947367,0.47368421052631576,0.3157894736842105,0.6842105263157895,0.0,0.0,2
1182557,1182835,worker,333.2941265106201,False,hdf5,h5_tr_209.py,209,stream,M2,256,1,64,/pscratch/sd/s/satt/sprints/data/converted_10M/mc_normalized_rntuple_10M_29.h5,,auto,,5000,,,,,,,false,true,21,14,4,0,4,10,7,0.19047619047619047,0.47619047619047616,0.3333333333333333,0.6666666666666666,0.0,0.0,2
