run_id,pid,role,run_time,any_partial,fmt,script,script_variant,strategy,model,workers,epochs,batch,data_path,batches_in_memory,block_rows,prefetch_factor,log_every,seed,device,tree_name,target_col,torch_num_threads,torch_interop_threads,shuffle,persistent_workers,n_records,n_files,reads,bytes_read,read_time,effective_read_bandwidth_MBps
747016,747016,parent,342.97095561027527,False,npz,npz_tr.py,,eager,M2,64,1,64,/pscratch/sd/s/satt/sprints/data/converted_10M/mc_normalized_rntuple_10M.npz,,,,5000,,,,,,,,true,2,2,205,804477637,0.40087103843688965,2006.824040312035
747016,747095,worker,330.06035828590393,False,npz,npz_tr.py,,eager,M2,64,1,64,/pscratch/sd/s/satt/sprints/data/converted_10M/mc_normalized_rntuple_10M.npz,,,,5000,,,,,,,,true,1,1,0,0,0.0,
747016,747096,worker,330.0298225879669,False,npz,npz_tr.py,,eager,M2,64,1,64,/pscratch/sd/s/satt/sprints/data/converted_10M/mc_normalized_rntuple_10M.npz,,,,5000,,,,,,,,true,1,1,0,0,0.0,
747016,747097,worker,330.02691650390625,False,npz,npz_tr.py,,eager,M2,64,1,64,/pscratch/sd/s/satt/sprints/data/converted_10M/mc_normalized_rntuple_10M.npz,,,,5000,,,,,,,,true,1,1,0,0,0.0,
747016,747098,worker,330.0287024974823,False,npz,npz_tr.py,,eager,M2,64,1,64,/pscratch/sd/s/satt/sprints/data/converted_10M/mc_normalized_rntuple_10M.npz,,,,5000,,,,,,,,true,1,1,0,0,0.0,
747016,747099,worker,330.0267879962921,False,npz,npz_tr.py,,eager,M2,64,1,64,/pscratch/sd/s/satt/sprints/data/converted_10M/mc_normalized_rntuple_10M.npz,,,,5000,,,,,,,,true,1,1,0,0,0.0,
747016,747100,worker,330.0266945362091,False,npz,npz_tr.py,,eager,M2,64,1,64,/pscratch/sd/s/satt/sprints/data/converted_10M/mc_normalized_rntuple_10M.npz,,,,5000,,,,,,,,true,1,1,0,0,0.0,
747016,747101,worker,330.03012251853943,False,npz,npz_tr.py,,eager,M2,64,1,64,/pscratch/sd/s/satt/sprints/data/converted_10M/mc_normalized_rntuple_10M.npz,,,,5000,,,,,,,,true,1,1,0,0,0.0,
747016,747102,worker,330.01957988739014,False,npz,npz_tr.py,,eager,M2,64,1,64,/pscratch/sd/s/satt/sprints/data/converted_10M/mc_normalized_rntuple_10M.npz,,,,5000,,,,,,,,true,1,1,0,0,0.0,
747016,747103,worker,330.01804757118225,False,npz,npz_tr.py,,eager,M2,64,1,64,/pscratch/sd/s/satt/sprints/data/converted_10M/mc_normalized_rntuple_10M.npz,,,,5000,,,,,,,,true,1,1,0,0,0.0,
747016,747104,worker,330.01102590560913,False,npz,npz_tr.py,,eager,M2,64,1,64,/pscratch/sd/s/satt/sprints/data/converted_10M/mc_normalized_rntuple_10M.npz,,,,5000,,,,,,,,true,1,1,0,0,0.0,
747016,747105,worker,330.0073766708374,False,npz,npz_tr.py,,eager,M2,64,1,64,/pscratch/sd/s/satt/sprints/data/converted_10M/mc_normalized_rntuple_10M.npz,,,,5000,,,,,,,,true,1,1,0,0,0.0,
747016,747106,worker,330.00054478645325,False,npz,npz_tr.py,,eager,M2,64,1,64,/pscratch/sd/s/satt/sprints/data/converted_10M/mc_normalized_rntuple_10M.npz,,,,5000,,,,,,,,true,1,1,0,0,0.0,
747016,747107,worker,329.9935042858124,False,npz,npz_tr.py,,eager,M2,64,1,64,/pscratch/sd/s/satt/sprints/data/converted_10M/mc_normalized_rntuple_10M.npz,,,,5000,,,,,,,,true,1,1,0,0,0.0,
747016,747108,worker,329.98754262924194,False,npz,npz_tr.py,,eager,M2,64,1,64,/pscratch/sd/s/satt/sprints/data/converted_10M/mc_normalized_rntuple_10M.npz,,,,5000,,,,,,,,true,1,1,0,0,0.0,
747016,747109,worker,329.9869465827942,False,npz,npz_tr.py,,eager,M2,64,1,64,/pscratch/sd/s/satt/sprints/data/converted_10M/mc_normalized_rntuple_10M.npz,,,,5000,,,,,,,,true,1,1,0,0,0.0,
747016,747110,worker,329.9773452281952,False,npz,npz_tr.py,,eager,M2,64,1,64,/pscratch/sd/s/satt/sprints/data/converted_10M/mc_normalized_rntuple_10M.npz,,,,5000,,,,,,,,true,1,1,0,0,0.0,
747016,747111,worker,329.971706867218,False,npz,npz_tr.py,,eager,M2,64,1,64,/pscratch/sd/s/satt/sprints/data/converted_10M/mc_normalized_rntuple_10M.npz,,,,5000,,,,,,,,true,1,1,0,0,0.0,
747016,747112,worker,329.96800541877747,False,npz,npz_tr.py,,eager,M2,64,1,64,/pscratch/sd/s/satt/sprints/data/converted_10M/mc_normalized_rntuple_10M.npz,,,,5000,,,,,,,,true,1,1,0,0,0.0,
747016,747113,worker,329.96062207221985,False,npz,npz_tr.py,,eager,M2,64,1,64,/pscratch/sd/s/satt/sprints/data/converted_10M/mc_normalized_rntuple_10M.npz,,,,5000,,,,,,,,true,1,1,0,0,0.0,
747016,747114,worker,329.955007314682,False,npz,npz_tr.py,,eager,M2,64,1,64,/pscratch/sd/s/satt/sprints/data/converted_10M/mc_normalized_rntuple_10M.npz,,,,5000,,,,,,,,true,1,1,0,0,0.0,
747016,747115,worker,329.951669216156,False,npz,npz_tr.py,,eager,M2,64,1,64,/pscratch/sd/s/satt/sprints/data/converted_10M/mc_normalized_rntuple_10M.npz,,,,5000,,,,,,,,true,1,1,0,0,0.0,
747016,747116,worker,329.9454879760742,False,npz,npz_tr.py,,eager,M2,64,1,64,/pscratch/sd/s/satt/sprints/data/converted_10M/mc_normalized_rntuple_10M.npz,,,,5000,,,,,,,,true,1,1,0,0,0.0,
747016,747117,worker,329.94180607795715,False,npz,npz_tr.py,,eager,M2,64,1,64,/pscratch/sd/s/satt/sprints/data/converted_10M/mc_normalized_rntuple_10M.npz,,,,5000,,,,,,,,true,1,1,0,0,0.0,
747016,747118,worker,329.9215500354767,False,npz,npz_tr.py,,eager,M2,64,1,64,/pscratch/sd/s/satt/sprints/data/converted_10M/mc_normalized_rntuple_10M.npz,,,,5000,,,,,,,,true,1,1,0,0,0.0,
747016,747119,worker,329.9144892692566,False,npz,npz_tr.py,,eager,M2,64,1,64,/pscratch/sd/s/satt/sprints/data/converted_10M/mc_normalized_rntuple_10M.npz,,,,5000,,,,,,,,true,1,1,0,0,0.0,
747016,747120,worker,329.91027998924255,False,npz,npz_tr.py,,eager,M2,64,1,64,/pscratch/sd/s/satt/sprints/data/converted_10M/mc_normalized_rntuple_10M.npz,,,,5000,,,,,,,,true,1,1,0,0,0.0,
747016,747121,worker,329.9063103199005,False,npz,npz_tr.py,,eager,M2,64,1,64,/pscratch/sd/s/satt/sprints/data/converted_10M/mc_normalized_rntuple_10M.npz,,,,5000,,,,,,,,true,1,1,0,0,0.0,
747016,747122,worker,329.9021248817444,False,npz,npz_tr.py,,eager,M2,64,1,64,/pscratch/sd/s/satt/sprints/data/converted_10M/mc_normalized_rntuple_10M.npz,,,,5000,,,,,,,,true,1,1,0,0,0.0,
747016,747123,worker,329.89417266845703,False,npz,npz_tr.py,,eager,M2,64,1,64,/pscratch/sd/s/satt/sprints/data/converted_10M/mc_normalized_rntuple_10M.npz,,,,5000,,,,,,,,true,1,1,0,0,0.0,
747016,747124,worker,329.8873178958893,False,npz,npz_tr.py,,eager,M2,64,1,64,/pscratch/sd/s/satt/sprints/data/converted_10M/mc_normalized_rntuple_10M.npz,,,,5000,,,,,,,,true,1,1,0,0,0.0,
747016,747125,worker,329.88138818740845,False,npz,npz_tr.py,,eager,M2,64,1,64,/pscratch/sd/s/satt/sprints/data/converted_10M/mc_normalized_rntuple_10M.npz,,,,5000,,,,,,,,true,1,1,0,0,0.0,
747016,747126,worker,329.87935638427734,False,npz,npz_tr.py,,eager,M2,64,1,64,/pscratch/sd/s/satt/sprints/data/converted_10M/mc_normalized_rntuple_10M.npz,,,,5000,,,,,,,,true,1,1,0,0,0.0,
747016,747127,worker,329.87283062934875,False,npz,npz_tr.py,,eager,M2,64,1,64,/pscratch/sd/s/satt/sprints/data/converted_10M/mc_normalized_rntuple_10M.npz,,,,5000,,,,,,,,true,1,1,0,0,0.0,
747016,747128,worker,329.8655037879944,False,npz,npz_tr.py,,eager,M2,64,1,64,/pscratch/sd/s/satt/sprints/data/converted_10M/mc_normalized_rntuple_10M.npz,,,,5000,,,,,,,,true,1,1,0,0,0.0,
747016,747129,worker,329.859787940979,False,npz,npz_tr.py,,eager,M2,64,1,64,/pscratch/sd/s/satt/sprints/data/converted_10M/mc_normalized_rntuple_10M.npz,,,,5000,,,,,,,,true,1,1,0,0,0.0,
747016,747130,worker,329.85818004608154,False,npz,npz_tr.py,,eager,M2,64,1,64,/pscratch/sd/s/satt/sprints/data/converted_10M/mc_normalized_rntuple_10M.npz,,,,5000,,,,,,,,true,1,1,0,0,0.0,
747016,747131,worker,329.85363364219666,False,npz,npz_tr.py,,eager,M2,64,1,64,/pscratch/sd/s/satt/sprints/data/converted_10M/mc_normalized_rntuple_10M.npz,,,,5000,,,,,,,,true,1,1,0,0,0.0,
747016,747132,worker,329.8461928367615,False,npz,npz_tr.py,,eager,M2,64,1,64,/pscratch/sd/s/satt/sprints/data/converted_10M/mc_normalized_rntuple_10M.npz,,,,5000,,,,,,,,true,1,1,0,0,0.0,
747016,747133,worker,329.8404140472412,False,npz,npz_tr.py,,eager,M2,64,1,64,/pscratch/sd/s/satt/sprints/data/converted_10M/mc_normalized_rntuple_10M.npz,,,,5000,,,,,,,,true,1,1,0,0,0.0,
747016,747134,worker,329.8323311805725,False,npz,npz_tr.py,,eager,M2,64,1,64,/pscratch/sd/s/satt/sprints/data/converted_10M/mc_normalized_rntuple_10M.npz,,,,5000,,,,,,,,true,1,1,0,0,0.0,
747016,747135,worker,329.82579708099365,False,npz,npz_tr.py,,eager,M2,64,1,64,/pscratch/sd/s/satt/sprints/data/converted_10M/mc_normalized_rntuple_10M.npz,,,,5000,,,,,,,,true,1,1,0,0,0.0,
747016,747136,worker,329.8227119445801,False,npz,npz_tr.py,,eager,M2,64,1,64,/pscratch/sd/s/satt/sprints/data/converted_10M/mc_normalized_rntuple_10M.npz,,,,5000,,,,,,,,true,1,1,0,0,0.0,
747016,747137,worker,329.8175730705261,False,npz,npz_tr.py,,eager,M2,64,1,64,/pscratch/sd/s/satt/sprints/data/converted_10M/mc_normalized_rntuple_10M.npz,,,,5000,,,,,,,,true,1,1,0,0,0.0,
747016,747138,worker,329.8116805553436,False,npz,npz_tr.py,,eager,M2,64,1,64,/pscratch/sd/s/satt/sprints/data/converted_10M/mc_normalized_rntuple_10M.npz,,,,5000,,,,,,,,true,1,1,0,0,0.0,
747016,747139,worker,329.80645775794983,False,npz,npz_tr.py,,eager,M2,64,1,64,/pscratch/sd/s/satt/sprints/data/converted_10M/mc_normalized_rntuple_10M.npz,,,,5000,,,,,,,,true,1,1,0,0,0.0,
747016,747140,worker,329.8002860546112,False,npz,npz_tr.py,,eager,M2,64,1,64,/pscratch/sd/s/satt/sprints/data/converted_10M/mc_normalized_rntuple_10M.npz,,,,5000,,,,,,,,true,1,1,0,0,0.0,
747016,747141,worker,329.7955369949341,False,npz,npz_tr.py,,eager,M2,64,1,64,/pscratch/sd/s/satt/sprints/data/converted_10M/mc_normalized_rntuple_10M.npz,,,,5000,,,,,,,,true,1,1,0,0,0.0,
747016,747142,worker,329.789822101593,False,npz,npz_tr.py,,eager,M2,64,1,64,/pscratch/sd/s/satt/sprints/data/converted_10M/mc_normalized_rntuple_10M.npz,,,,5000,,,,,,,,true,1,1,0,0,0.0,
747016,747143,worker,329.7855644226074,False,npz,npz_tr.py,,eager,M2,64,1,64,/pscratch/sd/s/satt/sprints/data/converted_10M/mc_normalized_rntuple_10M.npz,,,,5000,,,,,,,,true,1,1,0,0,0.0,
747016,747144,worker,329.77829003334045,False,npz,npz_tr.py,,eager,M2,64,1,64,/pscratch/sd/s/satt/sprints/data/converted_10M/mc_normalized_rntuple_10M.npz,,,,5000,,,,,,,,true,1,1,0,0,0.0,
747016,747145,worker,329.77315974235535,False,npz,npz_tr.py,,eager,M2,64,1,64,/pscratch/sd/s/satt/sprints/data/converted_10M/mc_normalized_rntuple_10M.npz,,,,5000,,,,,,,,true,1,1,0,0,0.0,
747016,747146,worker,329.7687759399414,False,npz,npz_tr.py,,eager,M2,64,1,64,/pscratch/sd/s/satt/sprints/data/converted_10M/mc_normalized_rntuple_10M.npz,,,,5000,,,,,,,,true,1,1,0,0,0.0,
747016,747147,worker,329.76111459732056,False,npz,npz_tr.py,,eager,M2,64,1,64,/pscratch/sd/s/satt/sprints/data/converted_10M/mc_normalized_rntuple_10M.npz,,,,5000,,,,,,,,true,1,1,0,0,0.0,
747016,747148,worker,329.7561619281769,False,npz,npz_tr.py,,eager,M2,64,1,64,/pscratch/sd/s/satt/sprints/data/converted_10M/mc_normalized_rntuple_10M.npz,,,,5000,,,,,,,,true,1,1,0,0,0.0,
747016,747149,worker,329.75129985809326,False,npz,npz_tr.py,,eager,M2,64,1,64,/pscratch/sd/s/satt/sprints/data/converted_10M/mc_normalized_rntuple_10M.npz,,,,5000,,,,,,,,true,1,1,0,0,0.0,
747016,747150,worker,329.74570202827454,False,npz,npz_tr.py,,eager,M2,64,1,64,/pscratch/sd/s/satt/sprints/data/converted_10M/mc_normalized_rntuple_10M.npz,,,,5000,,,,,,,,true,1,1,0,0,0.0,
747016,747151,worker,329.7392861843109,False,npz,npz_tr.py,,eager,M2,64,1,64,/pscratch/sd/s/satt/sprints/data/converted_10M/mc_normalized_rntuple_10M.npz,,,,5000,,,,,,,,true,1,1,0,0,0.0,
747016,747152,worker,329.73410654067993,False,npz,npz_tr.py,,eager,M2,64,1,64,/pscratch/sd/s/satt/sprints/data/converted_10M/mc_normalized_rntuple_10M.npz,,,,5000,,,,,,,,true,1,1,0,0,0.0,
747016,747153,worker,329.7298848628998,False,npz,npz_tr.py,,eager,M2,64,1,64,/pscratch/sd/s/satt/sprints/data/converted_10M/mc_normalized_rntuple_10M.npz,,,,5000,,,,,,,,true,1,1,0,0,0.0,
747016,747154,worker,329.7220284938812,False,npz,npz_tr.py,,eager,M2,64,1,64,/pscratch/sd/s/satt/sprints/data/converted_10M/mc_normalized_rntuple_10M.npz,,,,5000,,,,,,,,true,1,1,0,0,0.0,
747016,747155,worker,329.7179379463196,False,npz,npz_tr.py,,eager,M2,64,1,64,/pscratch/sd/s/satt/sprints/data/converted_10M/mc_normalized_rntuple_10M.npz,,,,5000,,,,,,,,true,1,1,0,0,0.0,
747016,747156,worker,329.7103502750397,False,npz,npz_tr.py,,eager,M2,64,1,64,/pscratch/sd/s/satt/sprints/data/converted_10M/mc_normalized_rntuple_10M.npz,,,,5000,,,,,,,,true,1,1,0,0,0.0,
747016,747157,worker,329.70556259155273,False,npz,npz_tr.py,,eager,M2,64,1,64,/pscratch/sd/s/satt/sprints/data/converted_10M/mc_normalized_rntuple_10M.npz,,,,5000,,,,,,,,true,1,1,0,0,0.0,
747016,747158,worker,329.6959431171417,False,npz,npz_tr.py,,eager,M2,64,1,64,/pscratch/sd/s/satt/sprints/data/converted_10M/mc_normalized_rntuple_10M.npz,,,,5000,,,,,,,,true,1,1,0,0,0.0,
