run_id,pid,role,run_time,any_partial,fmt,script,script_variant,strategy,model,workers,epochs,batch,data_path,batches_in_memory,block_rows,prefetch_factor,log_every,seed,device,tree_name,target_col,torch_num_threads,torch_interop_threads,shuffle,persistent_workers,reads,bytes_read,opens,seeks,stats,read_time,meta_time,hist_total,mean_read_size,frac_reads_lt_10k,0_100,100_1K,1K_10K,10K_100K,100K_1M,1M_4M,4M_10M,10M_100M,100M_1G,1G_PLUS,n_files
1182557,1182557,parent,342.4354519844055,False,hdf5,h5_tr_209.py,209,stream,M2,256,1,64,/pscratch/sd/s/satt/sprints/data/converted_10M/mc_normalized_rntuple_10M_29.h5,,auto,,5000,,,,,,,false,true,27,210015,7,13,23,0.0013649463653564453,0.0026543140411376953,27,7778.333333333333,0.8148148148148148,11,11,0,4,1,0,0,0,0,0,2
1182557,1182580,worker,334.82116866111755,False,hdf5,h5_tr_209.py,209,stream,M2,256,1,64,/pscratch/sd/s/satt/sprints/data/converted_10M/mc_normalized_rntuple_10M_29.h5,,auto,,5000,,,,,,,false,true,19,3507568,1,0,5,0.11640620231628418,0.0001590251922607422,19,184608.84210526315,0.6842105263157895,3,6,4,0,6,0,0,0,0,0,2
1182557,1182581,worker,334.83309149742126,False,hdf5,h5_tr_209.py,209,stream,M2,256,1,64,/pscratch/sd/s/satt/sprints/data/converted_10M/mc_normalized_rntuple_10M_29.h5,,auto,,5000,,,,,,,false,true,21,4672608,1,0,5,0.1647937297821045,0.00017380714416503906,21,222505.14285714287,0.6190476190476191,3,6,4,0,8,0,0,0,0,0,2
1182557,1182582,worker,334.80540680885315,False,hdf5,h5_tr_209.py,209,stream,M2,256,1,64,/pscratch/sd/s/satt/sprints/data/converted_10M/mc_normalized_rntuple_10M_29.h5,,auto,,5000,,,,,,,false,true,21,4672608,1,0,5,0.18547821044921875,0.00013208389282226562,21,222505.14285714287,0.6190476190476191,3,6,4,0,8,0,0,0,0,0,2
1182557,1182583,worker,334.8036439418793,False,hdf5,h5_tr_209.py,209,stream,M2,256,1,64,/pscratch/sd/s/satt/sprints/data/converted_10M/mc_normalized_rntuple_10M_29.h5,,auto,,5000,,,,,,,false,true,19,3507568,1,0,5,0.14672231674194336,0.00016880035400390625,19,184608.84210526315,0.6842105263157895,3,6,4,0,6,0,0,0,0,0,2
1182557,1182584,worker,334.7948536872864,False,hdf5,h5_tr_209.py,209,stream,M2,256,1,64,/pscratch/sd/s/satt/sprints/data/converted_10M/mc_normalized_rntuple_10M_29.h5,,auto,,5000,,,,,,,false,true,21,4672608,1,0,5,0.1855924129486084,0.00015282630920410156,21,222505.14285714287,0.6190476190476191,3,6,4,0,8,0,0,0,0,0,2
1182557,1182585,worker,334.79608702659607,False,hdf5,h5_tr_209.py,209,stream,M2,256,1,64,/pscratch/sd/s/satt/sprints/data/converted_10M/mc_normalized_rntuple_10M_29.h5,,auto,,5000,,,,,,,false,true,21,4672608,1,0,5,0.12423849105834961,0.00014901161193847656,21,222505.14285714287,0.6190476190476191,3,6,4,0,8,0,0,0,0,0,2
1182557,1182586,worker,334.7851445674896,False,hdf5,h5_tr_209.py,209,stream,M2,256,1,64,/pscratch/sd/s/satt/sprints/data/converted_10M/mc_normalized_rntuple_10M_29.h5,,auto,,5000,,,,,,,false,true,19,3507568,1,0,5,0.14388680458068848,0.0001456737518310547,19,184608.84210526315,0.6842105263157895,3,6,4,0,6,0,0,0,0,0,2
1182557,1182587,worker,334.7832794189453,False,hdf5,h5_tr_209.py,209,stream,M2,256,1,64,/pscratch/sd/s/satt/sprints/data/converted_10M/mc_normalized_rntuple_10M_29.h5,,auto,,5000,,,,,,,false,true,21,4672608,1,0,5,0.13723254203796387,0.00015497207641601562,21,222505.14285714287,0.6190476190476191,3,6,4,0,8,0,0,0,0,0,2
1182557,1182588,worker,334.77192902565,False,hdf5,h5_tr_209.py,209,stream,M2,256,1,64,/pscratch/sd/s/satt/sprints/data/converted_10M/mc_normalized_rntuple_10M_29.h5,,auto,,5000,,,,,,,false,true,21,4672608,1,0,5,0.011993169784545898,0.0001423358917236328,21,222505.14285714287,0.6190476190476191,3,6,4,0,8,0,0,0,0,0,2
1182557,1182589,worker,334.7660837173462,False,hdf5,h5_tr_209.py,209,stream,M2,256,1,64,/pscratch/sd/s/satt/sprints/data/converted_10M/mc_normalized_rntuple_10M_29.h5,,auto,,5000,,,,,,,false,true,19,3507568,1,0,5,0.14665842056274414,0.00015115737915039062,19,184608.84210526315,0.6842105263157895,3,6,4,0,6,0,0,0,0,0,2
1182557,1182590,worker,334.7806603908539,False,hdf5,h5_tr_209.py,209,stream,M2,256,1,64,/pscratch/sd/s/satt/sprints/data/converted_10M/mc_normalized_rntuple_10M_29.h5,,auto,,5000,,,,,,,false,true,21,4672608,1,0,5,0.18518662452697754,0.00013446807861328125,21,222505.14285714287,0.6190476190476191,3,6,4,0,8,0,0,0,0,0,2
1182557,1182591,worker,334.76005005836487,False,hdf5,h5_tr_209.py,209,stream,M2,256,1,64,/pscratch/sd/s/satt/sprints/data/converted_10M/mc_normalized_rntuple_10M_29.h5,,auto,,5000,,,,,,,false,true,21,4672608,1,0,5,0.12117695808410645,0.00018477439880371094,21,222505.14285714287,0.6190476190476191,3,6,4,0,8,0,0,0,0,0,2
1182557,1182592,worker,334.75057005882263,False,hdf5,h5_tr_209.py,209,stream,M2,256,1,64,/pscratch/sd/s/satt/sprints/data/converted_10M/mc_normalized_rntuple_10M_29.h5,,auto,,5000,,,,,,,false,true,19,3507568,1,0,5,0.12105536460876465,0.00017404556274414062,19,184608.84210526315,0.6842105263157895,3,6,4,0,6,0,0,0,0,0,2
1182557,1182593,worker,334.753310918808,False,hdf5,h5_tr_209.py,209,stream,M2,256,1,64,/pscratch/sd/s/satt/sprints/data/converted_10M/mc_normalized_rntuple_10M_29.h5,,auto,,5000,,,,,,,false,true,21,4672608,1,0,5,0.18693923950195312,0.00013637542724609375,21,222505.14285714287,0.6190476190476191,3,6,4,0,8,0,0,0,0,0,2
1182557,1182594,worker,334.7400870323181,False,hdf5,h5_tr_209.py,209,stream,M2,256,1,64,/pscratch/sd/s/satt/sprints/data/converted_10M/mc_normalized_rntuple_10M_29.h5,,auto,,5000,,,,,,,false,true,21,4672608,1,0,5,0.14359736442565918,0.00014400482177734375,21,222505.14285714287,0.6190476190476191,3,6,4,0,8,0,0,0,0,0,2
1182557,1182595,worker,334.733300447464,False,hdf5,h5_tr_209.py,209,stream,M2,256,1,64,/pscratch/sd/s/satt/sprints/data/converted_10M/mc_normalized_rntuple_10M_29.h5,,auto,,5000,,,,,,,false,true,19,3507568,1,0,5,0.007533073425292969,0.00013256072998046875,19,184608.84210526315,0.6842105263157895,3,6,4,0,6,0,0,0,0,0,2
1182557,1182596,worker,334.73102378845215,False,hdf5,h5_tr_209.py,209,stream,M2,256,1,64,/pscratch/sd/s/satt/sprints/data/converted_10M/mc_normalized_rntuple_10M_29.h5,,auto,,5000,,,,,,,false,true,21,4672608,1,0,5,0.14464187622070312,0.000156402587890625,21,222505.14285714287,0.6190476190476191,3,6,4,0,8,0,0,0,0,0,2
1182557,1182597,worker,334.7296657562256,False,hdf5,h5_tr_209.py,209,stream,M2,256,1,64,/pscratch/sd/s/satt/sprints/data/converted_10M/mc_normalized_rntuple_10M_29.h5,,auto,,5000,,,,,,,false,true,21,4672608,1,0,5,0.15237045288085938,0.00015425682067871094,21,222505.14285714287,0.6190476190476191,3,6,4,0,8,0,0,0,0,0,2
1182557,1182598,worker,334.71590971946716,False,hdf5,h5_tr_209.py,209,stream,M2,256,1,64,/pscratch/sd/s/satt/sprints/data/converted_10M/mc_normalized_rntuple_10M_29.h5,,auto,,5000,,,,,,,false,true,19,3507568,1,0,5,0.008025407791137695,0.00018143653869628906,19,184608.84210526315,0.6842105263157895,3,6,4,0,6,0,0,0,0,0,2
1182557,1182599,worker,334.7155408859253,False,hdf5,h5_tr_209.py,209,stream,M2,256,1,64,/pscratch/sd/s/satt/sprints/data/converted_10M/mc_normalized_rntuple_10M_29.h5,,auto,,5000,,,,,,,false,true,21,4672608,1,0,5,0.18839478492736816,0.00013685226440429688,21,222505.14285714287,0.6190476190476191,3,6,4,0,8,0,0,0,0,0,2
1182557,1182600,worker,334.70458030700684,False,hdf5,h5_tr_209.py,209,stream,M2,256,1,64,/pscratch/sd/s/satt/sprints/data/converted_10M/mc_normalized_rntuple_10M_29.h5,,auto,,5000,,,,,,,false,true,21,4672608,1,0,5,0.14807772636413574,0.0001552104949951172,21,222505.14285714287,0.6190476190476191,3,6,4,0,8,0,0,0,0,0,2
1182557,1182601,worker,334.711177110672,False,hdf5,h5_tr_209.py,209,stream,M2,256,1,64,/pscratch/sd/s/satt/sprints/data/converted_10M/mc_normalized_rntuple_10M_29.h5,,auto,,5000,,,,,,,false,true,23,4677320,1,0,5,0.19112277030944824,0.0001800060272216797,23,203361.73913043478,0.6521739130434783,3,6,6,0,8,0,0,0,0,0,2
1182557,1182602,worker,334.6937048435211,False,hdf5,h5_tr_209.py,209,stream,M2,256,1,64,/pscratch/sd/s/satt/sprints/data/converted_10M/mc_normalized_rntuple_10M_29.h5,,auto,,5000,,,,,,,false,true,19,3507568,1,0,5,0.14426231384277344,0.00013971328735351562,19,184608.84210526315,0.6842105263157895,3,6,4,0,6,0,0,0,0,0,2
1182557,1182603,worker,334.6935431957245,False,hdf5,h5_tr_209.py,209,stream,M2,256,1,64,/pscratch/sd/s/satt/sprints/data/converted_10M/mc_normalized_rntuple_10M_29.h5,,auto,,5000,,,,,,,false,true,21,4672608,1,0,5,0.13469195365905762,0.00013899803161621094,21,222505.14285714287,0.6190476190476191,3,6,4,0,8,0,0,0,0,0,2
1182557,1182604,worker,334.67597699165344,False,hdf5,h5_tr_209.py,209,stream,M2,256,1,64,/pscratch/sd/s/satt/sprints/data/converted_10M/mc_normalized_rntuple_10M_29.h5,,auto,,5000,,,,,,,false,true,21,4672608,1,0,5,0.16667795181274414,0.00015974044799804688,21,222505.14285714287,0.6190476190476191,3,6,4,0,8,0,0,0,0,0,2
1182557,1182605,worker,334.67042446136475,False,hdf5,h5_tr_209.py,209,stream,M2,256,1,64,/pscratch/sd/s/satt/sprints/data/converted_10M/mc_normalized_rntuple_10M_29.h5,,auto,,5000,,,,,,,false,true,19,3507568,1,0,5,0.08561968803405762,0.0001347064971923828,19,184608.84210526315,0.6842105263157895,3,6,4,0,6,0,0,0,0,0,2
1182557,1182606,worker,334.6788260936737,False,hdf5,h5_tr_209.py,209,stream,M2,256,1,64,/pscratch/sd/s/satt/sprints/data/converted_10M/mc_normalized_rntuple_10M_29.h5,,auto,,5000,,,,,,,false,true,21,4672608,1,0,5,0.185929536819458,0.0001785755157470703,21,222505.14285714287,0.6190476190476191,3,6,4,0,8,0,0,0,0,0,2
1182557,1182607,worker,334.6628427505493,False,hdf5,h5_tr_209.py,209,stream,M2,256,1,64,/pscratch/sd/s/satt/sprints/data/converted_10M/mc_normalized_rntuple_10M_29.h5,,auto,,5000,,,,,,,false,true,21,4672608,1,0,5,0.010906219482421875,0.00014066696166992188,21,222505.14285714287,0.6190476190476191,3,6,4,0,8,0,0,0,0,0,2
1182557,1182608,worker,334.6534106731415,False,hdf5,h5_tr_209.py,209,stream,M2,256,1,64,/pscratch/sd/s/satt/sprints/data/converted_10M/mc_normalized_rntuple_10M_29.h5,,auto,,5000,,,,,,,false,true,19,3507568,1,0,5,0.18785667419433594,0.00014472007751464844,19,184608.84210526315,0.6842105263157895,3,6,4,0,6,0,0,0,0,0,2
1182557,1182609,worker,334.6473195552826,False,hdf5,h5_tr_209.py,209,stream,M2,256,1,64,/pscratch/sd/s/satt/sprints/data/converted_10M/mc_normalized_rntuple_10M_29.h5,,auto,,5000,,,,,,,false,true,21,4672608,1,0,5,0.12489891052246094,0.00015091896057128906,21,222505.14285714287,0.6190476190476191,3,6,4,0,8,0,0,0,0,0,2
1182557,1182610,worker,334.6521370410919,False,hdf5,h5_tr_209.py,209,stream,M2,256,1,64,/pscratch/sd/s/satt/sprints/data/converted_10M/mc_normalized_rntuple_10M_29.h5,,auto,,5000,,,,,,,false,true,21,4672608,1,0,5,0.166121244430542,0.00015926361083984375,21,222505.14285714287,0.6190476190476191,3,6,4,0,8,0,0,0,0,0,2
1182557,1182611,worker,334.6380515098572,False,hdf5,h5_tr_209.py,209,stream,M2,256,1,64,/pscratch/sd/s/satt/sprints/data/converted_10M/mc_normalized_rntuple_10M_29.h5,,auto,,5000,,,,,,,false,true,19,3507568,1,0,5,0.19002103805541992,0.00013399124145507812,19,184608.84210526315,0.6842105263157895,3,6,4,0,6,0,0,0,0,0,2
1182557,1182612,worker,334.6351697444916,False,hdf5,h5_tr_209.py,209,stream,M2,256,1,64,/pscratch/sd/s/satt/sprints/data/converted_10M/mc_normalized_rntuple_10M_29.h5,,auto,,5000,,,,,,,false,true,21,4672608,1,0,5,0.18018317222595215,0.0001342296600341797,21,222505.14285714287,0.6190476190476191,3,6,4,0,8,0,0,0,0,0,2
1182557,1182613,worker,334.6249454021454,False,hdf5,h5_tr_209.py,209,stream,M2,256,1,64,/pscratch/sd/s/satt/sprints/data/converted_10M/mc_normalized_rntuple_10M_29.h5,,auto,,5000,,,,,,,false,true,21,4672608,1,0,5,0.010567426681518555,0.00014543533325195312,21,222505.14285714287,0.6190476190476191,3,6,4,0,8,0,0,0,0,0,2
1182557,1182614,worker,334.6357979774475,False,hdf5,h5_tr_209.py,209,stream,M2,256,1,64,/pscratch/sd/s/satt/sprints/data/converted_10M/mc_normalized_rntuple_10M_29.h5,,auto,,5000,,,,,,,false,true,19,3507568,1,0,5,0.18372583389282227,0.00014734268188476562,19,184608.84210526315,0.6842105263157895,3,6,4,0,6,0,0,0,0,0,2
1182557,1182615,worker,334.6144952774048,False,hdf5,h5_tr_209.py,209,stream,M2,256,1,64,/pscratch/sd/s/satt/sprints/data/converted_10M/mc_normalized_rntuple_10M_29.h5,,auto,,5000,,,,,,,false,true,21,4672608,1,0,5,0.18708539009094238,0.0001442432403564453,21,222505.14285714287,0.6190476190476191,3,6,4,0,8,0,0,0,0,0,2
1182557,1182616,worker,334.61273646354675,False,hdf5,h5_tr_209.py,209,stream,M2,256,1,64,/pscratch/sd/s/satt/sprints/data/converted_10M/mc_normalized_rntuple_10M_29.h5,,auto,,5000,,,,,,,false,true,21,4672608,1,0,5,0.011317729949951172,0.0001285076141357422,21,222505.14285714287,0.6190476190476191,3,6,4,0,8,0,0,0,0,0,2
1182557,1182617,worker,334.6043210029602,False,hdf5,h5_tr_209.py,209,stream,M2,256,1,64,/pscratch/sd/s/satt/sprints/data/converted_10M/mc_normalized_rntuple_10M_29.h5,,auto,,5000,,,,,,,false,true,19,3507568,1,0,5,0.12424206733703613,0.00012922286987304688,19,184608.84210526315,0.6842105263157895,3,6,4,0,6,0,0,0,0,0,2
1182557,1182618,worker,334.5970423221588,False,hdf5,h5_tr_209.py,209,stream,M2,256,1,64,/pscratch/sd/s/satt/sprints/data/converted_10M/mc_normalized_rntuple_10M_29.h5,,auto,,5000,,,,,,,false,true,21,4672608,1,0,5,0.1458418369293213,0.00013637542724609375,21,222505.14285714287,0.6190476190476191,3,6,4,0,8,0,0,0,0,0,2
1182557,1182619,worker,334.6025128364563,False,hdf5,h5_tr_209.py,209,stream,M2,256,1,64,/pscratch/sd/s/satt/sprints/data/converted_10M/mc_normalized_rntuple_10M_29.h5,,auto,,5000,,,,,,,false,true,21,4672608,1,0,5,0.14108610153198242,0.00013017654418945312,21,222505.14285714287,0.6190476190476191,3,6,4,0,8,0,0,0,0,0,2
1182557,1182620,worker,334.58692955970764,False,hdf5,h5_tr_209.py,209,stream,M2,256,1,64,/pscratch/sd/s/satt/sprints/data/converted_10M/mc_normalized_rntuple_10M_29.h5,,auto,,5000,,,,,,,false,true,19,3507568,1,0,5,0.18245244026184082,0.00016355514526367188,19,184608.84210526315,0.6842105263157895,3,6,4,0,6,0,0,0,0,0,2
1182557,1182621,worker,334.5854287147522,False,hdf5,h5_tr_209.py,209,stream,M2,256,1,64,/pscratch/sd/s/satt/sprints/data/converted_10M/mc_normalized_rntuple_10M_29.h5,,auto,,5000,,,,,,,false,true,21,4672608,1,0,5,0.14458823204040527,0.00013589859008789062,21,222505.14285714287,0.6190476190476191,3,6,4,0,8,0,0,0,0,0,2
1182557,1182622,worker,334.5853531360626,False,hdf5,h5_tr_209.py,209,stream,M2,256,1,64,/pscratch/sd/s/satt/sprints/data/converted_10M/mc_normalized_rntuple_10M_29.h5,,auto,,5000,,,,,,,false,true,23,4677320,1,0,5,0.14947175979614258,0.00013971328735351562,23,203361.73913043478,0.6521739130434783,3,6,6,0,8,0,0,0,0,0,2
1182557,1182623,worker,334.5744352340698,False,hdf5,h5_tr_209.py,209,stream,M2,256,1,64,/pscratch/sd/s/satt/sprints/data/converted_10M/mc_normalized_rntuple_10M_29.h5,,auto,,5000,,,,,,,false,true,21,4672608,1,0,5,0.13929986953735352,0.00014281272888183594,21,222505.14285714287,0.6190476190476191,3,6,4,0,8,0,0,0,0,0,2
1182557,1182624,worker,334.56760835647583,False,hdf5,h5_tr_209.py,209,stream,M2,256,1,64,/pscratch/sd/s/satt/sprints/data/converted_10M/mc_normalized_rntuple_10M_29.h5,,auto,,5000,,,,,,,false,true,19,3507568,1,0,5,0.061212778091430664,0.00019669532775878906,19,184608.84210526315,0.6842105263157895,3,6,4,0,6,0,0,0,0,0,2
1182557,1182625,worker,334.5595064163208,False,hdf5,h5_tr_209.py,209,stream,M2,256,1,64,/pscratch/sd/s/satt/sprints/data/converted_10M/mc_normalized_rntuple_10M_29.h5,,auto,,5000,,,,,,,false,true,21,4672608,1,0,5,0.18096923828125,0.00014066696166992188,21,222505.14285714287,0.6190476190476191,3,6,4,0,8,0,0,0,0,0,2
1182557,1182626,worker,334.56378865242004,False,hdf5,h5_tr_209.py,209,stream,M2,256,1,64,/pscratch/sd/s/satt/sprints/data/converted_10M/mc_normalized_rntuple_10M_29.h5,,auto,,5000,,,,,,,false,true,21,4672608,1,0,5,0.14596867561340332,0.0001513957977294922,21,222505.14285714287,0.6190476190476191,3,6,4,0,8,0,0,0,0,0,2
1182557,1182627,worker,334.54749155044556,False,hdf5,h5_tr_209.py,209,stream,M2,256,1,64,/pscratch/sd/s/satt/sprints/data/converted_10M/mc_normalized_rntuple_10M_29.h5,,auto,,5000,,,,,,,false,true,19,3507568,1,0,5,0.13708114624023438,0.00015544891357421875,19,184608.84210526315,0.6842105263157895,3,6,4,0,6,0,0,0,0,0,2
1182557,1182628,worker,334.54697036743164,False,hdf5,h5_tr_209.py,209,stream,M2,256,1,64,/pscratch/sd/s/satt/sprints/data/converted_10M/mc_normalized_rntuple_10M_29.h5,,auto,,5000,,,,,,,false,true,21,4672608,1,0,5,0.04640483856201172,0.00013899803161621094,21,222505.14285714287,0.6190476190476191,3,6,4,0,8,0,0,0,0,0,2
1182557,1182629,worker,334.5362277030945,False,hdf5,h5_tr_209.py,209,stream,M2,256,1,64,/pscratch/sd/s/satt/sprints/data/converted_10M/mc_normalized_rntuple_10M_29.h5,,auto,,5000,,,,,,,false,true,21,4672608,1,0,5,0.18834447860717773,0.0001430511474609375,21,222505.14285714287,0.6190476190476191,3,6,4,0,8,0,0,0,0,0,2
1182557,1182630,worker,334.54857873916626,False,hdf5,h5_tr_209.py,209,stream,M2,256,1,64,/pscratch/sd/s/satt/sprints/data/converted_10M/mc_normalized_rntuple_10M_29.h5,,auto,,5000,,,,,,,false,true,19,3507568,1,0,5,0.14141631126403809,0.00014328956604003906,19,184608.84210526315,0.6842105263157895,3,6,4,0,6,0,0,0,0,0,2
1182557,1182631,worker,334.52510380744934,False,hdf5,h5_tr_209.py,209,stream,M2,256,1,64,/pscratch/sd/s/satt/sprints/data/converted_10M/mc_normalized_rntuple_10M_29.h5,,auto,,5000,,,,,,,false,true,21,4672608,1,0,5,0.15825319290161133,0.0001323223114013672,21,222505.14285714287,0.6190476190476191,3,6,4,0,8,0,0,0,0,0,2
1182557,1182632,worker,334.51882314682007,False,hdf5,h5_tr_209.py,209,stream,M2,256,1,64,/pscratch/sd/s/satt/sprints/data/converted_10M/mc_normalized_rntuple_10M_29.h5,,auto,,5000,,,,,,,false,true,21,4672608,1,0,5,0.04573345184326172,0.00013518333435058594,21,222505.14285714287,0.6190476190476191,3,6,4,0,8,0,0,0,0,0,2
1182557,1182633,worker,334.5171799659729,False,hdf5,h5_tr_209.py,209,stream,M2,256,1,64,/pscratch/sd/s/satt/sprints/data/converted_10M/mc_normalized_rntuple_10M_29.h5,,auto,,5000,,,,,,,false,true,19,3507568,1,0,5,0.11992645263671875,0.0001442432403564453,19,184608.84210526315,0.6842105263157895,3,6,4,0,6,0,0,0,0,0,2
1182557,1182634,worker,334.51308608055115,False,hdf5,h5_tr_209.py,209,stream,M2,256,1,64,/pscratch/sd/s/satt/sprints/data/converted_10M/mc_normalized_rntuple_10M_29.h5,,auto,,5000,,,,,,,false,true,21,4672608,1,0,5,0.14737391471862793,0.00014472007751464844,21,222505.14285714287,0.6190476190476191,3,6,4,0,8,0,0,0,0,0,2
1182557,1182635,worker,334.50242280960083,False,hdf5,h5_tr_209.py,209,stream,M2,256,1,64,/pscratch/sd/s/satt/sprints/data/converted_10M/mc_normalized_rntuple_10M_29.h5,,auto,,5000,,,,,,,false,true,21,4672608,1,0,5,0.16112995147705078,0.0001289844512939453,21,222505.14285714287,0.6190476190476191,3,6,4,0,8,0,0,0,0,0,2
1182557,1182636,worker,334.49680948257446,False,hdf5,h5_tr_209.py,209,stream,M2,256,1,64,/pscratch/sd/s/satt/sprints/data/converted_10M/mc_normalized_rntuple_10M_29.h5,,auto,,5000,,,,,,,false,true,19,3507568,1,0,5,0.18409156799316406,0.0001461505889892578,19,184608.84210526315,0.6842105263157895,3,6,4,0,6,0,0,0,0,0,2
1182557,1182637,worker,334.4961025714874,False,hdf5,h5_tr_209.py,209,stream,M2,256,1,64,/pscratch/sd/s/satt/sprints/data/converted_10M/mc_normalized_rntuple_10M_29.h5,,auto,,5000,,,,,,,false,true,21,4672608,1,0,5,0.045998334884643555,0.00013017654418945312,21,222505.14285714287,0.6190476190476191,3,6,4,0,8,0,0,0,0,0,2
1182557,1182638,worker,334.485787153244,False,hdf5,h5_tr_209.py,209,stream,M2,256,1,64,/pscratch/sd/s/satt/sprints/data/converted_10M/mc_normalized_rntuple_10M_29.h5,,auto,,5000,,,,,,,false,true,21,4672608,1,0,5,0.18602204322814941,0.00013375282287597656,21,222505.14285714287,0.6190476190476191,3,6,4,0,8,0,0,0,0,0,2
1182557,1182639,worker,334.48880982398987,False,hdf5,h5_tr_209.py,209,stream,M2,256,1,64,/pscratch/sd/s/satt/sprints/data/converted_10M/mc_normalized_rntuple_10M_29.h5,,auto,,5000,,,,,,,false,true,19,3507568,1,0,5,0.18445920944213867,0.00012135505676269531,19,184608.84210526315,0.6842105263157895,3,6,4,0,6,0,0,0,0,0,2
1182557,1182640,worker,334.47287225723267,False,hdf5,h5_tr_209.py,209,stream,M2,256,1,64,/pscratch/sd/s/satt/sprints/data/converted_10M/mc_normalized_rntuple_10M_29.h5,,auto,,5000,,,,,,,false,true,21,4672608,1,0,5,0.140730619430542,0.00014019012451171875,21,222505.14285714287,0.6190476190476191,3,6,4,0,8,0,0,0,0,0,2
1182557,1182641,worker,334.4710133075714,False,hdf5,h5_tr_209.py,209,stream,M2,256,1,64,/pscratch/sd/s/satt/sprints/data/converted_10M/mc_normalized_rntuple_10M_29.h5,,auto,,5000,,,,,,,false,true,21,4672608,1,0,5,0.18444371223449707,0.0001285076141357422,21,222505.14285714287,0.6190476190476191,3,6,4,0,8,0,0,0,0,0,2
1182557,1182642,worker,334.46256041526794,False,hdf5,h5_tr_209.py,209,stream,M2,256,1,64,/pscratch/sd/s/satt/sprints/data/converted_10M/mc_normalized_rntuple_10M_29.h5,,auto,,5000,,,,,,,false,true,19,3507568,1,0,5,0.13539671897888184,0.00014257431030273438,19,184608.84210526315,0.6842105263157895,3,6,4,0,6,0,0,0,0,0,2
1182557,1182643,worker,334.45568895339966,False,hdf5,h5_tr_209.py,209,stream,M2,256,1,64,/pscratch/sd/s/satt/sprints/data/converted_10M/mc_normalized_rntuple_10M_29.h5,,auto,,5000,,,,,,,false,true,23,4677320,1,0,5,0.18614983558654785,0.00013685226440429688,23,203361.73913043478,0.6521739130434783,3,6,6,0,8,0,0,0,0,0,2
1182557,1182644,worker,334.45058846473694,False,hdf5,h5_tr_209.py,209,stream,M2,256,1,64,/pscratch/sd/s/satt/sprints/data/converted_10M/mc_normalized_rntuple_10M_29.h5,,auto,,5000,,,,,,,false,true,21,4672608,1,0,5,0.18459105491638184,0.00012755393981933594,21,222505.14285714287,0.6190476190476191,3,6,4,0,8,0,0,0,0,0,2
1182557,1182645,worker,334.44953966140747,False,hdf5,h5_tr_209.py,209,stream,M2,256,1,64,/pscratch/sd/s/satt/sprints/data/converted_10M/mc_normalized_rntuple_10M_29.h5,,auto,,5000,,,,,,,false,true,21,4672608,1,0,5,0.14656567573547363,0.0001308917999267578,21,222505.14285714287,0.6190476190476191,3,6,4,0,8,0,0,0,0,0,2
1182557,1182646,worker,334.4395456314087,False,hdf5,h5_tr_209.py,209,stream,M2,256,1,64,/pscratch/sd/s/satt/sprints/data/converted_10M/mc_normalized_rntuple_10M_29.h5,,auto,,5000,,,,,,,false,true,19,3507568,1,0,5,0.13679075241088867,0.0001342296600341797,19,184608.84210526315,0.6842105263157895,3,6,4,0,6,0,0,0,0,0,2
1182557,1182647,worker,334.44179821014404,False,hdf5,h5_tr_209.py,209,stream,M2,256,1,64,/pscratch/sd/s/satt/sprints/data/converted_10M/mc_normalized_rntuple_10M_29.h5,,auto,,5000,,,,,,,false,true,21,4672608,1,0,5,0.17955708503723145,0.00013637542724609375,21,222505.14285714287,0.6190476190476191,3,6,4,0,8,0,0,0,0,0,2
1182557,1182648,worker,334.4273633956909,False,hdf5,h5_tr_209.py,209,stream,M2,256,1,64,/pscratch/sd/s/satt/sprints/data/converted_10M/mc_normalized_rntuple_10M_29.h5,,auto,,5000,,,,,,,false,true,21,4672608,1,0,5,0.13529157638549805,0.00014162063598632812,21,222505.14285714287,0.6190476190476191,3,6,4,0,8,0,0,0,0,0,2
1182557,1182649,worker,334.42163157463074,False,hdf5,h5_tr_209.py,209,stream,M2,256,1,64,/pscratch/sd/s/satt/sprints/data/converted_10M/mc_normalized_rntuple_10M_29.h5,,auto,,5000,,,,,,,false,true,19,3507568,1,0,5,0.1785738468170166,0.0001499652862548828,19,184608.84210526315,0.6842105263157895,3,6,4,0,6,0,0,0,0,0,2
1182557,1182650,worker,334.4190320968628,False,hdf5,h5_tr_209.py,209,stream,M2,256,1,64,/pscratch/sd/s/satt/sprints/data/converted_10M/mc_normalized_rntuple_10M_29.h5,,auto,,5000,,,,,,,false,true,21,4672608,1,0,5,0.18998074531555176,0.0001430511474609375,21,222505.14285714287,0.6190476190476191,3,6,4,0,8,0,0,0,0,0,2
1182557,1182651,worker,334.41344141960144,False,hdf5,h5_tr_209.py,209,stream,M2,256,1,64,/pscratch/sd/s/satt/sprints/data/converted_10M/mc_normalized_rntuple_10M_29.h5,,auto,,5000,,,,,,,false,true,21,4672608,1,0,5,0.17911100387573242,0.0001456737518310547,21,222505.14285714287,0.6190476190476191,3,6,4,0,8,0,0,0,0,0,2
1182557,1182652,worker,334.4047315120697,False,hdf5,h5_tr_209.py,209,stream,M2,256,1,64,/pscratch/sd/s/satt/sprints/data/converted_10M/mc_normalized_rntuple_10M_29.h5,,auto,,5000,,,,,,,false,true,19,3507568,1,0,5,0.1839141845703125,0.0001583099365234375,19,184608.84210526315,0.6842105263157895,3,6,4,0,6,0,0,0,0,0,2
1182557,1182653,worker,334.39928436279297,False,hdf5,h5_tr_209.py,209,stream,M2,256,1,64,/pscratch/sd/s/satt/sprints/data/converted_10M/mc_normalized_rntuple_10M_29.h5,,auto,,5000,,,,,,,false,true,21,4672608,1,0,5,0.18025517463684082,0.00015592575073242188,21,222505.14285714287,0.6190476190476191,3,6,4,0,8,0,0,0,0,0,2
1182557,1182654,worker,334.39212679862976,False,hdf5,h5_tr_209.py,209,stream,M2,256,1,64,/pscratch/sd/s/satt/sprints/data/converted_10M/mc_normalized_rntuple_10M_29.h5,,auto,,5000,,,,,,,false,true,21,4672608,1,0,5,0.18507075309753418,0.0001544952392578125,21,222505.14285714287,0.6190476190476191,3,6,4,0,8,0,0,0,0,0,2
1182557,1182655,worker,334.39592266082764,False,hdf5,h5_tr_209.py,209,stream,M2,256,1,64,/pscratch/sd/s/satt/sprints/data/converted_10M/mc_normalized_rntuple_10M_29.h5,,auto,,5000,,,,,,,false,true,19,3507568,1,0,5,0.18153643608093262,0.00012922286987304688,19,184608.84210526315,0.6842105263157895,3,6,4,0,6,0,0,0,0,0,2
1182557,1182656,worker,334.3804681301117,False,hdf5,h5_tr_209.py,209,stream,M2,256,1,64,/pscratch/sd/s/satt/sprints/data/converted_10M/mc_normalized_rntuple_10M_29.h5,,auto,,5000,,,,,,,false,true,21,4672608,1,0,5,0.18889999389648438,0.00014591217041015625,21,222505.14285714287,0.6190476190476191,3,6,4,0,8,0,0,0,0,0,2
1182557,1182657,worker,334.3774104118347,False,hdf5,h5_tr_209.py,209,stream,M2,256,1,64,/pscratch/sd/s/satt/sprints/data/converted_10M/mc_normalized_rntuple_10M_29.h5,,auto,,5000,,,,,,,false,true,21,4672608,1,0,5,0.18703818321228027,0.00014257431030273438,21,222505.14285714287,0.6190476190476191,3,6,4,0,8,0,0,0,0,0,2
1182557,1182658,worker,334.38175106048584,False,hdf5,h5_tr_209.py,209,stream,M2,256,1,64,/pscratch/sd/s/satt/sprints/data/converted_10M/mc_normalized_rntuple_10M_29.h5,,auto,,5000,,,,,,,false,true,19,3507568,1,0,5,0.18727660179138184,0.00016498565673828125,19,184608.84210526315,0.6842105263157895,3,6,4,0,6,0,0,0,0,0,2
1182557,1182659,worker,334.3642771244049,False,hdf5,h5_tr_209.py,209,stream,M2,256,1,64,/pscratch/sd/s/satt/sprints/data/converted_10M/mc_normalized_rntuple_10M_29.h5,,auto,,5000,,,,,,,false,true,21,4672608,1,0,5,0.18351364135742188,0.0001475811004638672,21,222505.14285714287,0.6190476190476191,3,6,4,0,8,0,0,0,0,0,2
1182557,1182660,worker,334.36099767684937,False,hdf5,h5_tr_209.py,209,stream,M2,256,1,64,/pscratch/sd/s/satt/sprints/data/converted_10M/mc_normalized_rntuple_10M_29.h5,,auto,,5000,,,,,,,false,true,21,4672608,1,0,5,0.17822003364562988,0.00014257431030273438,21,222505.14285714287,0.6190476190476191,3,6,4,0,8,0,0,0,0,0,2
1182557,1182661,worker,334.3512511253357,False,hdf5,h5_tr_209.py,209,stream,M2,256,1,64,/pscratch/sd/s/satt/sprints/data/converted_10M/mc_normalized_rntuple_10M_29.h5,,auto,,5000,,,,,,,false,true,19,3507568,1,0,5,0.18181991577148438,0.0001480579376220703,19,184608.84210526315,0.6842105263157895,3,6,4,0,6,0,0,0,0,0,2
1182557,1182662,worker,334.34558057785034,False,hdf5,h5_tr_209.py,209,stream,M2,256,1,64,/pscratch/sd/s/satt/sprints/data/converted_10M/mc_normalized_rntuple_10M_29.h5,,auto,,5000,,,,,,,false,true,21,4672608,1,0,5,0.18008685111999512,0.00013375282287597656,21,222505.14285714287,0.6190476190476191,3,6,4,0,8,0,0,0,0,0,2
1182557,1182663,worker,334.3444871902466,False,hdf5,h5_tr_209.py,209,stream,M2,256,1,64,/pscratch/sd/s/satt/sprints/data/converted_10M/mc_normalized_rntuple_10M_29.h5,,auto,,5000,,,,,,,false,true,21,4672608,1,0,5,0.19184350967407227,0.0001742839813232422,21,222505.14285714287,0.6190476190476191,3,6,4,0,8,0,0,0,0,0,2
1182557,1182664,worker,334.3337984085083,False,hdf5,h5_tr_209.py,209,stream,M2,256,1,64,/pscratch/sd/s/satt/sprints/data/converted_10M/mc_normalized_rntuple_10M_29.h5,,auto,,5000,,,,,,,false,true,19,3507568,1,0,5,0.1849210262298584,0.00013446807861328125,19,184608.84210526315,0.6842105263157895,3,6,4,0,6,0,0,0,0,0,2
1182557,1182665,worker,334.32926058769226,False,hdf5,h5_tr_209.py,209,stream,M2,256,1,64,/pscratch/sd/s/satt/sprints/data/converted_10M/mc_normalized_rntuple_10M_29.h5,,auto,,5000,,,,,,,false,true,23,4677320,1,0,5,0.1857757568359375,0.00014972686767578125,23,203361.73913043478,0.6521739130434783,3,6,6,0,8,0,0,0,0,0,2
1182557,1182666,worker,334.33093523979187,False,hdf5,h5_tr_209.py,209,stream,M2,256,1,64,/pscratch/sd/s/satt/sprints/data/converted_10M/mc_normalized_rntuple_10M_29.h5,,auto,,5000,,,,,,,false,true,21,4672608,1,0,5,0.18182849884033203,0.00013756752014160156,21,222505.14285714287,0.6190476190476191,3,6,4,0,8,0,0,0,0,0,2
1182557,1182667,worker,334.32180547714233,False,hdf5,h5_tr_209.py,209,stream,M2,256,1,64,/pscratch/sd/s/satt/sprints/data/converted_10M/mc_normalized_rntuple_10M_29.h5,,auto,,5000,,,,,,,false,true,21,4672608,1,0,5,0.1827409267425537,0.0001575946807861328,21,222505.14285714287,0.6190476190476191,3,6,4,0,8,0,0,0,0,0,2
1182557,1182668,worker,334.3283898830414,False,hdf5,h5_tr_209.py,209,stream,M2,256,1,64,/pscratch/sd/s/satt/sprints/data/converted_10M/mc_normalized_rntuple_10M_29.h5,,auto,,5000,,,,,,,false,true,19,3507568,1,0,5,0.17894864082336426,0.0001513957977294922,19,184608.84210526315,0.6842105263157895,3,6,4,0,6,0,0,0,0,0,2
1182557,1182669,worker,334.3052091598511,False,hdf5,h5_tr_209.py,209,stream,M2,256,1,64,/pscratch/sd/s/satt/sprints/data/converted_10M/mc_normalized_rntuple_10M_29.h5,,auto,,5000,,,,,,,false,true,21,4672608,1,0,5,0.17902779579162598,0.00016450881958007812,21,222505.14285714287,0.6190476190476191,3,6,4,0,8,0,0,0,0,0,2
1182557,1182670,worker,334.29951763153076,False,hdf5,h5_tr_209.py,209,stream,M2,256,1,64,/pscratch/sd/s/satt/sprints/data/converted_10M/mc_normalized_rntuple_10M_29.h5,,auto,,5000,,,,,,,false,true,21,4672608,1,0,5,0.18476653099060059,0.00015854835510253906,21,222505.14285714287,0.6190476190476191,3,6,4,0,8,0,0,0,0,0,2
1182557,1182671,worker,334.29477763175964,False,hdf5,h5_tr_209.py,209,stream,M2,256,1,64,/pscratch/sd/s/satt/sprints/data/converted_10M/mc_normalized_rntuple_10M_29.h5,,auto,,5000,,,,,,,false,true,19,3507568,1,0,5,0.17536592483520508,0.00017595291137695312,19,184608.84210526315,0.6842105263157895,3,6,4,0,6,0,0,0,0,0,2
1182557,1182672,worker,334.29243683815,False,hdf5,h5_tr_209.py,209,stream,M2,256,1,64,/pscratch/sd/s/satt/sprints/data/converted_10M/mc_normalized_rntuple_10M_29.h5,,auto,,5000,,,,,,,false,true,21,4672608,1,0,5,0.17083477973937988,0.0001552104949951172,21,222505.14285714287,0.6190476190476191,3,6,4,0,8,0,0,0,0,0,2
1182557,1182673,worker,334.2820873260498,False,hdf5,h5_tr_209.py,209,stream,M2,256,1,64,/pscratch/sd/s/satt/sprints/data/converted_10M/mc_normalized_rntuple_10M_29.h5,,auto,,5000,,,,,,,false,true,21,4672608,1,0,5,0.17580604553222656,0.00016164779663085938,21,222505.14285714287,0.6190476190476191,3,6,4,0,8,0,0,0,0,0,2
1182557,1182674,worker,334.27685809135437,False,hdf5,h5_tr_209.py,209,stream,M2,256,1,64,/pscratch/sd/s/satt/sprints/data/converted_10M/mc_normalized_rntuple_10M_29.h5,,auto,,5000,,,,,,,false,true,19,3507568,1,0,5,0.1743021011352539,0.000152587890625,19,184608.84210526315,0.6842105263157895,3,6,4,0,6,0,0,0,0,0,2
1182557,1182675,worker,334.2756316661835,False,hdf5,h5_tr_209.py,209,stream,M2,256,1,64,/pscratch/sd/s/satt/sprints/data/converted_10M/mc_normalized_rntuple_10M_29.h5,,auto,,5000,,,,,,,false,true,21,4672608,1,0,5,0.1809680461883545,0.00015974044799804688,21,222505.14285714287,0.6190476190476191,3,6,4,0,8,0,0,0,0,0,2
1182557,1182676,worker,334.2740786075592,False,hdf5,h5_tr_209.py,209,stream,M2,256,1,64,/pscratch/sd/s/satt/sprints/data/converted_10M/mc_normalized_rntuple_10M_29.h5,,auto,,5000,,,,,,,false,true,21,4672608,1,0,5,0.18159151077270508,0.00014066696166992188,21,222505.14285714287,0.6190476190476191,3,6,4,0,8,0,0,0,0,0,2
1182557,1182677,worker,334.25882506370544,False,hdf5,h5_tr_209.py,209,stream,M2,256,1,64,/pscratch/sd/s/satt/sprints/data/converted_10M/mc_normalized_rntuple_10M_29.h5,,auto,,5000,,,,,,,false,true,19,3507568,1,0,5,0.17556071281433105,0.0001647472381591797,19,184608.84210526315,0.6842105263157895,3,6,4,0,6,0,0,0,0,0,2
1182557,1182678,worker,334.25417852401733,False,hdf5,h5_tr_209.py,209,stream,M2,256,1,64,/pscratch/sd/s/satt/sprints/data/converted_10M/mc_normalized_rntuple_10M_29.h5,,auto,,5000,,,,,,,false,true,21,4672608,1,0,5,0.18430852890014648,0.00016570091247558594,21,222505.14285714287,0.6190476190476191,3,6,4,0,8,0,0,0,0,0,2
1182557,1182679,worker,334.2523407936096,False,hdf5,h5_tr_209.py,209,stream,M2,256,1,64,/pscratch/sd/s/satt/sprints/data/converted_10M/mc_normalized_rntuple_10M_29.h5,,auto,,5000,,,,,,,false,true,21,4672608,1,0,5,0.18559980392456055,0.00015783309936523438,21,222505.14285714287,0.6190476190476191,3,6,4,0,8,0,0,0,0,0,2
1182557,1182680,worker,334.24188804626465,False,hdf5,h5_tr_209.py,209,stream,M2,256,1,64,/pscratch/sd/s/satt/sprints/data/converted_10M/mc_normalized_rntuple_10M_29.h5,,auto,,5000,,,,,,,false,true,19,3507568,1,0,5,0.1781141757965088,0.0001766681671142578,19,184608.84210526315,0.6842105263157895,3,6,4,0,6,0,0,0,0,0,2
1182557,1182681,worker,334.23985505104065,False,hdf5,h5_tr_209.py,209,stream,M2,256,1,64,/pscratch/sd/s/satt/sprints/data/converted_10M/mc_normalized_rntuple_10M_29.h5,,auto,,5000,,,,,,,false,true,21,4672608,1,0,5,0.17539477348327637,0.00014448165893554688,21,222505.14285714287,0.6190476190476191,3,6,4,0,8,0,0,0,0,0,2
1182557,1182682,worker,334.23916602134705,False,hdf5,h5_tr_209.py,209,stream,M2,256,1,64,/pscratch/sd/s/satt/sprints/data/converted_10M/mc_normalized_rntuple_10M_29.h5,,auto,,5000,,,,,,,false,true,21,4672608,1,0,5,0.1778240203857422,0.0001690387725830078,21,222505.14285714287,0.6190476190476191,3,6,4,0,8,0,0,0,0,0,2
1182557,1182683,worker,334.22556614875793,False,hdf5,h5_tr_209.py,209,stream,M2,256,1,64,/pscratch/sd/s/satt/sprints/data/converted_10M/mc_normalized_rntuple_10M_29.h5,,auto,,5000,,,,,,,false,true,19,3507568,1,0,5,0.17378735542297363,0.00017070770263671875,19,184608.84210526315,0.6842105263157895,3,6,4,0,6,0,0,0,0,0,2
1182557,1182684,worker,334.2243616580963,False,hdf5,h5_tr_209.py,209,stream,M2,256,1,64,/pscratch/sd/s/satt/sprints/data/converted_10M/mc_normalized_rntuple_10M_29.h5,,auto,,5000,,,,,,,false,true,21,4672608,1,0,5,0.1813497543334961,0.0001735687255859375,21,222505.14285714287,0.6190476190476191,3,6,4,0,8,0,0,0,0,0,2
1182557,1182685,worker,334.21715927124023,False,hdf5,h5_tr_209.py,209,stream,M2,256,1,64,/pscratch/sd/s/satt/sprints/data/converted_10M/mc_normalized_rntuple_10M_29.h5,,auto,,5000,,,,,,,false,true,21,4672608,1,0,5,0.1778552532196045,0.0001506805419921875,21,222505.14285714287,0.6190476190476191,3,6,4,0,8,0,0,0,0,0,2
1182557,1182686,worker,334.20795011520386,False,hdf5,h5_tr_209.py,209,stream,M2,256,1,64,/pscratch/sd/s/satt/sprints/data/converted_10M/mc_normalized_rntuple_10M_29.h5,,auto,,5000,,,,,,,false,true,23,4677320,1,0,5,0.17814946174621582,0.00017142295837402344,23,203361.73913043478,0.6521739130434783,3,6,6,0,8,0,0,0,0,0,2
1182557,1182687,worker,334.202517747879,False,hdf5,h5_tr_209.py,209,stream,M2,256,1,64,/pscratch/sd/s/satt/sprints/data/converted_10M/mc_normalized_rntuple_10M_29.h5,,auto,,5000,,,,,,,false,true,19,3507568,1,0,5,0.173095703125,0.0001685619354248047,19,184608.84210526315,0.6842105263157895,3,6,4,0,6,0,0,0,0,0,2
1182557,1182688,worker,334.1956419944763,False,hdf5,h5_tr_209.py,209,stream,M2,256,1,64,/pscratch/sd/s/satt/sprints/data/converted_10M/mc_normalized_rntuple_10M_29.h5,,auto,,5000,,,,,,,false,true,21,4672608,1,0,5,0.1830306053161621,0.00018310546875,21,222505.14285714287,0.6190476190476191,3,6,4,0,8,0,0,0,0,0,2
1182557,1182689,worker,334.1933569908142,False,hdf5,h5_tr_209.py,209,stream,M2,256,1,64,/pscratch/sd/s/satt/sprints/data/converted_10M/mc_normalized_rntuple_10M_29.h5,,auto,,5000,,,,,,,false,true,21,4672608,1,0,5,0.1760408878326416,0.00019073486328125,21,222505.14285714287,0.6190476190476191,3,6,4,0,8,0,0,0,0,0,2
1182557,1182690,worker,334.1837885379791,False,hdf5,h5_tr_209.py,209,stream,M2,256,1,64,/pscratch/sd/s/satt/sprints/data/converted_10M/mc_normalized_rntuple_10M_29.h5,,auto,,5000,,,,,,,false,true,19,3507568,1,0,5,0.17130064964294434,0.0001804828643798828,19,184608.84210526315,0.6842105263157895,3,6,4,0,6,0,0,0,0,0,2
1182557,1182691,worker,334.19249510765076,False,hdf5,h5_tr_209.py,209,stream,M2,256,1,64,/pscratch/sd/s/satt/sprints/data/converted_10M/mc_normalized_rntuple_10M_29.h5,,auto,,5000,,,,,,,false,true,21,4672608,1,0,5,0.17563605308532715,0.000171661376953125,21,222505.14285714287,0.6190476190476191,3,6,4,0,8,0,0,0,0,0,2
1182557,1182692,worker,334.1697313785553,False,hdf5,h5_tr_209.py,209,stream,M2,256,1,64,/pscratch/sd/s/satt/sprints/data/converted_10M/mc_normalized_rntuple_10M_29.h5,,auto,,5000,,,,,,,false,true,21,4672608,1,0,5,0.16880273818969727,0.00016307830810546875,21,222505.14285714287,0.6190476190476191,3,6,4,0,8,0,0,0,0,0,2
1182557,1182693,worker,334.16724610328674,False,hdf5,h5_tr_209.py,209,stream,M2,256,1,64,/pscratch/sd/s/satt/sprints/data/converted_10M/mc_normalized_rntuple_10M_29.h5,,auto,,5000,,,,,,,false,true,19,3507568,1,0,5,0.18018722534179688,0.00017762184143066406,19,184608.84210526315,0.6842105263157895,3,6,4,0,6,0,0,0,0,0,2
1182557,1182694,worker,334.16500329971313,False,hdf5,h5_tr_209.py,209,stream,M2,256,1,64,/pscratch/sd/s/satt/sprints/data/converted_10M/mc_normalized_rntuple_10M_29.h5,,auto,,5000,,,,,,,false,true,21,4672608,1,0,5,0.18211579322814941,0.00015306472778320312,21,222505.14285714287,0.6190476190476191,3,6,4,0,8,0,0,0,0,0,2
1182557,1182695,worker,334.1631488800049,False,hdf5,h5_tr_209.py,209,stream,M2,256,1,64,/pscratch/sd/s/satt/sprints/data/converted_10M/mc_normalized_rntuple_10M_29.h5,,auto,,5000,,,,,,,false,true,21,4672608,1,0,5,0.17016863822937012,0.00016260147094726562,21,222505.14285714287,0.6190476190476191,3,6,4,0,8,0,0,0,0,0,2
1182557,1182696,worker,334.1499300003052,False,hdf5,h5_tr_209.py,209,stream,M2,256,1,64,/pscratch/sd/s/satt/sprints/data/converted_10M/mc_normalized_rntuple_10M_29.h5,,auto,,5000,,,,,,,false,true,19,3507568,1,0,5,0.16376209259033203,0.00019884109497070312,19,184608.84210526315,0.6842105263157895,3,6,4,0,6,0,0,0,0,0,2
1182557,1182697,worker,334.1439664363861,False,hdf5,h5_tr_209.py,209,stream,M2,256,1,64,/pscratch/sd/s/satt/sprints/data/converted_10M/mc_normalized_rntuple_10M_29.h5,,auto,,5000,,,,,,,false,true,21,4672608,1,0,5,0.17948698997497559,0.0001595020294189453,21,222505.14285714287,0.6190476190476191,3,6,4,0,8,0,0,0,0,0,2
1182557,1182698,worker,334.14073300361633,False,hdf5,h5_tr_209.py,209,stream,M2,256,1,64,/pscratch/sd/s/satt/sprints/data/converted_10M/mc_normalized_rntuple_10M_29.h5,,auto,,5000,,,,,,,false,true,21,4672608,1,0,5,0.17512035369873047,0.00015974044799804688,21,222505.14285714287,0.6190476190476191,3,6,4,0,8,0,0,0,0,0,2
1182557,1182699,worker,334.1317210197449,False,hdf5,h5_tr_209.py,209,stream,M2,256,1,64,/pscratch/sd/s/satt/sprints/data/converted_10M/mc_normalized_rntuple_10M_29.h5,,auto,,5000,,,,,,,false,true,19,3507568,1,0,5,0.1692979335784912,0.00018930435180664062,19,184608.84210526315,0.6842105263157895,3,6,4,0,6,0,0,0,0,0,2
1182557,1182700,worker,334.12553358078003,False,hdf5,h5_tr_209.py,209,stream,M2,256,1,64,/pscratch/sd/s/satt/sprints/data/converted_10M/mc_normalized_rntuple_10M_29.h5,,auto,,5000,,,,,,,false,true,21,4672608,1,0,5,0.17770814895629883,0.0001938343048095703,21,222505.14285714287,0.6190476190476191,3,6,4,0,8,0,0,0,0,0,2
1182557,1182701,worker,334.1237826347351,False,hdf5,h5_tr_209.py,209,stream,M2,256,1,64,/pscratch/sd/s/satt/sprints/data/converted_10M/mc_normalized_rntuple_10M_29.h5,,auto,,5000,,,,,,,false,true,21,4672608,1,0,5,0.17693090438842773,0.0001552104949951172,21,222505.14285714287,0.6190476190476191,3,6,4,0,8,0,0,0,0,0,2
1182557,1182702,worker,334.1141548156738,False,hdf5,h5_tr_209.py,209,stream,M2,256,1,64,/pscratch/sd/s/satt/sprints/data/converted_10M/mc_normalized_rntuple_10M_29.h5,,auto,,5000,,,,,,,false,true,19,3507568,1,0,5,0.17657065391540527,0.0002071857452392578,19,184608.84210526315,0.6842105263157895,3,6,4,0,6,0,0,0,0,0,2
1182557,1182703,worker,334.1131639480591,False,hdf5,h5_tr_209.py,209,stream,M2,256,1,64,/pscratch/sd/s/satt/sprints/data/converted_10M/mc_normalized_rntuple_10M_29.h5,,auto,,5000,,,,,,,false,true,21,4672608,1,0,5,0.17207670211791992,0.0001468658447265625,21,222505.14285714287,0.6190476190476191,3,6,4,0,8,0,0,0,0,0,2
1182557,1182704,worker,334.10285091400146,False,hdf5,h5_tr_209.py,209,stream,M2,256,1,64,/pscratch/sd/s/satt/sprints/data/converted_10M/mc_normalized_rntuple_10M_29.h5,,auto,,5000,,,,,,,false,true,21,4672608,1,0,5,0.17739105224609375,0.00013637542724609375,21,222505.14285714287,0.6190476190476191,3,6,4,0,8,0,0,0,0,0,2
1182557,1182705,worker,334.09601879119873,False,hdf5,h5_tr_209.py,209,stream,M2,256,1,64,/pscratch/sd/s/satt/sprints/data/converted_10M/mc_normalized_rntuple_10M_29.h5,,auto,,5000,,,,,,,false,true,19,3507568,1,0,5,0.1693706512451172,0.0001685619354248047,19,184608.84210526315,0.6842105263157895,3,6,4,0,6,0,0,0,0,0,2
1182557,1182706,worker,334.09928703308105,False,hdf5,h5_tr_209.py,209,stream,M2,256,1,64,/pscratch/sd/s/satt/sprints/data/converted_10M/mc_normalized_rntuple_10M_29.h5,,auto,,5000,,,,,,,false,true,21,4672608,1,0,5,0.16898202896118164,0.0001518726348876953,21,222505.14285714287,0.6190476190476191,3,6,4,0,8,0,0,0,0,0,2
1182557,1182707,worker,334.09721159935,False,hdf5,h5_tr_209.py,209,stream,M2,256,1,64,/pscratch/sd/s/satt/sprints/data/converted_10M/mc_normalized_rntuple_10M_29.h5,,auto,,5000,,,,,,,false,true,23,4677320,1,0,5,0.17003583908081055,0.00014448165893554688,23,203361.73913043478,0.6521739130434783,3,6,6,0,8,0,0,0,0,0,2
1182557,1182708,worker,334.07798743247986,False,hdf5,h5_tr_209.py,209,stream,M2,256,1,64,/pscratch/sd/s/satt/sprints/data/converted_10M/mc_normalized_rntuple_10M_29.h5,,auto,,5000,,,,,,,false,true,21,4672608,1,0,5,0.1881389617919922,0.00016188621520996094,21,222505.14285714287,0.6190476190476191,3,6,4,0,8,0,0,0,0,0,2
1182557,1182709,worker,334.0731587409973,False,hdf5,h5_tr_209.py,209,stream,M2,256,1,64,/pscratch/sd/s/satt/sprints/data/converted_10M/mc_normalized_rntuple_10M_29.h5,,auto,,5000,,,,,,,false,true,19,3507568,1,0,5,0.18350887298583984,0.0001633167266845703,19,184608.84210526315,0.6842105263157895,3,6,4,0,6,0,0,0,0,0,2
1182557,1182710,worker,334.06699895858765,False,hdf5,h5_tr_209.py,209,stream,M2,256,1,64,/pscratch/sd/s/satt/sprints/data/converted_10M/mc_normalized_rntuple_10M_29.h5,,auto,,5000,,,,,,,false,true,21,4672608,1,0,5,0.16692376136779785,0.00013446807861328125,21,222505.14285714287,0.6190476190476191,3,6,4,0,8,0,0,0,0,0,2
1182557,1182711,worker,334.0641932487488,False,hdf5,h5_tr_209.py,209,stream,M2,256,1,64,/pscratch/sd/s/satt/sprints/data/converted_10M/mc_normalized_rntuple_10M_29.h5,,auto,,5000,,,,,,,false,true,21,4672608,1,0,5,0.17413663864135742,0.0001461505889892578,21,222505.14285714287,0.6190476190476191,3,6,4,0,8,0,0,0,0,0,2
1182557,1182712,worker,334.0585503578186,False,hdf5,h5_tr_209.py,209,stream,M2,256,1,64,/pscratch/sd/s/satt/sprints/data/converted_10M/mc_normalized_rntuple_10M_29.h5,,auto,,5000,,,,,,,false,true,19,3507568,1,0,5,0.17175817489624023,0.00014972686767578125,19,184608.84210526315,0.6842105263157895,3,6,4,0,6,0,0,0,0,0,2
1182557,1182713,worker,334.04878187179565,False,hdf5,h5_tr_209.py,209,stream,M2,256,1,64,/pscratch/sd/s/satt/sprints/data/converted_10M/mc_normalized_rntuple_10M_29.h5,,auto,,5000,,,,,,,false,true,21,4672608,1,0,5,0.173112154006958,0.00014734268188476562,21,222505.14285714287,0.6190476190476191,3,6,4,0,8,0,0,0,0,0,2
1182557,1182714,worker,334.046756029129,False,hdf5,h5_tr_209.py,209,stream,M2,256,1,64,/pscratch/sd/s/satt/sprints/data/converted_10M/mc_normalized_rntuple_10M_29.h5,,auto,,5000,,,,,,,false,true,21,4672608,1,0,5,0.174041748046875,0.00016379356384277344,21,222505.14285714287,0.6190476190476191,3,6,4,0,8,0,0,0,0,0,2
1182557,1182715,worker,334.0368356704712,False,hdf5,h5_tr_209.py,209,stream,M2,256,1,64,/pscratch/sd/s/satt/sprints/data/converted_10M/mc_normalized_rntuple_10M_29.h5,,auto,,5000,,,,,,,false,true,19,3507568,1,0,5,0.1602632999420166,0.00015020370483398438,19,184608.84210526315,0.6842105263157895,3,6,4,0,6,0,0,0,0,0,2
1182557,1182716,worker,334.0317120552063,False,hdf5,h5_tr_209.py,209,stream,M2,256,1,64,/pscratch/sd/s/satt/sprints/data/converted_10M/mc_normalized_rntuple_10M_29.h5,,auto,,5000,,,,,,,false,true,21,4672608,1,0,5,0.17209506034851074,0.00016570091247558594,21,222505.14285714287,0.6190476190476191,3,6,4,0,8,0,0,0,0,0,2
1182557,1182717,worker,334.03230571746826,False,hdf5,h5_tr_209.py,209,stream,M2,256,1,64,/pscratch/sd/s/satt/sprints/data/converted_10M/mc_normalized_rntuple_10M_29.h5,,auto,,5000,,,,,,,false,true,21,4672608,1,0,5,0.17413902282714844,0.0001430511474609375,21,222505.14285714287,0.6190476190476191,3,6,4,0,8,0,0,0,0,0,2
1182557,1182718,worker,334.02270793914795,False,hdf5,h5_tr_209.py,209,stream,M2,256,1,64,/pscratch/sd/s/satt/sprints/data/converted_10M/mc_normalized_rntuple_10M_29.h5,,auto,,5000,,,,,,,false,true,19,3507568,1,0,5,0.16895723342895508,0.00014066696166992188,19,184608.84210526315,0.6842105263157895,3,6,4,0,6,0,0,0,0,0,2
1182557,1182719,worker,334.01306104660034,False,hdf5,h5_tr_209.py,209,stream,M2,256,1,64,/pscratch/sd/s/satt/sprints/data/converted_10M/mc_normalized_rntuple_10M_29.h5,,auto,,5000,,,,,,,false,true,21,4672608,1,0,5,0.17302989959716797,0.0001399517059326172,21,222505.14285714287,0.6190476190476191,3,6,4,0,8,0,0,0,0,0,2
1182557,1182720,worker,334.01565742492676,False,hdf5,h5_tr_209.py,209,stream,M2,256,1,64,/pscratch/sd/s/satt/sprints/data/converted_10M/mc_normalized_rntuple_10M_29.h5,,auto,,5000,,,,,,,false,true,21,4672608,1,0,5,0.16989493370056152,0.0001327991485595703,21,222505.14285714287,0.6190476190476191,3,6,4,0,8,0,0,0,0,0,2
1182557,1182721,worker,334.0004184246063,False,hdf5,h5_tr_209.py,209,stream,M2,256,1,64,/pscratch/sd/s/satt/sprints/data/converted_10M/mc_normalized_rntuple_10M_29.h5,,auto,,5000,,,,,,,false,true,19,3507568,1,0,5,0.16959524154663086,0.00013446807861328125,19,184608.84210526315,0.6842105263157895,3,6,4,0,6,0,0,0,0,0,2
1182557,1182722,worker,333.9986653327942,False,hdf5,h5_tr_209.py,209,stream,M2,256,1,64,/pscratch/sd/s/satt/sprints/data/converted_10M/mc_normalized_rntuple_10M_29.h5,,auto,,5000,,,,,,,false,true,21,4672608,1,0,5,0.18480491638183594,0.0001480579376220703,21,222505.14285714287,0.6190476190476191,3,6,4,0,8,0,0,0,0,0,2
1182557,1182723,worker,333.9889483451843,False,hdf5,h5_tr_209.py,209,stream,M2,256,1,64,/pscratch/sd/s/satt/sprints/data/converted_10M/mc_normalized_rntuple_10M_29.h5,,auto,,5000,,,,,,,false,true,21,4672608,1,0,5,0.16501116752624512,0.00015473365783691406,21,222505.14285714287,0.6190476190476191,3,6,4,0,8,0,0,0,0,0,2
1182557,1182724,worker,333.9877407550812,False,hdf5,h5_tr_209.py,209,stream,M2,256,1,64,/pscratch/sd/s/satt/sprints/data/converted_10M/mc_normalized_rntuple_10M_29.h5,,auto,,5000,,,,,,,false,true,19,3507568,1,0,5,0.1810448169708252,0.00015497207641601562,19,184608.84210526315,0.6842105263157895,3,6,4,0,6,0,0,0,0,0,2
1182557,1182725,worker,333.98494720458984,False,hdf5,h5_tr_209.py,209,stream,M2,256,1,64,/pscratch/sd/s/satt/sprints/data/converted_10M/mc_normalized_rntuple_10M_29.h5,,auto,,5000,,,,,,,false,true,21,4672608,1,0,5,0.1627345085144043,0.0001461505889892578,21,222505.14285714287,0.6190476190476191,3,6,4,0,8,0,0,0,0,0,2
1182557,1182726,worker,333.97552514076233,False,hdf5,h5_tr_209.py,209,stream,M2,256,1,64,/pscratch/sd/s/satt/sprints/data/converted_10M/mc_normalized_rntuple_10M_29.h5,,auto,,5000,,,,,,,false,true,21,4672608,1,0,5,0.1900169849395752,0.00015974044799804688,21,222505.14285714287,0.6190476190476191,3,6,4,0,8,0,0,0,0,0,2
1182557,1182727,worker,333.97375226020813,False,hdf5,h5_tr_209.py,209,stream,M2,256,1,64,/pscratch/sd/s/satt/sprints/data/converted_10M/mc_normalized_rntuple_10M_29.h5,,auto,,5000,,,,,,,false,true,19,3507568,1,0,5,0.16706299781799316,0.00014472007751464844,19,184608.84210526315,0.6842105263157895,3,6,4,0,6,0,0,0,0,0,2
1182557,1182728,worker,333.9599027633667,False,hdf5,h5_tr_209.py,209,stream,M2,256,1,64,/pscratch/sd/s/satt/sprints/data/converted_10M/mc_normalized_rntuple_10M_29.h5,,auto,,5000,,,,,,,false,true,23,4677320,1,0,5,0.1621990203857422,0.00013780593872070312,23,203361.73913043478,0.6521739130434783,3,6,6,0,8,0,0,0,0,0,2
1182557,1182729,worker,333.95659255981445,False,hdf5,h5_tr_209.py,209,stream,M2,256,1,64,/pscratch/sd/s/satt/sprints/data/converted_10M/mc_normalized_rntuple_10M_29.h5,,auto,,5000,,,,,,,false,true,21,4672608,1,0,5,0.17113018035888672,0.000156402587890625,21,222505.14285714287,0.6190476190476191,3,6,4,0,8,0,0,0,0,0,2
1182557,1182730,worker,333.95126366615295,False,hdf5,h5_tr_209.py,209,stream,M2,256,1,64,/pscratch/sd/s/satt/sprints/data/converted_10M/mc_normalized_rntuple_10M_29.h5,,auto,,5000,,,,,,,false,true,21,4672608,1,0,5,0.1689467430114746,0.0001537799835205078,21,222505.14285714287,0.6190476190476191,3,6,4,0,8,0,0,0,0,0,2
1182557,1182731,worker,333.9442174434662,False,hdf5,h5_tr_209.py,209,stream,M2,256,1,64,/pscratch/sd/s/satt/sprints/data/converted_10M/mc_normalized_rntuple_10M_29.h5,,auto,,5000,,,,,,,false,true,19,3507568,1,0,5,0.168412446975708,0.00013303756713867188,19,184608.84210526315,0.6842105263157895,3,6,4,0,6,0,0,0,0,0,2
1182557,1182732,worker,333.9404032230377,False,hdf5,h5_tr_209.py,209,stream,M2,256,1,64,/pscratch/sd/s/satt/sprints/data/converted_10M/mc_normalized_rntuple_10M_29.h5,,auto,,5000,,,,,,,false,true,21,4672608,1,0,5,0.15784168243408203,0.0001575946807861328,21,222505.14285714287,0.6190476190476191,3,6,4,0,8,0,0,0,0,0,2
1182557,1182733,worker,333.9371612071991,False,hdf5,h5_tr_209.py,209,stream,M2,256,1,64,/pscratch/sd/s/satt/sprints/data/converted_10M/mc_normalized_rntuple_10M_29.h5,,auto,,5000,,,,,,,false,true,21,4672608,1,0,5,0.16046738624572754,0.0001366138458251953,21,222505.14285714287,0.6190476190476191,3,6,4,0,8,0,0,0,0,0,2
1182557,1182734,worker,333.9352054595947,False,hdf5,h5_tr_209.py,209,stream,M2,256,1,64,/pscratch/sd/s/satt/sprints/data/converted_10M/mc_normalized_rntuple_10M_29.h5,,auto,,5000,,,,,,,false,true,19,3507568,1,0,5,0.15420770645141602,0.00014448165893554688,19,184608.84210526315,0.6842105263157895,3,6,4,0,6,0,0,0,0,0,2
1182557,1182735,worker,333.9298050403595,False,hdf5,h5_tr_209.py,209,stream,M2,256,1,64,/pscratch/sd/s/satt/sprints/data/converted_10M/mc_normalized_rntuple_10M_29.h5,,auto,,5000,,,,,,,false,true,21,4672608,1,0,5,0.1571033000946045,0.00015592575073242188,21,222505.14285714287,0.6190476190476191,3,6,4,0,8,0,0,0,0,0,2
1182557,1182736,worker,333.9144425392151,False,hdf5,h5_tr_209.py,209,stream,M2,256,1,64,/pscratch/sd/s/satt/sprints/data/converted_10M/mc_normalized_rntuple_10M_29.h5,,auto,,5000,,,,,,,false,true,21,4672608,1,0,5,0.1753990650177002,0.00015354156494140625,21,222505.14285714287,0.6190476190476191,3,6,4,0,8,0,0,0,0,0,2
1182557,1182737,worker,333.90877962112427,False,hdf5,h5_tr_209.py,209,stream,M2,256,1,64,/pscratch/sd/s/satt/sprints/data/converted_10M/mc_normalized_rntuple_10M_29.h5,,auto,,5000,,,,,,,false,true,19,3507568,1,0,5,0.15457510948181152,0.00013136863708496094,19,184608.84210526315,0.6842105263157895,3,6,4,0,6,0,0,0,0,0,2
1182557,1182738,worker,333.9031846523285,False,hdf5,h5_tr_209.py,209,stream,M2,256,1,64,/pscratch/sd/s/satt/sprints/data/converted_10M/mc_normalized_rntuple_10M_29.h5,,auto,,5000,,,,,,,false,true,21,4672608,1,0,5,0.1729288101196289,0.00014162063598632812,21,222505.14285714287,0.6190476190476191,3,6,4,0,8,0,0,0,0,0,2
1182557,1182739,worker,333.89433884620667,False,hdf5,h5_tr_209.py,209,stream,M2,256,1,64,/pscratch/sd/s/satt/sprints/data/converted_10M/mc_normalized_rntuple_10M_29.h5,,auto,,5000,,,,,,,false,true,21,4672608,1,0,5,0.16490983963012695,0.00016760826110839844,21,222505.14285714287,0.6190476190476191,3,6,4,0,8,0,0,0,0,0,2
1182557,1182740,worker,333.89116644859314,False,hdf5,h5_tr_209.py,209,stream,M2,256,1,64,/pscratch/sd/s/satt/sprints/data/converted_10M/mc_normalized_rntuple_10M_29.h5,,auto,,5000,,,,,,,false,true,19,3507568,1,0,5,0.1561117172241211,0.00014638900756835938,19,184608.84210526315,0.6842105263157895,3,6,4,0,6,0,0,0,0,0,2
1182557,1182741,worker,333.8846821784973,False,hdf5,h5_tr_209.py,209,stream,M2,256,1,64,/pscratch/sd/s/satt/sprints/data/converted_10M/mc_normalized_rntuple_10M_29.h5,,auto,,5000,,,,,,,false,true,21,4672608,1,0,5,0.16328907012939453,0.00016307830810546875,21,222505.14285714287,0.6190476190476191,3,6,4,0,8,0,0,0,0,0,2
1182557,1182742,worker,333.88325572013855,False,hdf5,h5_tr_209.py,209,stream,M2,256,1,64,/pscratch/sd/s/satt/sprints/data/converted_10M/mc_normalized_rntuple_10M_29.h5,,auto,,5000,,,,,,,false,true,21,4672608,1,0,5,0.17022204399108887,0.0001430511474609375,21,222505.14285714287,0.6190476190476191,3,6,4,0,8,0,0,0,0,0,2
1182557,1182743,worker,333.87206292152405,False,hdf5,h5_tr_209.py,209,stream,M2,256,1,64,/pscratch/sd/s/satt/sprints/data/converted_10M/mc_normalized_rntuple_10M_29.h5,,auto,,5000,,,,,,,false,true,19,3507568,1,0,5,0.1624915599822998,0.00013875961303710938,19,184608.84210526315,0.6842105263157895,3,6,4,0,6,0,0,0,0,0,2
1182557,1182744,worker,333.8723647594452,False,hdf5,h5_tr_209.py,209,stream,M2,256,1,64,/pscratch/sd/s/satt/sprints/data/converted_10M/mc_normalized_rntuple_10M_29.h5,,auto,,5000,,,,,,,false,true,21,4672608,1,0,5,0.15676379203796387,0.0001461505889892578,21,222505.14285714287,0.6190476190476191,3,6,4,0,8,0,0,0,0,0,2
1182557,1182745,worker,333.8650815486908,False,hdf5,h5_tr_209.py,209,stream,M2,256,1,64,/pscratch/sd/s/satt/sprints/data/converted_10M/mc_normalized_rntuple_10M_29.h5,,auto,,5000,,,,,,,false,true,21,4672608,1,0,5,0.16427016258239746,0.00014662742614746094,21,222505.14285714287,0.6190476190476191,3,6,4,0,8,0,0,0,0,0,2
1182557,1182746,worker,333.8494236469269,False,hdf5,h5_tr_209.py,209,stream,M2,256,1,64,/pscratch/sd/s/satt/sprints/data/converted_10M/mc_normalized_rntuple_10M_29.h5,,auto,,5000,,,,,,,false,true,19,3507568,1,0,5,0.1509535312652588,0.00015616416931152344,19,184608.84210526315,0.6842105263157895,3,6,4,0,6,0,0,0,0,0,2
1182557,1182747,worker,333.84882712364197,False,hdf5,h5_tr_209.py,209,stream,M2,256,1,64,/pscratch/sd/s/satt/sprints/data/converted_10M/mc_normalized_rntuple_10M_29.h5,,auto,,5000,,,,,,,false,true,21,4672608,1,0,5,0.16271710395812988,0.00014901161193847656,21,222505.14285714287,0.6190476190476191,3,6,4,0,8,0,0,0,0,0,2
1182557,1182748,worker,333.84284949302673,False,hdf5,h5_tr_209.py,209,stream,M2,256,1,64,/pscratch/sd/s/satt/sprints/data/converted_10M/mc_normalized_rntuple_10M_29.h5,,auto,,5000,,,,,,,false,true,21,4672608,1,0,5,0.16207313537597656,0.00013637542724609375,21,222505.14285714287,0.6190476190476191,3,6,4,0,8,0,0,0,0,0,2
1182557,1182749,worker,333.8367099761963,False,hdf5,h5_tr_209.py,209,stream,M2,256,1,64,/pscratch/sd/s/satt/sprints/data/converted_10M/mc_normalized_rntuple_10M_29.h5,,auto,,5000,,,,,,,false,true,19,3507568,1,0,5,0.1499805450439453,0.00014638900756835938,19,184608.84210526315,0.6842105263157895,3,6,4,0,6,0,0,0,0,0,2
1182557,1182750,worker,333.8331022262573,False,hdf5,h5_tr_209.py,209,stream,M2,256,1,64,/pscratch/sd/s/satt/sprints/data/converted_10M/mc_normalized_rntuple_10M_29.h5,,auto,,5000,,,,,,,false,true,23,4677320,1,0,5,0.16012215614318848,0.00013518333435058594,23,203361.73913043478,0.6521739130434783,3,6,6,0,8,0,0,0,0,0,2
1182557,1182751,worker,333.8282949924469,False,hdf5,h5_tr_209.py,209,stream,M2,256,1,64,/pscratch/sd/s/satt/sprints/data/converted_10M/mc_normalized_rntuple_10M_29.h5,,auto,,5000,,,,,,,false,true,21,4672608,1,0,5,0.16286873817443848,0.00016570091247558594,21,222505.14285714287,0.6190476190476191,3,6,4,0,8,0,0,0,0,0,2
1182557,1182752,worker,333.8169364929199,False,hdf5,h5_tr_209.py,209,stream,M2,256,1,64,/pscratch/sd/s/satt/sprints/data/converted_10M/mc_normalized_rntuple_10M_29.h5,,auto,,5000,,,,,,,false,true,21,4672608,1,0,5,0.17375397682189941,0.00014734268188476562,21,222505.14285714287,0.6190476190476191,3,6,4,0,8,0,0,0,0,0,2
1182557,1182753,worker,333.8197810649872,False,hdf5,h5_tr_209.py,209,stream,M2,256,1,64,/pscratch/sd/s/satt/sprints/data/converted_10M/mc_normalized_rntuple_10M_29.h5,,auto,,5000,,,,,,,false,true,19,3507568,1,0,5,0.17198467254638672,0.00013065338134765625,19,184608.84210526315,0.6842105263157895,3,6,4,0,6,0,0,0,0,0,2
1182557,1182754,worker,333.814284324646,False,hdf5,h5_tr_209.py,209,stream,M2,256,1,64,/pscratch/sd/s/satt/sprints/data/converted_10M/mc_normalized_rntuple_10M_29.h5,,auto,,5000,,,,,,,false,true,21,4672608,1,0,5,0.17273640632629395,0.00013685226440429688,21,222505.14285714287,0.6190476190476191,3,6,4,0,8,0,0,0,0,0,2
1182557,1182755,worker,333.79539012908936,False,hdf5,h5_tr_209.py,209,stream,M2,256,1,64,/pscratch/sd/s/satt/sprints/data/converted_10M/mc_normalized_rntuple_10M_29.h5,,auto,,5000,,,,,,,false,true,21,4672608,1,0,5,0.17229628562927246,0.00019025802612304688,21,222505.14285714287,0.6190476190476191,3,6,4,0,8,0,0,0,0,0,2
1182557,1182756,worker,333.7924406528473,False,hdf5,h5_tr_209.py,209,stream,M2,256,1,64,/pscratch/sd/s/satt/sprints/data/converted_10M/mc_normalized_rntuple_10M_29.h5,,auto,,5000,,,,,,,false,true,19,3507568,1,0,5,0.17001771926879883,0.00014257431030273438,19,184608.84210526315,0.6842105263157895,3,6,4,0,6,0,0,0,0,0,2
1182557,1182757,worker,333.7878062725067,False,hdf5,h5_tr_209.py,209,stream,M2,256,1,64,/pscratch/sd/s/satt/sprints/data/converted_10M/mc_normalized_rntuple_10M_29.h5,,auto,,5000,,,,,,,false,true,21,4672608,1,0,5,0.17717933654785156,0.00013947486877441406,21,222505.14285714287,0.6190476190476191,3,6,4,0,8,0,0,0,0,0,2
1182557,1182758,worker,333.78035712242126,False,hdf5,h5_tr_209.py,209,stream,M2,256,1,64,/pscratch/sd/s/satt/sprints/data/converted_10M/mc_normalized_rntuple_10M_29.h5,,auto,,5000,,,,,,,false,true,21,4672608,1,0,5,0.1594395637512207,0.00014781951904296875,21,222505.14285714287,0.6190476190476191,3,6,4,0,8,0,0,0,0,0,2
1182557,1182759,worker,333.7750403881073,False,hdf5,h5_tr_209.py,209,stream,M2,256,1,64,/pscratch/sd/s/satt/sprints/data/converted_10M/mc_normalized_rntuple_10M_29.h5,,auto,,5000,,,,,,,false,true,19,3507568,1,0,5,0.17550158500671387,0.00014591217041015625,19,184608.84210526315,0.6842105263157895,3,6,4,0,6,0,0,0,0,0,2
1182557,1182760,worker,333.7688400745392,False,hdf5,h5_tr_209.py,209,stream,M2,256,1,64,/pscratch/sd/s/satt/sprints/data/converted_10M/mc_normalized_rntuple_10M_29.h5,,auto,,5000,,,,,,,false,true,21,4672608,1,0,5,0.1718142032623291,0.00014066696166992188,21,222505.14285714287,0.6190476190476191,3,6,4,0,8,0,0,0,0,0,2
1182557,1182761,worker,333.7626554965973,False,hdf5,h5_tr_209.py,209,stream,M2,256,1,64,/pscratch/sd/s/satt/sprints/data/converted_10M/mc_normalized_rntuple_10M_29.h5,,auto,,5000,,,,,,,false,true,21,4672608,1,0,5,0.17023754119873047,0.0001327991485595703,21,222505.14285714287,0.6190476190476191,3,6,4,0,8,0,0,0,0,0,2
1182557,1182762,worker,333.75627088546753,False,hdf5,h5_tr_209.py,209,stream,M2,256,1,64,/pscratch/sd/s/satt/sprints/data/converted_10M/mc_normalized_rntuple_10M_29.h5,,auto,,5000,,,,,,,false,true,19,3507568,1,0,5,0.15954947471618652,0.0001785755157470703,19,184608.84210526315,0.6842105263157895,3,6,4,0,6,0,0,0,0,0,2
1182557,1182763,worker,333.7528192996979,False,hdf5,h5_tr_209.py,209,stream,M2,256,1,64,/pscratch/sd/s/satt/sprints/data/converted_10M/mc_normalized_rntuple_10M_29.h5,,auto,,5000,,,,,,,false,true,21,4672608,1,0,5,0.1612715721130371,0.00014448165893554688,21,222505.14285714287,0.6190476190476191,3,6,4,0,8,0,0,0,0,0,2
1182557,1182764,worker,333.7467768192291,False,hdf5,h5_tr_209.py,209,stream,M2,256,1,64,/pscratch/sd/s/satt/sprints/data/converted_10M/mc_normalized_rntuple_10M_29.h5,,auto,,5000,,,,,,,false,true,21,4672608,1,0,5,0.17184972763061523,0.00014328956604003906,21,222505.14285714287,0.6190476190476191,3,6,4,0,8,0,0,0,0,0,2
1182557,1182765,worker,333.7408564090729,False,hdf5,h5_tr_209.py,209,stream,M2,256,1,64,/pscratch/sd/s/satt/sprints/data/converted_10M/mc_normalized_rntuple_10M_29.h5,,auto,,5000,,,,,,,false,true,19,3507568,1,0,5,0.16675424575805664,0.000141143798828125,19,184608.84210526315,0.6842105263157895,3,6,4,0,6,0,0,0,0,0,2
1182557,1182766,worker,333.72500705718994,False,hdf5,h5_tr_209.py,209,stream,M2,256,1,64,/pscratch/sd/s/satt/sprints/data/converted_10M/mc_normalized_rntuple_10M_29.h5,,auto,,5000,,,,,,,false,true,21,4672608,1,0,5,0.17694616317749023,0.00012826919555664062,21,222505.14285714287,0.6190476190476191,3,6,4,0,8,0,0,0,0,0,2
1182557,1182767,worker,333.72493529319763,False,hdf5,h5_tr_209.py,209,stream,M2,256,1,64,/pscratch/sd/s/satt/sprints/data/converted_10M/mc_normalized_rntuple_10M_29.h5,,auto,,5000,,,,,,,false,true,21,4672608,1,0,5,0.1702876091003418,0.00014972686767578125,21,222505.14285714287,0.6190476190476191,3,6,4,0,8,0,0,0,0,0,2
1182557,1182768,worker,333.72436594963074,False,hdf5,h5_tr_209.py,209,stream,M2,256,1,64,/pscratch/sd/s/satt/sprints/data/converted_10M/mc_normalized_rntuple_10M_29.h5,,auto,,5000,,,,,,,false,true,19,3507568,1,0,5,0.17354154586791992,0.00014328956604003906,19,184608.84210526315,0.6842105263157895,3,6,4,0,6,0,0,0,0,0,2
1182557,1182769,worker,333.7102828025818,False,hdf5,h5_tr_209.py,209,stream,M2,256,1,64,/pscratch/sd/s/satt/sprints/data/converted_10M/mc_normalized_rntuple_10M_29.h5,,auto,,5000,,,,,,,false,true,21,4672608,1,0,5,0.17378830909729004,0.0001316070556640625,21,222505.14285714287,0.6190476190476191,3,6,4,0,8,0,0,0,0,0,2
1182557,1182770,worker,333.714154958725,False,hdf5,h5_tr_209.py,209,stream,M2,256,1,64,/pscratch/sd/s/satt/sprints/data/converted_10M/mc_normalized_rntuple_10M_29.h5,,auto,,5000,,,,,,,false,true,21,4672608,1,0,5,0.1518263816833496,0.0001475811004638672,21,222505.14285714287,0.6190476190476191,3,6,4,0,8,0,0,0,0,0,2
1182557,1182771,worker,333.70535254478455,False,hdf5,h5_tr_209.py,209,stream,M2,256,1,64,/pscratch/sd/s/satt/sprints/data/converted_10M/mc_normalized_rntuple_10M_29.h5,,auto,,5000,,,,,,,false,true,23,4677320,1,0,5,0.15842795372009277,0.0001506805419921875,23,203361.73913043478,0.6521739130434783,3,6,6,0,8,0,0,0,0,0,2
1182557,1182772,worker,333.69411993026733,False,hdf5,h5_tr_209.py,209,stream,M2,256,1,64,/pscratch/sd/s/satt/sprints/data/converted_10M/mc_normalized_rntuple_10M_29.h5,,auto,,5000,,,,,,,false,true,19,3507568,1,0,5,0.14905428886413574,0.000133514404296875,19,184608.84210526315,0.6842105263157895,3,6,4,0,6,0,0,0,0,0,2
1182557,1182773,worker,333.6878297328949,False,hdf5,h5_tr_209.py,209,stream,M2,256,1,64,/pscratch/sd/s/satt/sprints/data/converted_10M/mc_normalized_rntuple_10M_29.h5,,auto,,5000,,,,,,,false,true,21,4672608,1,0,5,0.17583584785461426,0.00012874603271484375,21,222505.14285714287,0.6190476190476191,3,6,4,0,8,0,0,0,0,0,2
1182557,1182774,worker,333.67297172546387,False,hdf5,h5_tr_209.py,209,stream,M2,256,1,64,/pscratch/sd/s/satt/sprints/data/converted_10M/mc_normalized_rntuple_10M_29.h5,,auto,,5000,,,,,,,false,true,21,4672608,1,0,5,0.15085387229919434,0.00013589859008789062,21,222505.14285714287,0.6190476190476191,3,6,4,0,8,0,0,0,0,0,2
1182557,1182775,worker,333.6709246635437,False,hdf5,h5_tr_209.py,209,stream,M2,256,1,64,/pscratch/sd/s/satt/sprints/data/converted_10M/mc_normalized_rntuple_10M_29.h5,,auto,,5000,,,,,,,false,true,19,3507568,1,0,5,0.15541863441467285,0.00014281272888183594,19,184608.84210526315,0.6842105263157895,3,6,4,0,6,0,0,0,0,0,2
1182557,1182776,worker,333.6717917919159,False,hdf5,h5_tr_209.py,209,stream,M2,256,1,64,/pscratch/sd/s/satt/sprints/data/converted_10M/mc_normalized_rntuple_10M_29.h5,,auto,,5000,,,,,,,false,true,21,4672608,1,0,5,0.15495657920837402,0.00014972686767578125,21,222505.14285714287,0.6190476190476191,3,6,4,0,8,0,0,0,0,0,2
1182557,1182777,worker,333.669540643692,False,hdf5,h5_tr_209.py,209,stream,M2,256,1,64,/pscratch/sd/s/satt/sprints/data/converted_10M/mc_normalized_rntuple_10M_29.h5,,auto,,5000,,,,,,,false,true,21,4672608,1,0,5,0.16699552536010742,0.00015282630920410156,21,222505.14285714287,0.6190476190476191,3,6,4,0,8,0,0,0,0,0,2
1182557,1182778,worker,333.66142988204956,False,hdf5,h5_tr_209.py,209,stream,M2,256,1,64,/pscratch/sd/s/satt/sprints/data/converted_10M/mc_normalized_rntuple_10M_29.h5,,auto,,5000,,,,,,,false,true,19,3507568,1,0,5,0.16607141494750977,0.00014519691467285156,19,184608.84210526315,0.6842105263157895,3,6,4,0,6,0,0,0,0,0,2
1182557,1182779,worker,333.65180826187134,False,hdf5,h5_tr_209.py,209,stream,M2,256,1,64,/pscratch/sd/s/satt/sprints/data/converted_10M/mc_normalized_rntuple_10M_29.h5,,auto,,5000,,,,,,,false,true,21,4672608,1,0,5,0.17053580284118652,0.0001513957977294922,21,222505.14285714287,0.6190476190476191,3,6,4,0,8,0,0,0,0,0,2
1182557,1182780,worker,333.643878698349,False,hdf5,h5_tr_209.py,209,stream,M2,256,1,64,/pscratch/sd/s/satt/sprints/data/converted_10M/mc_normalized_rntuple_10M_29.h5,,auto,,5000,,,,,,,false,true,21,4672608,1,0,5,0.16971492767333984,0.0001418590545654297,21,222505.14285714287,0.6190476190476191,3,6,4,0,8,0,0,0,0,0,2
1182557,1182781,worker,333.63794350624084,False,hdf5,h5_tr_209.py,209,stream,M2,256,1,64,/pscratch/sd/s/satt/sprints/data/converted_10M/mc_normalized_rntuple_10M_29.h5,,auto,,5000,,,,,,,false,true,19,3507568,1,0,5,0.16686606407165527,0.0001380443572998047,19,184608.84210526315,0.6842105263157895,3,6,4,0,6,0,0,0,0,0,2
1182557,1182782,worker,333.63344526290894,False,hdf5,h5_tr_209.py,209,stream,M2,256,1,64,/pscratch/sd/s/satt/sprints/data/converted_10M/mc_normalized_rntuple_10M_29.h5,,auto,,5000,,,,,,,false,true,21,4672608,1,0,5,0.16945791244506836,0.00013875961303710938,21,222505.14285714287,0.6190476190476191,3,6,4,0,8,0,0,0,0,0,2
1182557,1182783,worker,333.6246168613434,False,hdf5,h5_tr_209.py,209,stream,M2,256,1,64,/pscratch/sd/s/satt/sprints/data/converted_10M/mc_normalized_rntuple_10M_29.h5,,auto,,5000,,,,,,,false,true,21,4672608,1,0,5,0.16814160346984863,0.00014829635620117188,21,222505.14285714287,0.6190476190476191,3,6,4,0,8,0,0,0,0,0,2
1182557,1182784,worker,333.6198925971985,False,hdf5,h5_tr_209.py,209,stream,M2,256,1,64,/pscratch/sd/s/satt/sprints/data/converted_10M/mc_normalized_rntuple_10M_29.h5,,auto,,5000,,,,,,,false,true,19,3507568,1,0,5,0.16972732543945312,0.00014638900756835938,19,184608.84210526315,0.6842105263157895,3,6,4,0,6,0,0,0,0,0,2
1182557,1182785,worker,333.6161057949066,False,hdf5,h5_tr_209.py,209,stream,M2,256,1,64,/pscratch/sd/s/satt/sprints/data/converted_10M/mc_normalized_rntuple_10M_29.h5,,auto,,5000,,,,,,,false,true,21,4672608,1,0,5,0.1737511157989502,0.00014448165893554688,21,222505.14285714287,0.6190476190476191,3,6,4,0,8,0,0,0,0,0,2
1182557,1182786,worker,333.5959029197693,False,hdf5,h5_tr_209.py,209,stream,M2,256,1,64,/pscratch/sd/s/satt/sprints/data/converted_10M/mc_normalized_rntuple_10M_29.h5,,auto,,5000,,,,,,,false,true,21,4672608,1,0,5,0.15747523307800293,0.0001480579376220703,21,222505.14285714287,0.6190476190476191,3,6,4,0,8,0,0,0,0,0,2
1182557,1182787,worker,333.60322618484497,False,hdf5,h5_tr_209.py,209,stream,M2,256,1,64,/pscratch/sd/s/satt/sprints/data/converted_10M/mc_normalized_rntuple_10M_29.h5,,auto,,5000,,,,,,,false,true,19,3507568,1,0,5,0.17057442665100098,0.00013494491577148438,19,184608.84210526315,0.6842105263157895,3,6,4,0,6,0,0,0,0,0,2
1182557,1182788,worker,333.6000814437866,False,hdf5,h5_tr_209.py,209,stream,M2,256,1,64,/pscratch/sd/s/satt/sprints/data/converted_10M/mc_normalized_rntuple_10M_29.h5,,auto,,5000,,,,,,,false,true,21,4672608,1,0,5,0.1731109619140625,0.00013685226440429688,21,222505.14285714287,0.6190476190476191,3,6,4,0,8,0,0,0,0,0,2
1182557,1182789,worker,333.59221482276917,False,hdf5,h5_tr_209.py,209,stream,M2,256,1,64,/pscratch/sd/s/satt/sprints/data/converted_10M/mc_normalized_rntuple_10M_29.h5,,auto,,5000,,,,,,,false,true,21,4672608,1,0,5,0.1681685447692871,0.00014495849609375,21,222505.14285714287,0.6190476190476191,3,6,4,0,8,0,0,0,0,0,2
1182557,1182790,worker,333.5803003311157,False,hdf5,h5_tr_209.py,209,stream,M2,256,1,64,/pscratch/sd/s/satt/sprints/data/converted_10M/mc_normalized_rntuple_10M_29.h5,,auto,,5000,,,,,,,false,true,19,3507568,1,0,5,0.16942644119262695,0.00014662742614746094,19,184608.84210526315,0.6842105263157895,3,6,4,0,6,0,0,0,0,0,2
1182557,1182791,worker,333.5803790092468,False,hdf5,h5_tr_209.py,209,stream,M2,256,1,64,/pscratch/sd/s/satt/sprints/data/converted_10M/mc_normalized_rntuple_10M_29.h5,,auto,,5000,,,,,,,false,true,21,4672608,1,0,5,0.17022323608398438,0.0001385211944580078,21,222505.14285714287,0.6190476190476191,3,6,4,0,8,0,0,0,0,0,2
1182557,1182792,worker,333.57213258743286,False,hdf5,h5_tr_209.py,209,stream,M2,256,1,64,/pscratch/sd/s/satt/sprints/data/converted_10M/mc_normalized_rntuple_10M_29.h5,,auto,,5000,,,,,,,false,true,23,4677320,1,0,5,0.1688230037689209,0.00011992454528808594,23,203361.73913043478,0.6521739130434783,3,6,6,0,8,0,0,0,0,0,2
1182557,1182793,worker,333.5613474845886,False,hdf5,h5_tr_209.py,209,stream,M2,256,1,64,/pscratch/sd/s/satt/sprints/data/converted_10M/mc_normalized_rntuple_10M_29.h5,,auto,,5000,,,,,,,false,true,21,4672608,1,0,5,0.16647982597351074,0.0001652240753173828,21,222505.14285714287,0.6190476190476191,3,6,4,0,8,0,0,0,0,0,2
1182557,1182794,worker,333.5563507080078,False,hdf5,h5_tr_209.py,209,stream,M2,256,1,64,/pscratch/sd/s/satt/sprints/data/converted_10M/mc_normalized_rntuple_10M_29.h5,,auto,,5000,,,,,,,false,true,19,3507568,1,0,5,0.15285897254943848,0.0001430511474609375,19,184608.84210526315,0.6842105263157895,3,6,4,0,6,0,0,0,0,0,2
1182557,1182795,worker,333.5456418991089,False,hdf5,h5_tr_209.py,209,stream,M2,256,1,64,/pscratch/sd/s/satt/sprints/data/converted_10M/mc_normalized_rntuple_10M_29.h5,,auto,,5000,,,,,,,false,true,21,4672608,1,0,5,0.17072224617004395,0.00014591217041015625,21,222505.14285714287,0.6190476190476191,3,6,4,0,8,0,0,0,0,0,2
1182557,1182796,worker,333.5438108444214,False,hdf5,h5_tr_209.py,209,stream,M2,256,1,64,/pscratch/sd/s/satt/sprints/data/converted_10M/mc_normalized_rntuple_10M_29.h5,,auto,,5000,,,,,,,false,true,21,4672608,1,0,5,0.1552441120147705,0.00014638900756835938,21,222505.14285714287,0.6190476190476191,3,6,4,0,8,0,0,0,0,0,2
1182557,1182797,worker,333.5368421077728,False,hdf5,h5_tr_209.py,209,stream,M2,256,1,64,/pscratch/sd/s/satt/sprints/data/converted_10M/mc_normalized_rntuple_10M_29.h5,,auto,,5000,,,,,,,false,true,19,3507568,1,0,5,0.16962146759033203,0.00012755393981933594,19,184608.84210526315,0.6842105263157895,3,6,4,0,6,0,0,0,0,0,2
1182557,1182798,worker,333.5384724140167,False,hdf5,h5_tr_209.py,209,stream,M2,256,1,64,/pscratch/sd/s/satt/sprints/data/converted_10M/mc_normalized_rntuple_10M_29.h5,,auto,,5000,,,,,,,false,true,21,4672608,1,0,5,0.16777753829956055,0.00014090538024902344,21,222505.14285714287,0.6190476190476191,3,6,4,0,8,0,0,0,0,0,2
1182557,1182799,worker,333.5134632587433,False,hdf5,h5_tr_209.py,209,stream,M2,256,1,64,/pscratch/sd/s/satt/sprints/data/converted_10M/mc_normalized_rntuple_10M_29.h5,,auto,,5000,,,,,,,false,true,21,4672608,1,0,5,0.1674973964691162,0.0006933212280273438,21,222505.14285714287,0.6190476190476191,3,6,4,0,8,0,0,0,0,0,2
1182557,1182800,worker,333.5206813812256,False,hdf5,h5_tr_209.py,209,stream,M2,256,1,64,/pscratch/sd/s/satt/sprints/data/converted_10M/mc_normalized_rntuple_10M_29.h5,,auto,,5000,,,,,,,false,true,19,3507568,1,0,5,0.16031265258789062,0.008511781692504883,19,184608.84210526315,0.6842105263157895,3,6,4,0,6,0,0,0,0,0,2
1182557,1182801,worker,333.51932525634766,False,hdf5,h5_tr_209.py,209,stream,M2,256,1,64,/pscratch/sd/s/satt/sprints/data/converted_10M/mc_normalized_rntuple_10M_29.h5,,auto,,5000,,,,,,,false,true,21,4672608,1,0,5,0.15993523597717285,0.013401269912719727,21,222505.14285714287,0.6190476190476191,3,6,4,0,8,0,0,0,0,0,2
1182557,1182802,worker,333.50529527664185,False,hdf5,h5_tr_209.py,209,stream,M2,256,1,64,/pscratch/sd/s/satt/sprints/data/converted_10M/mc_normalized_rntuple_10M_29.h5,,auto,,5000,,,,,,,false,true,21,4672608,1,0,5,0.1397395133972168,0.03621077537536621,21,222505.14285714287,0.6190476190476191,3,6,4,0,8,0,0,0,0,0,2
1182557,1182803,worker,333.50549936294556,False,hdf5,h5_tr_209.py,209,stream,M2,256,1,64,/pscratch/sd/s/satt/sprints/data/converted_10M/mc_normalized_rntuple_10M_29.h5,,auto,,5000,,,,,,,false,true,19,3507568,1,0,5,0.1443934440612793,0.02157282829284668,19,184608.84210526315,0.6842105263157895,3,6,4,0,6,0,0,0,0,0,2
1182557,1182804,worker,333.4965968132019,False,hdf5,h5_tr_209.py,209,stream,M2,256,1,64,/pscratch/sd/s/satt/sprints/data/converted_10M/mc_normalized_rntuple_10M_29.h5,,auto,,5000,,,,,,,false,true,21,4672608,1,0,5,0.1321556568145752,0.025918006896972656,21,222505.14285714287,0.6190476190476191,3,6,4,0,8,0,0,0,0,0,2
1182557,1182805,worker,333.49076533317566,False,hdf5,h5_tr_209.py,209,stream,M2,256,1,64,/pscratch/sd/s/satt/sprints/data/converted_10M/mc_normalized_rntuple_10M_29.h5,,auto,,5000,,,,,,,false,true,21,4672608,1,0,5,0.15197420120239258,0.021686315536499023,21,222505.14285714287,0.6190476190476191,3,6,4,0,8,0,0,0,0,0,2
1182557,1182806,worker,333.4829077720642,False,hdf5,h5_tr_209.py,209,stream,M2,256,1,64,/pscratch/sd/s/satt/sprints/data/converted_10M/mc_normalized_rntuple_10M_29.h5,,auto,,5000,,,,,,,false,true,19,3507568,1,0,5,0.1371312141418457,0.0297086238861084,19,184608.84210526315,0.6842105263157895,3,6,4,0,6,0,0,0,0,0,2
1182557,1182807,worker,333.46210765838623,False,hdf5,h5_tr_209.py,209,stream,M2,256,1,64,/pscratch/sd/s/satt/sprints/data/converted_10M/mc_normalized_rntuple_10M_29.h5,,auto,,5000,,,,,,,false,true,21,4672608,1,0,5,0.15483546257019043,0.019827604293823242,21,222505.14285714287,0.6190476190476191,3,6,4,0,8,0,0,0,0,0,2
1182557,1182808,worker,333.473185300827,False,hdf5,h5_tr_209.py,209,stream,M2,256,1,64,/pscratch/sd/s/satt/sprints/data/converted_10M/mc_normalized_rntuple_10M_29.h5,,auto,,5000,,,,,,,false,true,21,4672608,1,0,5,0.12656283378601074,0.04277181625366211,21,222505.14285714287,0.6190476190476191,3,6,4,0,8,0,0,0,0,0,2
1182557,1182809,worker,333.4632360935211,False,hdf5,h5_tr_209.py,209,stream,M2,256,1,64,/pscratch/sd/s/satt/sprints/data/converted_10M/mc_normalized_rntuple_10M_29.h5,,auto,,5000,,,,,,,false,true,19,3507568,1,0,5,0.14121627807617188,0.026772022247314453,19,184608.84210526315,0.6842105263157895,3,6,4,0,6,0,0,0,0,0,2
1182557,1182810,worker,333.4485776424408,False,hdf5,h5_tr_209.py,209,stream,M2,256,1,64,/pscratch/sd/s/satt/sprints/data/converted_10M/mc_normalized_rntuple_10M_29.h5,,auto,,5000,,,,,,,false,true,21,4672608,1,0,5,0.14016485214233398,0.026635169982910156,21,222505.14285714287,0.6190476190476191,3,6,4,0,8,0,0,0,0,0,2
1182557,1182811,worker,333.4499201774597,False,hdf5,h5_tr_209.py,209,stream,M2,256,1,64,/pscratch/sd/s/satt/sprints/data/converted_10M/mc_normalized_rntuple_10M_29.h5,,auto,,5000,,,,,,,false,true,21,4672608,1,0,5,0.1604306697845459,0.013355493545532227,21,222505.14285714287,0.6190476190476191,3,6,4,0,8,0,0,0,0,0,2
1182557,1182812,worker,333.44198083877563,False,hdf5,h5_tr_209.py,209,stream,M2,256,1,64,/pscratch/sd/s/satt/sprints/data/converted_10M/mc_normalized_rntuple_10M_29.h5,,auto,,5000,,,,,,,false,true,19,3507568,1,0,5,0.13778948783874512,0.026756763458251953,19,184608.84210526315,0.6842105263157895,3,6,4,0,6,0,0,0,0,0,2
1182557,1182813,worker,333.4372570514679,False,hdf5,h5_tr_209.py,209,stream,M2,256,1,64,/pscratch/sd/s/satt/sprints/data/converted_10M/mc_normalized_rntuple_10M_29.h5,,auto,,5000,,,,,,,false,true,23,4677320,1,0,5,0.13378620147705078,0.03431415557861328,23,203361.73913043478,0.6521739130434783,3,6,6,0,8,0,0,0,0,0,2
1182557,1182814,worker,333.4319040775299,False,hdf5,h5_tr_209.py,209,stream,M2,256,1,64,/pscratch/sd/s/satt/sprints/data/converted_10M/mc_normalized_rntuple_10M_29.h5,,auto,,5000,,,,,,,false,true,21,4672608,1,0,5,0.14111709594726562,0.026906490325927734,21,222505.14285714287,0.6190476190476191,3,6,4,0,8,0,0,0,0,0,2
1182557,1182815,worker,333.41564774513245,False,hdf5,h5_tr_209.py,209,stream,M2,256,1,64,/pscratch/sd/s/satt/sprints/data/converted_10M/mc_normalized_rntuple_10M_29.h5,,auto,,5000,,,,,,,false,true,21,4672608,1,0,5,0.133955717086792,0.03367352485656738,21,222505.14285714287,0.6190476190476191,3,6,4,0,8,0,0,0,0,0,2
1182557,1182816,worker,333.40452098846436,False,hdf5,h5_tr_209.py,209,stream,M2,256,1,64,/pscratch/sd/s/satt/sprints/data/converted_10M/mc_normalized_rntuple_10M_29.h5,,auto,,5000,,,,,,,false,true,19,3507568,1,0,5,0.13440871238708496,0.029711008071899414,19,184608.84210526315,0.6842105263157895,3,6,4,0,6,0,0,0,0,0,2
1182557,1182817,worker,333.411563873291,False,hdf5,h5_tr_209.py,209,stream,M2,256,1,64,/pscratch/sd/s/satt/sprints/data/converted_10M/mc_normalized_rntuple_10M_29.h5,,auto,,5000,,,,,,,false,true,21,4672608,1,0,5,0.133774995803833,0.03562307357788086,21,222505.14285714287,0.6190476190476191,3,6,4,0,8,0,0,0,0,0,2
1182557,1182818,worker,333.4091818332672,False,hdf5,h5_tr_209.py,209,stream,M2,256,1,64,/pscratch/sd/s/satt/sprints/data/converted_10M/mc_normalized_rntuple_10M_29.h5,,auto,,5000,,,,,,,false,true,21,4672608,1,0,5,0.13136506080627441,0.03543448448181152,21,222505.14285714287,0.6190476190476191,3,6,4,0,8,0,0,0,0,0,2
1182557,1182819,worker,333.3994915485382,False,hdf5,h5_tr_209.py,209,stream,M2,256,1,64,/pscratch/sd/s/satt/sprints/data/converted_10M/mc_normalized_rntuple_10M_29.h5,,auto,,5000,,,,,,,false,true,19,3507568,1,0,5,0.13871097564697266,0.024112462997436523,19,184608.84210526315,0.6842105263157895,3,6,4,0,6,0,0,0,0,0,2
1182557,1182820,worker,333.3925428390503,False,hdf5,h5_tr_209.py,209,stream,M2,256,1,64,/pscratch/sd/s/satt/sprints/data/converted_10M/mc_normalized_rntuple_10M_29.h5,,auto,,5000,,,,,,,false,true,21,4672608,1,0,5,0.12044095993041992,0.04541516304016113,21,222505.14285714287,0.6190476190476191,3,6,4,0,8,0,0,0,0,0,2
1182557,1182821,worker,333.3884971141815,False,hdf5,h5_tr_209.py,209,stream,M2,256,1,64,/pscratch/sd/s/satt/sprints/data/converted_10M/mc_normalized_rntuple_10M_29.h5,,auto,,5000,,,,,,,false,true,21,4672608,1,0,5,0.1279609203338623,0.03766155242919922,21,222505.14285714287,0.6190476190476191,3,6,4,0,8,0,0,0,0,0,2
1182557,1182822,worker,333.37903928756714,False,hdf5,h5_tr_209.py,209,stream,M2,256,1,64,/pscratch/sd/s/satt/sprints/data/converted_10M/mc_normalized_rntuple_10M_29.h5,,auto,,5000,,,,,,,false,true,19,3507568,1,0,5,0.1341845989227295,0.027524948120117188,19,184608.84210526315,0.6842105263157895,3,6,4,0,6,0,0,0,0,0,2
1182557,1182823,worker,333.37305092811584,False,hdf5,h5_tr_209.py,209,stream,M2,256,1,64,/pscratch/sd/s/satt/sprints/data/converted_10M/mc_normalized_rntuple_10M_29.h5,,auto,,5000,,,,,,,false,true,21,4672608,1,0,5,0.13272309303283691,0.037629127502441406,21,222505.14285714287,0.6190476190476191,3,6,4,0,8,0,0,0,0,0,2
1182557,1182824,worker,333.3699629306793,False,hdf5,h5_tr_209.py,209,stream,M2,256,1,64,/pscratch/sd/s/satt/sprints/data/converted_10M/mc_normalized_rntuple_10M_29.h5,,auto,,5000,,,,,,,false,true,21,4672608,1,0,5,0.13408160209655762,0.030981063842773438,21,222505.14285714287,0.6190476190476191,3,6,4,0,8,0,0,0,0,0,2
1182557,1182825,worker,333.3464639186859,False,hdf5,h5_tr_209.py,209,stream,M2,256,1,64,/pscratch/sd/s/satt/sprints/data/converted_10M/mc_normalized_rntuple_10M_29.h5,,auto,,5000,,,,,,,false,true,19,3507568,1,0,5,0.13910555839538574,0.023550033569335938,19,184608.84210526315,0.6842105263157895,3,6,4,0,6,0,0,0,0,0,2
1182557,1182826,worker,333.34401750564575,False,hdf5,h5_tr_209.py,209,stream,M2,256,1,64,/pscratch/sd/s/satt/sprints/data/converted_10M/mc_normalized_rntuple_10M_29.h5,,auto,,5000,,,,,,,false,true,21,4672608,1,0,5,0.131422758102417,0.033883094787597656,21,222505.14285714287,0.6190476190476191,3,6,4,0,8,0,0,0,0,0,2
1182557,1182827,worker,333.3483033180237,False,hdf5,h5_tr_209.py,209,stream,M2,256,1,64,/pscratch/sd/s/satt/sprints/data/converted_10M/mc_normalized_rntuple_10M_29.h5,,auto,,5000,,,,,,,false,true,21,4672608,1,0,5,0.1282804012298584,0.04261636734008789,21,222505.14285714287,0.6190476190476191,3,6,4,0,8,0,0,0,0,0,2
1182557,1182828,worker,333.34351682662964,False,hdf5,h5_tr_209.py,209,stream,M2,256,1,64,/pscratch/sd/s/satt/sprints/data/converted_10M/mc_normalized_rntuple_10M_29.h5,,auto,,5000,,,,,,,false,true,19,3507568,1,0,5,0.14200949668884277,0.00845789909362793,19,184608.84210526315,0.6842105263157895,3,6,4,0,6,0,0,0,0,0,2
1182557,1182829,worker,333.3334515094757,False,hdf5,h5_tr_209.py,209,stream,M2,256,1,64,/pscratch/sd/s/satt/sprints/data/converted_10M/mc_normalized_rntuple_10M_29.h5,,auto,,5000,,,,,,,false,true,21,4672608,1,0,5,0.13777875900268555,0.009001970291137695,21,222505.14285714287,0.6190476190476191,3,6,4,0,8,0,0,0,0,0,2
1182557,1182830,worker,333.3309338092804,False,hdf5,h5_tr_209.py,209,stream,M2,256,1,64,/pscratch/sd/s/satt/sprints/data/converted_10M/mc_normalized_rntuple_10M_29.h5,,auto,,5000,,,,,,,false,true,21,4672608,1,0,5,0.13144946098327637,0.03324770927429199,21,222505.14285714287,0.6190476190476191,3,6,4,0,8,0,0,0,0,0,2
1182557,1182831,worker,333.3241226673126,False,hdf5,h5_tr_209.py,209,stream,M2,256,1,64,/pscratch/sd/s/satt/sprints/data/converted_10M/mc_normalized_rntuple_10M_29.h5,,auto,,5000,,,,,,,false,true,19,3507568,1,0,5,0.1301121711730957,0.0303189754486084,19,184608.84210526315,0.6842105263157895,3,6,4,0,6,0,0,0,0,0,2
1182557,1182832,worker,333.31334805488586,False,hdf5,h5_tr_209.py,209,stream,M2,256,1,64,/pscratch/sd/s/satt/sprints/data/converted_10M/mc_normalized_rntuple_10M_29.h5,,auto,,5000,,,,,,,false,true,21,4672608,1,0,5,0.12742352485656738,0.03844118118286133,21,222505.14285714287,0.6190476190476191,3,6,4,0,8,0,0,0,0,0,2
1182557,1182833,worker,333.30821323394775,False,hdf5,h5_tr_209.py,209,stream,M2,256,1,64,/pscratch/sd/s/satt/sprints/data/converted_10M/mc_normalized_rntuple_10M_29.h5,,auto,,5000,,,,,,,false,true,21,4672608,1,0,5,0.14615774154663086,0.024934768676757812,21,222505.14285714287,0.6190476190476191,3,6,4,0,8,0,0,0,0,0,2
1182557,1182834,worker,333.3026876449585,False,hdf5,h5_tr_209.py,209,stream,M2,256,1,64,/pscratch/sd/s/satt/sprints/data/converted_10M/mc_normalized_rntuple_10M_29.h5,,auto,,5000,,,,,,,false,true,19,3507568,1,0,5,0.12331676483154297,0.03959798812866211,19,184608.84210526315,0.6842105263157895,3,6,4,0,6,0,0,0,0,0,2
1182557,1182835,worker,333.2941265106201,False,hdf5,h5_tr_209.py,209,stream,M2,256,1,64,/pscratch/sd/s/satt/sprints/data/converted_10M/mc_normalized_rntuple_10M_29.h5,,auto,,5000,,,,,,,false,true,21,4672608,1,0,5,0.13472557067871094,0.028969526290893555,21,222505.14285714287,0.6190476190476191,3,6,4,0,8,0,0,0,0,0,2
